Date,GTFRF2Y,30MA,S/S_A,S_U,S_L,s,Leakage Ratio,kappa,kappa_SE,kappa_lb,kappa_ub,kappa_z,theta,theta_SE,theta_lb,theta_ub,theta_z,sigma,sigma_SE,sigma_lb,sigma_ub,sigma_z
2005-02-11,2.494,2.3434,1.064265596995818,6.5908125,0.0,0.4754674014590254,,,,,,,,,,,,,,,,
2005-02-14,2.513,2.3481666666666663,1.070196607282277,6.604218749999999,0.0,0.4788657408219095,,,,,,,,,,,,,,,,
2005-02-15,2.545,2.353333333333333,1.081444759206799,6.61875,0.0,0.4853425791979453,,,,,,,,,,,,,,,,
2005-02-16,2.5540000000000003,2.3591,1.0826162519604936,6.63496875,0.0,0.4860195589437403,,,,,,,,,,,,,,,,
2005-02-17,2.5639999999999996,2.3664,1.083502366463827,6.655499999999999,0.0,0.4865319295196373,,,,,,,,,,,,,,,,
2005-02-18,2.614,2.3755333333333333,1.1003844750652487,6.681187499999997,0.0,0.4963440125696663,,,,,,,,,,,,,,,,
2005-02-21,2.634,2.3858333333333333,1.1040167656304578,6.710156249999999,0.0,0.4984677880756899,,,,,,,,,,,,,,,,
2005-02-22,2.6180000000000003,2.3953,1.0929737402413064,6.736781249999997,0.0,0.4920249450159408,,,,,,,,,,,,,,,,
2005-02-23,2.603,2.404233333333333,1.0826736173693627,6.761906249999997,0.0,0.4860527209178411,,,,,,,,,,,,,,,,
2005-02-24,2.616,2.4151333333333325,1.083170011317526,6.792562499999997,0.0,0.4863397238158234,,,,,,,,,,,,,,,,
2005-02-25,2.62,2.425866666666666,1.0800263823238434,6.822749999999997,0.0,0.4845235434571131,,,,,,,,,,,,,,,,
2005-02-28,2.617,2.4365333333333328,1.074066980409325,6.852749999999999,0.0,0.4810896235086242,,,,,,,,,,,,,,,,
2005-03-01,2.611,2.4468333333333327,1.0670935222396298,6.881718749999997,0.0,0.4770863004574935,,,,,,,,,,,,,,,,
2005-03-02,2.62,2.4575,1.066124109867752,6.91171875,0.0,0.4765310468393426,,,,,,,,,,,,,,,,
2005-03-03,2.5980000000000003,2.4666,1.0532717100462177,6.937312499999999,0.0,0.4691985262544359,,,,,,,,,,,,,,,,
2005-03-04,2.5540000000000003,2.4748999999999994,1.0319608873085784,6.960656249999999,0.0,0.457157576784549,,,,,,,,,,,,,,,,
2005-03-07,2.52,2.482666666666666,1.0150375939849627,6.982499999999997,0.0,0.4476978717314373,,,,,,,,,,,,,,,,
2005-03-08,2.533,2.490733333333333,1.016969567195739,7.005187499999997,0.0,0.4487732835029825,,,,,,,,,,,,,,,,
2005-03-09,2.563,2.4994999999999994,1.0254050810162036,7.029843749999999,0.0,0.4534824163767454,,,,,,,,,,,,,,,,
2005-03-10,2.5669999999999997,2.5076333333333327,1.0236743808903483,7.052718749999999,0.0,0.4525144417013838,,,,,,,,,,,,,,,,
2005-03-11,2.553,2.5165333333333333,1.0144908339514678,7.077749999999997,0.0,0.4473937335805713,,,,,,,,,,,,,,,,
2005-03-14,2.571,2.525799999999999,1.0178953202945606,7.103812499999997,0.0,0.449289003992785,,,,,,,,,,,,,,,,
2005-03-15,2.546,2.534166666666666,1.0046695166063797,7.127343749999998,0.0,0.4419462691411653,,,,,,,,,,,,,,,,
2005-03-16,2.572,2.5429666666666657,1.011417111248018,7.152093749999998,0.0,0.44568567865786574,,,,,,,,,,,,,,,,
2005-03-17,2.5839999999999996,2.5516666666666663,1.012671456564337,7.1765624999999975,0.0,0.44638236081219,,,,,,,,,,,,,,,,
2005-03-18,2.602,2.561833333333333,1.0156788758050876,7.205156249999999,0.0,0.4480547060332054,,,,,,,,,,,,,,,,
2005-03-21,2.5860000000000003,2.5708666666666664,1.0058864714882143,7.2305625,0.0,0.4426196534424917,,,,,,,,,,,,,,,,
2005-03-22,2.559,2.5713666666666666,0.9951906249594898,7.23196875,0.0,0.4367167256644803,,,,,,,,,,,,,,,,
2005-03-23,2.5980000000000003,2.574033333333333,1.0093109387342825,7.239468749999999,0.0,0.4445169695356495,,,,,,,,,,,,,,,,
2005-03-24,2.591,2.5773333333333333,1.005302638385929,7.2487499999999985,0.0,0.4422965412901872,,,,,,,,,,,,,,,,
2005-03-25,2.59,2.5805333333333333,1.0036684923013333,7.257749999999999,0.0,0.4413927065837165,,,,,,,,,,,,,,,,
2005-03-28,2.591,2.583133333333332,1.0030453970629991,7.265062499999996,0.0,0.4410482920043045,,,,,,,,,,,,,,,,
2005-03-29,2.5869999999999997,2.5845333333333325,1.0009543953776312,7.2689999999999975,0.0,0.4398933614337796,,,,,,,,,,,,,,,,
2005-03-30,2.548,2.5843333333333325,0.9859409260931256,7.268437499999997,0.0,0.4316398581193364,,,,,,,,,,,,,,,,
2005-03-31,2.491,2.581899999999999,0.9647933692242152,7.261593749999998,0.0,0.4201285564932974,,,,,,,,,,,,,,,,
2005-04-01,2.469,2.5770666666666657,0.9580660182119208,7.2479999999999976,0.0,0.4164942491446572,,,,,,,,,,,,,,,,
2005-04-04,2.458,2.5711999999999997,0.9559738643434976,7.231499999999998,0.0,0.4153666950756991,,,,,,,,,,,,,,,,
2005-04-05,2.464,2.5660666666666656,0.9602244680574684,7.217062499999997,0.0,0.4176588670255661,,,,,,,,,,,,,,,,
2005-04-06,2.448,2.5608999999999997,0.9559139365066972,7.202531249999998,0.0,0.4153344160420519,,,,,,,,,,,,,,,,
2005-04-07,2.4090000000000003,2.5539999999999994,0.9432263116679721,7.183124999999999,0.0,0.4085238140731042,,,,,,,,,,,,,,,,
2005-04-08,2.4090000000000003,2.5469666666666657,0.94583098849612,7.1633437499999975,0.0,0.4099182022955409,,,,,,,,,,,,,,,,
2005-04-11,2.396,2.539599999999999,0.9434556623090252,7.142624999999998,0.0,0.4086465166573917,,,,,,,,,,,,,,,,
2005-04-12,2.4019999999999997,2.532633333333332,0.9484199581463302,7.123031249999998,0.0,0.41130611128045225,,,,,,,,,,,,,,,,
2005-04-13,2.387,2.5248666666666657,0.9453964565785656,7.101187499999997,0.0,0.4096854447222691,,,,,,,,,,,,,,,,
2005-04-14,2.387,2.5178333333333325,0.9480373336863708,7.081406249999998,0.0,0.4111008705248808,,,,,,,,,,,,,,,,
2005-04-15,2.343,2.5107999999999997,0.9331687111677556,7.061624999999998,0.0,0.4031577513936738,,,,,,,,,,,,,,,,
2005-04-18,2.319,2.5041,0.9260812267880678,7.042781249999997,0.0,0.3993935649067752,,,,,,,,,,,,,,,,
2005-04-19,2.301,2.496366666666666,0.9217395948778896,7.021031249999997,0.0,0.39709468861986336,,,,,,,,,,,,,,,,
2005-04-20,2.307,2.4878333333333327,0.9273129228914052,6.997031249999997,0.0,0.4000467064045902,,,,,,,,,,,,,,,,
2005-04-21,2.322,2.4796666666666662,0.9364161849710984,6.974062499999999,0.0,0.4048872404237798,,,,,,,,,,,,,,,,
2005-04-22,2.309,2.471533333333333,0.9342378550427536,6.951187499999999,0.0,0.4037268091816905,,,,,,,,,,,,,,,,
2005-04-25,2.306,2.4626999999999994,0.9363706500994844,6.926343749999997,0.0,0.4048629694830765,,,,,,,,,,,,,,,,
2005-04-26,2.309,2.454799999999999,0.9406061593612518,6.904124999999998,0.0,0.4071231001436556,,,,,,,,,,,,,,,,
2005-04-27,2.281,2.445099999999999,0.9328861805243144,6.876843749999997,0.0,0.4030074269617746,,,,,,,,,,,,,,,,
2005-04-28,2.255,2.4341333333333326,0.9264077563540756,6.845999999999997,0.0,0.39956667484090863,,,,,,,,,,,,,,,,
2005-04-29,2.246,2.422266666666665,0.9272306930148076,6.812624999999998,0.0,0.4000030884081285,,,,,,,,,,,,,,,,
2005-05-02,2.246,2.410933333333332,0.9315894259484576,6.780749999999998,0.0,0.4023177600475069,,,,,,,,,,,,,,,,
2005-05-03,2.222,2.3996999999999984,0.9259490769679548,6.749156249999995,0.0,0.3993235140816659,,,,,,,,,,,,,,,,
2005-05-04,2.242,2.387833333333332,0.9389265024080412,6.7157812499999965,0.0,0.40622619894862255,,,,,,,,,,,,,,,,
2005-05-05,2.227,2.3757,0.9374079218756579,6.681656249999998,0.0,0.4054160009809567,,,,,,,,,,,,,,,,
2005-05-06,2.266,2.364899999999999,0.9581800498964019,6.651281249999998,0.0,0.4165557424044481,,,,,,,,,,,,,,,,
2005-05-09,2.249,2.353499999999999,0.9555980454642028,6.619218749999997,0.0,0.415164284326682,,,,,,,,,,,,,,,,
2005-05-10,2.213,2.3410333333333324,0.945309051558429,6.584156249999998,0.0,0.4096386326562455,,,,,,,,,,,,,,,,
2005-05-11,2.204,2.3295666666666652,0.94609870219068,6.5519062499999965,0.0,0.4100616304513679,,,,,,,,,,,,,,,,
2005-05-12,2.2230000000000003,2.320633333333332,0.9579281517976421,6.526781249999996,0.0,0.41641990770619,,,,,,,,,,,,,,,,
2005-05-13,2.2319999999999998,2.312733333333332,0.9650918105560524,6.504562499999998,0.0,0.420290089407432,,,,,,,,,,,,,,,,
2005-05-16,2.227,2.3050333333333324,0.9661465488568498,6.482906249999997,0.0,0.4208611811194012,,,,,,,,,,,,,,,,
2005-05-17,2.221,2.2969333333333326,0.9669414291519132,6.460124999999998,0.0,0.4212917874299582,,,,,,,,,,,,,,,,
2005-05-18,2.218,2.289266666666666,0.968869215760506,6.438562499999998,0.0,0.4223368879105831,,,,,,,,,,,,,,,,
2005-05-19,2.239,2.2835999999999994,0.98046943422666,6.422624999999997,0.0,0.4286488170436887,,,,,,,,,,,,,,,,
2005-05-20,2.271,2.278999999999999,0.9964896884598512,6.409687499999998,0.0,0.4374318092066827,,,,,,,,,,,,,,,,
2005-05-23,2.256,2.2743333333333324,0.9919390297523086,6.396562499999997,0.0,0.4349290885227084,,,,,,,,,,,,,,,,
2005-05-24,2.211,2.267966666666666,0.9748820529402258,6.378656249999998,0.0,0.4256036286096338,,,,,,,,,,,,,,,,
2005-05-25,2.184,2.261199999999999,0.965858836016275,6.359624999999998,0.0,0.4207053656519327,,,,,,,,,,,,,,,,
2005-05-26,2.189,2.254599999999999,0.9709039297436356,6.341062499999998,0.0,0.4234411424220277,,,,,,,,,,,,,,,,
2005-05-27,2.182,2.2492333333333323,0.9701083332098348,6.325968749999998,0.0,0.42300922103522776,,,,,,,,,,,,,,,,
2005-05-30,2.1830000000000003,2.2446999999999995,0.9725130306945252,6.313218749999997,0.0,0.4243152778339197,,,,,,,,,,,,,,,,
2005-05-31,2.142,2.239399999999999,0.956506207019738,6.298312499999998,0.0,0.4156534774715498,,,,,,,,,,,,,,,,
2005-06-01,2.086,2.2320333333333324,0.9345738564238888,6.277593749999998,0.0,0.4039057146870707,,,,,,,,,,,,,,,,
2005-06-02,2.099,2.2245999999999992,0.9435404117594178,6.256687499999997,0.0,0.40869186142004377,,,,,,,,,,,,,,,,
2005-06-03,2.113,2.2180666666666657,0.9526314207568156,6.2383124999999975,0.0,0.41356793862257263,,,,,,,,,,,,,,,,
2005-06-06,2.088,2.210799999999999,0.944454496110006,6.217874999999998,0.0,0.4091810683364289,,,,,,,,,,,,,,,,
2005-06-07,2.045,2.201999999999999,0.9287011807447778,6.1931249999999975,0.0,0.40078338091297455,,,,,,,,,,,,,,,,
2005-06-08,2.0269999999999997,2.1935333333333324,0.9240798711363708,6.1693124999999975,0.0,0.3983331986812817,,,,,,,,,,,,,,,,
2005-06-09,2.0380000000000003,2.1862999999999992,0.932168503864978,6.148968749999996,0.0,0.4026256785011933,,,,,,,,,,,,,,,,
2005-06-10,2.07,2.1804333333333323,0.9493525751761884,6.1324687499999975,0.0,0.4118065460178865,,,,,,,,,,,,,,,,
2005-06-13,2.066,2.174433333333333,0.9501326015973512,6.115593749999998,0.0,0.4122252942819909,,,,,,,,,,,,,,,,
2005-06-14,2.079,2.1696666666666657,0.9582117068674147,6.102187499999998,0.0,0.4165728145614071,,,,,,,,,,,,,,,,
2005-06-15,2.136,2.1661333333333324,0.9860888834174572,6.092249999999997,0.0,0.4317208647066869,,,,,,,,,,,,,,,,
2005-06-16,2.147,2.163466666666665,0.9923887587822018,6.084749999999998,0.0,0.4351761467614395,,,,,,,,,,,,,,,,
2005-06-17,2.137,2.1591666666666653,0.9897336935546128,6.072656249999996,0.0,0.4337184717981845,,,,,,,,,,,,,,,,
2005-06-20,2.092,2.1539333333333324,0.9712464019313508,6.057937499999998,0.0,0.4236271245931968,,,,,,,,,,,,,,,,
2005-06-21,2.0380000000000003,2.148099999999999,0.9487454029142038,6.041531249999998,0.0,0.41148071385820667,,,,,,,,,,,,,,,,
2005-06-22,1.994,2.1411,0.9312969968707676,6.021843749999998,0.0,0.4021623000528632,,,,,,,,,,,,,,,,
2005-06-23,2.012,2.134066666666666,0.9428009121864359,6.002062499999997,0.0,0.4082962652200687,,,,,,,,,,,,,,,,
2005-06-24,2.013,2.1267666666666663,0.9465072175289564,5.981531249999999,0.0,0.4102805330276345,,,,,,,,,,,,,,,,
2005-06-27,1.99,2.118866666666666,0.9391813233489604,5.9593124999999985,0.0,0.4063622161754133,,,,,,,,,,,,,,,,
2005-06-28,2.03,2.112499999999999,0.9609467455621306,5.941406249999997,0.0,0.4180488837112582,,,,,,,,,,,,,,,,
2005-06-29,2.033,2.1063333333333323,0.9651843646146546,5.924062499999998,0.0,0.42034019007151946,,,,,,,,,,,,,,,,
2005-06-30,2.01,2.098699999999999,0.9577357411731074,5.902593749999998,0.0,0.4163161637373744,,,,,,,,,,,,,,,,
2005-07-01,2.055,2.091499999999999,0.9825484102318915,5.882343749999998,0.0,0.4297842547057429,,,,,,,,,,,,,,,,
2005-07-04,2.093,2.086066666666666,1.003323639385127,5.8670624999999985,0.0,0.4412020752032429,,,,,,,,,,,,,,,,
2005-07-05,2.144,2.0838333333333328,1.0288730704630893,5.860781249999999,0.0,0.45542487545613797,,,,,,,,,,,,,,,,
2005-07-06,2.151,2.0827333333333327,1.032777439902692,5.857687499999997,0.0,0.4576162804886459,,,,,,,,,,,,,,,,
2005-07-07,2.1,2.079766666666666,1.0097286554581446,5.849343749999997,0.0,0.4447486507959639,,,,,,,,,,,,,,,,
2005-07-08,2.1319999999999997,2.078099999999999,1.0259371541311777,5.844656249999997,0.0,0.4537801914598208,,,,,,,,,,,,,,,,
2005-07-11,2.166,2.0775333333333323,1.0425825498186958,5.843062499999998,0.0,0.46314086034804797,,,,,,,,,,,,,,,,
2005-07-12,2.171,2.078499999999999,1.04450324753428,5.845781249999997,0.0,0.4642266401574299,,,,,,,,,,,,,,,,
2005-07-13,2.187,2.0818666666666656,1.0504995516843862,5.855249999999997,0.0,0.4676239855809341,,,,,,,,,,,,,,,,
2005-07-14,2.201,2.0852666666666653,1.0555004955401397,5.8648124999999975,0.0,0.4704662403632616,,,,,,,,,,,,,,,,
2005-07-15,2.202,2.0882333333333323,1.0544798633613746,5.873156249999997,0.0,0.4698855140449702,,,,,,,,,,,,,,,,
2005-07-18,2.1919999999999997,2.0916999999999986,1.047951427068892,5.882906249999996,0.0,0.4661788759036894,,,,,,,,,,,,,,,,
2005-07-19,2.205,2.0970333333333318,1.051485431800481,5.8979062499999975,0.0,0.4681836653649871,,,,,,,,,,,,,,,,
2005-07-20,2.21,2.1031333333333317,1.0508130725584055,5.915062499999998,0.0,0.4678019360296621,,,,,,,,,,,,,,,,
2005-07-21,2.1959999999999997,2.1083999999999983,1.0415480933409231,5.9298749999999965,0.0,0.4625565651352326,,,,,,,,,,,,,,,,
2005-07-22,2.1630000000000003,2.1114999999999977,1.02439024390244,5.938593749999996,0.0,0.4529147078211527,,,,,,,,,,,,,,,,
2005-07-25,2.16,2.1146333333333316,1.0214536799129883,5.947406249999995,0.0,0.4512737820912486,,,,,,,,,,,,,,,,
2005-07-26,2.186,2.118199999999998,1.032008308941555,5.957437499999995,0.0,0.4571842104395736,,,,,,,,,,,,,,,,
2005-07-27,2.181,2.1196999999999977,1.0289191866773608,5.9616562499999946,0.0,0.4554507310931507,,,,,,,,,,,,,,,,
2005-07-28,2.2,2.1214666666666653,1.037018414933066,5.966624999999995,0.0,0.4600020658718951,,,,,,,,,,,,,,,,
2005-07-29,2.219,2.124199999999998,1.0446285660483956,5.974312499999994,0.0,0.4642975243123594,,,,,,,,,,,,,,,,
2005-08-01,2.25,2.1294666666666653,1.0566025921983604,5.989124999999995,0.0,0.471093697827517,,,,,,,,,,,,,,,,
2005-08-02,2.2640000000000002,2.1369999999999982,1.0594291062236791,6.010312499999995,0.0,0.4727047210079626,,,,,,,,,,,,,,,,
2005-08-03,2.251,2.145566666666665,1.049140087311822,6.034406249999996,0.0,0.4668527370839072,,,,,,,,,,,,,,,,
2005-08-04,2.262,2.1538999999999984,1.0501880310135112,6.057843749999996,0.0,0.4674472017804077,,,,,,,,,,,,,,,,
2005-08-05,2.295,2.1632999999999982,1.0608792123145203,6.0842812499999965,0.0,0.4735322438290219,,,,,,,,,,,,,,,,
2005-08-08,2.292,2.173366666666665,1.054585052376498,6.112593749999998,0.0,0.469945349629322,,,,,,,,,,,,,,,,
2005-08-09,2.305,2.1825333333333314,1.0561121632353847,6.138374999999996,0.0,0.470814432943253,,,,,,,,,,,,,,,,
2005-08-10,2.293,2.191199999999999,1.0464585615188031,6.162749999999997,0.0,0.4653332010254204,,,,,,,,,,,,,,,,
2005-08-11,2.28,2.2001999999999984,1.036269430051814,6.1880624999999965,0.0,0.4595803059658751,,,,,,,,,,,,,,,,
2005-08-12,2.233,2.206133333333332,1.012178169950442,6.204749999999996,0.0,0.4461083241382694,,,,,,,,,,,,,,,,
2005-08-15,2.2119999999999997,2.2100999999999984,1.0008596896068058,6.215906249999995,0.0,0.4398410838123334,,,,,,,,,,,,,,,,
2005-08-16,2.181,2.211333333333332,0.9862827856496844,6.219374999999994,0.0,0.4318270360522725,,,,,,,,,,,,,,,,
2005-08-17,2.18,2.2122999999999986,0.9853998101523308,6.222093749999996,0.0,0.4313436531885049,,,,,,,,,,,,,,,,
2005-08-18,2.164,2.214433333333332,0.9772251742356968,6.2280937499999975,0.0,0.4268795284293488,,,,,,,,,,,,,,,,
2005-08-19,2.173,2.2157999999999998,0.9806841772723176,6.231937499999997,0.0,0.4287660397780137,,,,,,,,,,,,,,,,
2005-08-22,2.171,2.2159666666666658,0.9797078776756571,6.232406249999998,0.0,0.42823321354699695,,,,,,,,,,,,,,,,
2005-08-23,2.187,2.2164999999999986,0.9866907286262132,6.233906249999996,0.0,0.4320504424157368,,,,,,,,,,,,,,,,
2005-08-24,2.1959999999999997,2.2167999999999988,0.9906171057380012,6.2347499999999965,0.0,0.43420324394059945,,,,,,,,,,,,,,,,
2005-08-25,2.17,2.2157666666666658,0.9793449972169156,6.231843749999998,0.0,0.4280352399006005,,,,,,,,,,,,,,,,
2005-08-26,2.202,2.2157666666666658,0.9937869510929254,6.231843749999998,0.0,0.4359446325513848,,,,,,,,,,,,,,,,
2005-08-29,2.213,2.216466666666666,0.9984359491081906,6.233812499999997,0.0,0.4385041072592897,,,,,,,,,,,,,,,,
2005-08-30,2.213,2.216733333333332,0.9983158401251097,6.2345624999999965,0.0,0.4384378995600656,,,,,,,,,,,,,,,,
2005-08-31,2.174,2.2155333333333327,0.9812535732554992,6.231187499999997,0.0,0.4290769250150036,,,,,,,,,,,,,,,,
2005-09-01,2.123,2.2130999999999994,0.9592878767339934,6.224343749999997,0.0,0.4171533511903676,,,,,,,,,,,,,,,,
2005-09-02,2.112,2.2114,0.9550510988514068,6.2195624999999986,0.0,0.4148697797750121,,,,,,,,,,,,,,,,
2005-09-05,2.1069999999999998,2.209633333333333,0.9535518713512046,6.21459375,0.0,0.4140629620052696,,,,,,,,,,,,,,,,
2005-09-06,2.135,2.207933333333333,0.9669676016787944,6.209812500000001,0.0,0.4213059688885569,,,,,,,,,,,,,,,,
2005-09-07,2.141,2.2066000000000003,0.9702710051663191,6.2060625000000025,0.0,0.4230975188392782,,,,,,,,,,,,,,,,
2005-09-08,2.137,2.2045000000000003,0.9693808119755044,6.200156250000001,0.0,0.4226144202749318,,,,,,,,,,,,,,,,
2005-09-09,2.147,2.2021000000000006,0.9749784296807588,6.193406250000002,0.0,0.42565607654533777,,,,,,,,,,,,,,,,
2005-09-12,2.1959999999999997,2.2003000000000004,0.99804572103804,6.188343750000001,0.0,0.4382890177730692,,,,,,,,,,,,,,,,
2005-09-13,2.185,2.1976666666666675,0.9942363112391928,6.180937500000002,0.0,0.4361917389702408,,,,,,,,,,,,,,,,
2005-09-14,2.2,2.1959666666666675,1.001836700617799,6.176156250000003,0.0,0.4403805256371704,,,,,,,,,,,,,,,,
2005-09-15,2.2159999999999997,2.194433333333334,1.0098278978627735,6.1718437500000025,0.0,0.4448037022236852,,,,,,,,,,,,,,,,
2005-09-16,2.22,2.191933333333333,1.0128045256850875,6.164812500000001,0.0,0.4464562978772881,,,,,,,,,,,,,,,,
2005-09-19,2.211,2.1892333333333336,1.0099425978653105,6.157218750000001,0.0,0.4448673320161515,,,,,,,,,,,,,,,,
2005-09-20,2.206,2.1859333333333333,1.0091799078959407,6.1479375,0.0,0.4444443060082176,,,,,,,,,,,,,,,,
2005-09-21,2.176,2.182033333333333,0.997234994882449,6.13696875,0.0,0.4378423021426739,,,,,,,,,,,,,,,,
2005-09-22,2.178,2.178633333333333,0.9997092978778748,6.127406249999999,0.0,0.4392062852668017,,,,,,,,,,,,,,,,
2005-09-23,2.227,2.178433333333333,1.0222943093660584,6.126843749999999,0.0,0.4517432433109521,,,,,,,,,,,,,,,,
2005-09-26,2.262,2.1801,1.0375670840787121,6.13153125,0.0,0.4603111391645264,,,,,,,,,,,,,,,,
2005-09-27,2.2769999999999997,2.1833,1.042916685750927,6.14053125,0.0,0.4633296643379114,,,,,,,,,,,,,,,,
2005-09-28,2.29,2.1869666666666663,1.0471124388422322,6.150843749999999,0.0,0.4657035198572408,,,,,,,,,,,,,,,,
2005-09-29,2.333,2.1926,1.0640335674541643,6.166687499999999,0.0,0.4753346880512124,,,,,,,,,,,,,,,,
2005-09-30,2.336,2.198033333333333,1.0627682322075795,6.181968749999999,0.0,0.4746112668902013,,,,,,,,,,,,,,,,
2005-10-03,2.353,2.204099999999999,1.0675559185154944,6.199031249999997,0.0,0.4773512573841526,,,,,,,,,,,,,,,,
2005-10-04,2.352,2.2096,1.0644460535843594,6.2144999999999975,0.0,0.4755706289795654,,,,,,,,,,,,,,,,
2005-10-05,2.339,2.214366666666666,1.0562839638120758,6.2279062499999975,0.0,0.4709122524429986,,,,,,,,,,,,,,,,
2005-10-06,2.373,2.221133333333333,1.0683735030164785,6.246937499999999,0.0,0.4778199120000803,,,,,,,,,,,,,,,,
2005-10-07,2.396,2.2276,1.0755970551265936,6.265124999999999,0.0,0.4819701569774886,,,,,,,,,,,,,,,,
2005-10-10,2.388,2.233433333333333,1.0692058564541886,6.28153125,0.0,0.47829725817612895,,,,,,,,,,,,,,,,
2005-10-11,2.401,2.2397,1.0720185739161494,6.29915625,0.0,0.4799120109160264,,,,,,,,,,,,,,,,
2005-10-12,2.404,2.2473666666666663,1.069696385399208,6.3207187499999975,0.0,0.4785786782522647,,,,,,,,,,,,,,,,
2005-10-13,2.416,2.257133333333333,1.0703842632247396,6.348187499999999,0.0,0.478973452285812,,,,,,,,,,,,,,,,
2005-10-14,2.4090000000000003,2.267033333333333,1.0626222228757116,6.376031249999999,0.0,0.4745278236774207,,,,,,,,,,,,,,,,
2005-10-17,2.483,2.2795666666666667,1.0892421074180765,6.41128125,0.0,0.4898571447011583,,,,,,,,,,,,,,,,
2005-10-18,2.474,2.2908666666666666,1.0799406338212614,6.4430625,0.0,0.4844740498430558,,,,,,,,,,,,,,,,
2005-10-19,2.441,2.3008666666666664,1.060904586677484,6.471187499999999,0.0,0.4735467301533069,,,,,,,,,,,,,,,,
2005-10-20,2.489,2.3126,1.0762777825823746,6.5041875000000005,0.0,0.4823621540594761,,,,,,,,,,,,,,,,
2005-10-21,2.458,2.3229666666666664,1.0581296904819988,6.533343749999999,0.0,0.47196377299155196,,,,,,,,,,,,,,,,
2005-10-24,2.458,2.3317,1.054166487970151,6.557906249999999,0.0,0.4697072752081729,,,,,,,,,,,,,,,,
2005-10-25,2.525,2.343033333333333,1.0776628586874566,6.58978125,0.0,0.4831602252161177,,,,,,,,,,,,,,,,
2005-10-26,2.559,2.3549999999999995,1.0866242038216565,6.623437499999999,0.0,0.4883391379578049,,,,,,,,,,,,,,,,
2005-10-27,2.59,2.3674666666666666,1.0939963955845908,6.6585,0.0,0.4926198528054876,,,,,,,,,,,,,,,,
2005-10-28,2.6010000000000004,2.3801666666666668,1.0927806176038093,6.69421875,0.0,0.4919126397852048,,,,,,,,,,,,,,,,
2005-10-31,2.6069999999999998,2.3933666666666658,1.0892605952563337,6.73134375,0.0,0.4898678731809232,,,,,,,,,,,,,,,,
2005-11-01,2.6260000000000003,2.407366666666667,1.0908184600047075,6.77071875,0.0,0.4907723147513167,,,,,,,,,,,,,,,,
2005-11-02,2.655,2.4233333333333333,1.0955983493810175,6.815625,0.0,0.4935524670350258,,,,,,,,,,,,,,,,
2005-11-03,2.654,2.4392,1.0880616595605117,6.86025,0.0,0.4891723698115457,,,,,,,,,,,,,,,,
2005-11-04,2.677,2.4542,1.090783147257762,6.9024375,0.0,0.4907518043468155,,,,,,,,,,,,,,,,
2005-11-07,2.701,2.468833333333333,1.094039019779923,6.9435937500000025,0.0,0.4926446562006255,,,,,,,,,,,,,,,,
2005-11-08,2.677,2.482166666666666,1.0784932518632917,6.98109375,0.0,0.4836389975207596,,,,,,,,,,,,,,,,
2005-11-09,2.734,2.4969666666666663,1.0949285132627589,7.022718749999999,0.0,0.4931624007279312,,,,,,,,,,,,,,,,
2005-11-10,2.718,2.5098,1.082954817116902,7.0588124999999975,0.0,0.4862152936527052,,,,,,,,,,,,,,,,
2005-11-11,2.717,2.5225,1.0771060455896928,7.09453125,0.0,0.4828393168459353,,,,,,,,,,,,,,,,
2005-11-14,2.74,2.5354,1.0806973258657409,7.1308125,0.0,0.4849108933644361,,,,,,,,,,,,,,,,
2005-11-15,2.707,2.547233333333333,1.0627216457071071,7.1640937499999975,0.0,0.474584642306274,,,,,,,,,,,,,,,,
2005-11-16,2.655,2.5577666666666663,1.0380149349041483,7.193718749999999,0.0,0.4605634908628658,,,,,,,,,,,,,,,,
2005-11-17,2.6860000000000004,2.5682,1.0458687018145008,7.2230624999999975,0.0,0.4649992557359732,,,,,,,,,,,,,,,,
2005-11-18,2.806,2.581866666666666,1.0868105763272051,7.261499999999997,0.0,0.4884471309950845,,,,,,,,,,,,,,,,
2005-11-21,2.758,2.5941999999999994,1.0631408526713442,7.2961874999999985,0.0,0.4748242481897513,,,,,,,,,,,,,,,,
2005-11-22,2.7539999999999996,2.6059666666666663,1.0568055360135074,7.3292812499999975,0.0,0.4712092829084618,,,,,,,,,,,,,,,,
2005-11-23,2.7460000000000004,2.6173666666666664,1.0491460883075867,7.36134375,0.0,0.4668561402496096,,,,,,,,,,,,,,,,
2005-11-24,2.6919999999999997,2.6265666666666663,1.0249121159435004,7.387218749999999,0.0,0.4532066072473825,,,,,,,,,,,,,,,,
2005-11-25,2.7089999999999996,2.636566666666666,1.027472596937937,7.415343749999997,0.0,0.4546400005612771,,,,,,,,,,,,,,,,
2005-11-28,2.7260000000000004,2.644666666666666,1.0307537181749438,7.438124999999998,0.0,0.4564798269435611,,,,,,,,,,,,,,,,
2005-11-29,2.758,2.6541333333333323,1.0391339294685022,7.464749999999998,0.0,0.4611942921894616,,,,,,,,,,,,,,,,
2005-11-30,2.758,2.6646999999999985,1.0350133223252154,7.494468749999998,0.0,0.4588733798423913,,,,,,,,,,,,,,,,
2005-12-01,2.698,2.671666666666665,1.0098565190268254,7.514062499999995,0.0,0.4448195794268827,,,,,,,,,,,,,,,,
2005-12-02,2.67,2.678733333333332,0.9967397526193976,7.533937499999998,0.0,0.43756951843466657,,,,,,,,,,,,,,,,
2005-12-05,2.697,2.6866999999999988,1.0038336993337555,7.556343749999996,0.0,0.4414840443211744,,,,,,,,,,,,,,,,
2005-12-06,2.681,2.691899999999998,0.9959508154091912,7.570968749999995,0.0,0.4371351186472099,,,,,,,,,,,,,,,,
2005-12-07,2.7039999999999997,2.696733333333332,1.0026946181800207,7.584562499999995,0.0,0.4408544518902735,,,,,,,,,,,,,,,,
2005-12-08,2.7110000000000003,2.7007666666666648,1.0037890475543991,7.595906249999994,0.0,0.4414593569434227,,,,,,,,,,,,,,,,
2005-12-09,2.772,2.706466666666665,1.0242136118432403,7.6119374999999945,0.0,0.4528159312582561,,,,,,,,,,,,,,,,
2005-12-12,2.764,2.7116999999999982,1.0192867942619028,7.6266562499999955,0.0,0.450064669916495,,,,,,,,,,,,,,,,
2005-12-13,2.779,2.7167999999999983,1.0228945818610138,7.640999999999994,0.0,0.4520786087714985,,,,,,,,,,,,,,,,
2005-12-14,2.7710000000000004,2.720666666666665,1.0185003675569722,7.651874999999994,0.0,0.4496262087752104,,,,,,,,,,,,,,,,
2005-12-15,2.793,2.725299999999998,1.0248413018750238,7.664906249999994,0.0,0.4531669937175974,,,,,,,,,,,,,,,,
2005-12-16,2.79,2.729066666666665,1.0223275356654296,7.675499999999995,0.0,0.4517618035288586,,,,,,,,,,,,,,,,
2005-12-19,2.793,2.7321333333333317,1.0222780733004742,7.684124999999995,0.0,0.4517341739665498,,,,,,,,,,,,,,,,
2005-12-20,2.7960000000000003,2.736099999999998,1.0218924746902531,7.695281249999996,0.0,0.4515188056465115,,,,,,,,,,,,,,,,
2005-12-21,2.839,2.7395999999999985,1.0362826690027749,7.705124999999995,0.0,0.4595877593902911,,,,,,,,,,,,,,,,
2005-12-22,2.835,2.7434999999999983,1.0333515582285409,7.716093749999995,0.0,0.4579389211971894,,,,,,,,,,,,,,,,
2005-12-23,2.835,2.747433333333332,1.0318721716025874,7.727156249999995,0.0,0.45710775283218896,,,,,,,,,,,,,,,,
2005-12-26,2.842,2.750833333333332,1.0331414722811276,7.736718749999995,0.0,0.4578208458642149,,,,,,,,,,,,,,,,
2005-12-27,2.832,2.754999999999998,1.0279491833030858,7.748437499999994,0.0,0.4549070272734767,,,,,,,,,,,,,,,,
2005-12-28,2.803,2.759933333333332,1.0156042416483495,7.762312499999995,0.0,0.4480131701197277,,,,,,,,,,,,,,,,
2005-12-29,2.839,2.7650333333333315,1.0267507323600689,7.776656249999991,0.0,0.4542356825911142,,,,,,,,,,,,,,,,
2005-12-30,2.822,2.7655666666666647,1.0204057034724656,7.778156249999995,0.0,0.4506888335321298,,,,,,,,,,,,,,,,
2006-01-02,2.852,2.768699999999998,1.0300863221006256,7.786968749999994,0.0,0.4561053229428091,,,,,,,,,,,,,,,,
2006-01-03,2.8360000000000003,2.771433333333332,1.0232972108295353,7.7946562499999965,0.0,0.4523036160626955,,,,,,,,,,,,,,,,
2006-01-04,2.7460000000000004,2.771433333333332,0.9908230398229564,7.7946562499999965,0.0,0.4343162839857209,,,,,,,,,,,,,,,,
2006-01-05,2.7289999999999996,2.772666666666665,0.9842510218802599,7.798124999999995,0.0,0.4307151013007893,,,,,,,,,,,,,,,,
2006-01-06,2.719,2.7729999999999984,0.9805265055896148,7.7990624999999945,0.0,0.428679969499866,,,,,,,,,,,,,,,,
2006-01-09,2.762,2.7741999999999982,0.995602335808522,7.8024374999999955,0.0,0.4369433010061432,,,,,,,,,,,,,,,,
2006-01-10,2.792,2.7753333333333314,1.006005284650493,7.8056249999999965,0.0,0.4426854212824247,,,,,,,,,,,,,,,,
2006-01-11,2.8160000000000003,2.777266666666665,1.0139465661681757,7.811062499999995,0.0,0.4470910735976951,,,,,,,,,,,,,,,,
2006-01-12,2.792,2.780399999999999,1.0041720615738745,7.819874999999998,0.0,0.4416711401353998,,,,,,,,,,,,,,,,
2006-01-13,2.7880000000000003,2.7843333333333318,1.001316892134563,7.8309374999999966,0.0,0.4400934850350262,,,,,,,,,,,,,,,,
2006-01-16,2.778,2.787033333333332,0.9967587996794685,7.838531249999996,0.0,0.4375800083437828,,,,,,,,,,,,,,,,
2006-01-17,2.761,2.7896999999999985,0.9897121554288998,7.846031249999998,0.0,0.4337066556929665,,,,,,,,,,,,,,,,
2006-01-18,2.7710000000000004,2.7919333333333323,0.99250220874424,7.852312499999997,0.0,0.4352384800383071,,,,,,,,,,,,,,,,
2006-01-19,2.822,2.7956333333333325,1.0094313751207242,7.862718749999997,0.0,0.4445837625365762,,,,,,,,,,,,,,,,
2006-01-20,2.833,2.7976666666666654,1.0126295722626002,7.868437499999996,0.0,0.44635908980976796,,,,,,,,,,,,,,,,
2006-01-23,2.843,2.8002999999999987,1.0152483662464742,7.875843749999998,0.0,0.4478151396194647,,,,,,,,,,,,,,,,
2006-01-24,2.826,2.8018666666666663,1.0086133054154376,7.8802499999999975,0.0,0.4441301557425584,,,,,,,,,,,,,,,,
2006-01-25,2.843,2.8042666666666656,1.0138122860403198,7.886999999999998,0.0,0.4470164163131809,,,,,,,,,,,,,,,,
2006-01-26,2.8539999999999996,2.806299999999999,1.0169974699782636,7.892718749999998,0.0,0.4487888237571734,,,,,,,,,,,,,,,,
2006-01-27,2.864,2.8087666666666653,1.019664621482739,7.899656249999996,0.0,0.4502753905541869,,,,,,,,,,,,,,,,
2006-01-30,2.8819999999999997,2.811733333333332,1.0249905159332326,7.907999999999998,0.0,0.4532504661869702,,,,,,,,,,,,,,,,
2006-01-31,2.878,2.8144666666666653,1.0225738446597348,7.915687499999996,0.0,0.4518994025286964,,,,,,,,,,,,,,,,
2006-02-01,2.91,2.816833333333332,1.0330749659783451,7.922343749999996,0.0,0.4577834700015717,,,,,,,,,,,,,,,,
2006-02-02,2.8789999999999996,2.818299999999999,1.0215378064790834,7.926468749999998,0.0,0.4513207538199817,,,,,,,,,,,,,,,,
2006-02-03,2.883,2.8198999999999987,1.0223766800241147,7.930968749999996,0.0,0.45178925620967,,,,,,,,,,,,,,,,
2006-02-06,2.886,2.8213666666666652,1.022908519511821,7.9350937499999965,0.0,0.4520863969157119,,,,,,,,,,,,,,,,
2006-02-07,2.8360000000000003,2.821499999999999,1.0051391104022689,7.935468749999997,0.0,0.4422060583197071,,,,,,,,,,,,,,,,
2006-02-08,2.818,2.8219999999999987,0.9985825655563436,7.936874999999996,0.0,0.4385849326156626,,,,,,,,,,,,,,,,
2006-02-09,2.81,2.8210333333333324,0.9960889035932464,7.934156249999997,0.0,0.43721113829699465,,,,,,,,,,,,,,,,
2006-02-10,2.805,2.8204666666666665,0.9945162739026642,7.932562499999998,0.0,0.4363457233569361,,,,,,,,,,,,,,,,
2006-02-13,2.8160000000000003,2.8192666666666657,0.9988413062498528,7.929187499999998,0.0,0.43872758472539336,,,,,,,,,,,,,,,,
2006-02-14,2.8080000000000003,2.818333333333333,0.9963335304553521,7.926562499999997,0.0,0.4373458233012564,,,,,,,,,,,,,,,,
2006-02-15,2.8089999999999997,2.8204333333333333,0.9959462493943012,7.932468749999999,0.0,0.43713260508512736,,,,,,,,,,,,,,,,
2006-02-16,2.821,2.8235,0.9991145741101471,7.9410937499999985,0.0,0.4388782682306377,,,,,,,,,,,,,,,,
2006-02-17,2.786,2.825733333333333,0.9859387533619592,7.947374999999999,0.0,0.4316386685986111,,,,,,,,,,,,,,,,
2006-02-20,2.7969999999999997,2.8269,0.9894230429091938,7.950656249999999,0.0,0.4335480581935858,,,,,,,,,,,,,,,,
2006-02-21,2.818,2.8277666666666663,0.996546155387644,7.953093749999999,0.0,0.4374629036367871,,,,,,,,,,,,,,,,
2006-02-22,2.964,2.8327,1.0463515374024783,7.966968749999999,0.0,0.46527260172620094,,,,,,,,,,,,,,,,
2006-02-23,3.036,2.8408333333333333,1.068700498679965,7.989843749999999,0.0,0.4780074134921437,,,,,,,,,,,,,,,,
2006-02-24,3.053,2.8496666666666663,1.0713533746637036,8.014687499999997,0.0,0.4795298912578002,,,,,,,,,,,,,,,,
2006-02-27,3.095,2.8602333333333325,1.0820795506194136,8.044406249999998,0.0,0.48570935422487,,,,,,,,,,,,,,,,
2006-02-28,3.075,2.8707,1.0711673111087892,8.073843749999998,0.0,0.4794230343100322,,,,,,,,,,,,,,,,
2006-03-01,3.0810000000000004,2.8810333333333333,1.06940796704886,8.102906249999998,0.0,0.4784132009229541,,,,,,,,,,,,,,,,
2006-03-02,3.133,2.891399999999998,1.0835581379262644,8.132062499999998,0.0,0.4865641865689658,,,,,,,,,,,,,,,,
2006-03-03,3.161,2.9023333333333325,1.0891236935798785,8.162812499999998,0.0,0.4897884319620581,,,,,,,,,,,,,,,,
2006-03-06,3.156,2.9127666666666663,1.0835059450922953,8.192156249999998,0.0,0.4865339992923788,,,,,,,,,,,,,,,,
2006-03-07,3.162,2.9239666666666664,1.0814076767861012,8.22365625,0.0,0.4853211575687318,,,,,,,,,,,,,,,,
2006-03-08,3.1839999999999997,2.9353333333333333,1.0847149670679084,8.255624999999998,0.0,0.4872335071256476,,,,,,,,,,,,,,,,
2006-03-09,3.1689999999999996,2.9458333333333333,1.0757567185289958,8.285156249999998,0.0,0.4820620853962802,,,,,,,,,,,,,,,,
2006-03-10,3.207,2.9572666666666665,1.0844473500304337,8.317312499999998,0.0,0.4870786288804492,,,,,,,,,,,,,,,,
2006-03-13,3.2289999999999996,2.968833333333332,1.0876326278560604,8.349843749999996,0.0,0.4889236057167317,,,,,,,,,,,,,,,,
2006-03-14,3.1919999999999997,2.979299999999999,1.0713926090021149,8.379281249999996,0.0,0.4795524251328301,,,,,,,,,,,,,,,,
2006-03-15,3.225,2.9897999999999985,1.0786674693959468,8.408812499999996,0.0,0.4837394736494369,,,,,,,,,,,,,,,,
2006-03-16,3.22,3.001166666666665,1.0729160881879276,8.440781249999995,0.0,0.4804278140429987,,,,,,,,,,,,,,,,
2006-03-17,3.2539999999999996,3.0135333333333323,1.079795588788355,8.475562499999997,0.0,0.4843903361391019,,,,,,,,,,,,,,,,
2006-03-20,3.233,3.0250999999999992,1.0687250008264193,8.508093749999999,0.0,0.4780214646021352,,,,,,,,,,,,,,,,
2006-03-21,3.234,3.0383666666666658,1.0643876644249657,8.545406249999997,0.0,0.4755372271590054,,,,,,,,,,,,,,,,
2006-03-22,3.218,3.051699999999999,1.0544942163384348,8.582906249999997,0.0,0.4698936783630872,,,,,,,,,,,,,,,,
2006-03-23,3.235,3.0658666666666656,1.0551665651909197,8.622749999999996,0.0,0.4702762012542781,,,,,,,,,,,,,,,,
2006-03-24,3.199,3.078999999999999,1.0389736927573892,8.659687499999997,0.0,0.4611039388918954,,,,,,,,,,,,,,,,
2006-03-27,3.2,3.0917999999999988,1.034995795329582,8.695687499999996,0.0,0.4588635193413584,,,,,,,,,,,,,,,,
2006-03-28,3.287,3.1077666666666652,1.0576727124516003,8.740593749999997,0.0,0.4717033271087873,,,,,,,,,,,,,,,,
2006-03-29,3.32,3.1247999999999987,1.0624679979518694,8.788499999999996,0.0,0.4744396928776729,,,,,,,,,,,,,,,,
2006-03-30,3.3369999999999997,3.1419999999999986,1.0620623806492684,8.836874999999996,0.0,0.4742079426565386,,,,,,,,,,,,,,,,
2006-03-31,3.323,3.1598999999999986,1.0516155574543502,8.887218749999994,0.0,0.4682575605298012,,,,,,,,,,,,,,,,
2006-04-03,3.362,3.178733333333332,1.0576539921562054,8.940187499999992,0.0,0.4716926592808618,,,,,,,,,,,,,,,,
2006-04-04,3.362,3.196866666666665,1.0516547452714122,8.991187499999992,0.0,0.4682798153991023,,,,,,,,,,,,,,,,
2006-04-05,3.347,3.209633333333332,1.0427982427899352,9.027093749999997,0.0,0.4632627338936859,,,,,,,,,,,,,,,,
2006-04-06,3.315,3.2189333333333314,1.0298442548256157,9.053249999999997,0.0,0.4559695234692755,,,,,,,,,,,,,,,,
2006-04-07,3.3,3.2271666666666645,1.0225688168155769,9.076406249999994,0.0,0.4518965935652754,,,,,,,,,,,,,,,,
2006-04-10,3.318,3.234599999999998,1.0257837135967358,9.097312499999994,0.0,0.4536943092609462,,,,,,,,,,,,,,,,
2006-04-11,3.313,3.2425333333333315,1.0217319791109838,9.119624999999996,0.0,0.4514291777494612,,,,,,,,,,,,,,,,
2006-04-12,3.325,3.2506666666666653,1.0228671041837578,9.142499999999997,0.0,0.4520632548470898,,,,,,,,,,,,,,,,
2006-04-13,3.362,3.2582999999999984,1.0318264125464205,9.163968749999997,0.0,0.4570820548915622,,,,,,,,,,,,,,,,
2006-04-14,3.367,3.2651666666666648,1.0311877903118785,9.183281249999997,0.0,0.4567234783683784,,,,,,,,,,,,,,,,
2006-04-17,3.367,3.272199999999998,1.028971334270522,9.203062499999994,0.0,0.4554799691041908,,,,,,,,,,,,,,,,
2006-04-18,3.34,3.278133333333332,1.018872529081592,9.219749999999994,0.0,0.4498336782335642,,,,,,,,,,,,,,,,
2006-04-19,3.347,3.2835666666666645,1.0193184240713864,9.235031249999992,0.0,0.4500823086938244,,,,,,,,,,,,,,,,
2006-04-20,3.3360000000000003,3.2891333333333312,1.0142489409570918,9.250687499999994,0.0,0.4472592088356416,,,,,,,,,,,,,,,,
2006-04-21,3.344,3.293699999999998,1.0152715790752047,9.263531249999994,0.0,0.4478280554394877,,,,,,,,,,,,,,,,
2006-04-24,3.3510000000000004,3.2977666666666647,1.0161422376760036,9.274968749999994,0.0,0.4483126179758717,,,,,,,,,,,,,,,,
2006-04-25,3.408,3.3049666666666653,1.0311753018184755,9.295218749999997,0.0,0.4567164675537903,,,,,,,,,,,,,,,,
2006-04-26,3.4419999999999997,3.312199999999998,1.0391884548034545,9.315562499999997,0.0,0.4612250394638767,,,,,,,,,,,,,,,,
2006-04-27,3.409,3.3184999999999985,1.027271357541058,9.333281249999997,0.0,0.4545272694884768,,,,,,,,,,,,,,,,
2006-04-28,3.4130000000000003,3.323799999999998,1.0268367531139064,9.348187499999996,0.0,0.4542838544298498,,,,,,,,,,,,,,,,
2006-05-01,3.4130000000000003,3.3297999999999983,1.024986485674816,9.365062499999992,0.0,0.4532482115114517,,,,,,,,,,,,,,,,
2006-05-02,3.437,3.3365666666666645,1.0301008022218454,9.384093749999996,0.0,0.456113446859393,,,,,,,,,,,,,,,,
2006-05-03,3.432,3.3436999999999983,1.0264078715195748,9.404156249999994,0.0,0.4540437027109774,,,,,,,,,,,,,,,,
2006-05-04,3.45,3.3508666666666644,1.0295843861289624,9.424312499999994,0.0,0.4558237579405874,,,,,,,,,,,,,,,,
2006-05-05,3.43,3.358566666666665,1.0212689937175583,9.445968749999997,0.0,0.4511706710371525,,,,,,,,,,,,,,,,
2006-05-08,3.4539999999999997,3.367033333333332,1.0258288701230565,9.469781249999997,0.0,0.4537195830536042,,,,,,,,,,,,,,,,
2006-05-09,3.449,3.372433333333331,1.022703685765966,9.484968749999991,0.0,0.4519719450832612,,,,,,,,,,,,,,,,
2006-05-10,3.404,3.375233333333332,1.0085228675548363,9.492843749999997,0.0,0.4440800219986279,,,,,,,,,,,,,,,,
2006-05-11,3.463,3.3794333333333317,1.0247280115995787,9.504656249999991,0.0,0.4531036221769827,,,,,,,,,,,,,,,,
2006-05-12,3.431,3.383033333333332,1.0141785971169863,9.514781249999992,0.0,0.4472200916812625,,,,,,,,,,,,,,,,
2006-05-15,3.3560000000000003,3.382833333333332,0.9920677932699422,9.514218749999992,0.0,0.4349998184095433,,,,,,,,,,,,,,,,
2006-05-16,3.322,3.3814999999999977,0.9824042584651788,9.510468749999994,0.0,0.4297054842671453,,,,,,,,,,,,,,,,
2006-05-17,3.352,3.381666666666665,0.991227205519961,9.510937499999997,0.0,0.4345381732380481,,,,,,,,,,,,,,,,
2006-05-18,3.3360000000000003,3.3823666666666647,0.9862916498309868,9.512906249999997,0.0,0.4318318899123421,,,,,,,,,,,,,,,,
2006-05-19,3.332,3.383433333333332,0.9847984788626942,9.515906249999997,0.0,0.4310145894840333,,,,,,,,,,,,,,,,
2006-05-22,3.281,3.3821999999999983,0.9700786470344752,9.512437499999997,0.0,0.4229931083178654,,,,,,,,,,,,,,,,
2006-05-23,3.305,3.381933333333332,0.9772516706420395,9.511687499999997,0.0,0.4268939658298082,,,,,,,,,,,,,,,,
2006-05-24,3.305,3.381266666666665,0.9774443502434988,9.509812499999997,0.0,0.4269989596410744,,,,,,,,,,,,,,,,
2006-05-25,3.3,3.379199999999998,0.9765625000000004,9.503999999999996,0.0,0.4265185173059969,,,,,,,,,,,,,,,,
2006-05-26,3.3089999999999997,3.377266666666665,0.979786415049646,9.498562499999997,0.0,0.4282760656827035,,,,,,,,,,,,,,,,
2006-05-29,3.321,3.3757333333333315,0.9837862390394192,9.494249999999996,0.0,0.4304609106641845,,,,,,,,,,,,,,,,
2006-05-30,3.363,3.3764999999999983,0.9960017769880058,9.496406249999994,0.0,0.4371631731001802,,,,,,,,,,,,,,,,
2006-05-31,3.406,3.3784666666666654,1.0081496536890506,9.501937499999997,0.0,0.4438731594733646,,,,,,,,,,,,,,,,
2006-06-01,3.4189999999999996,3.381233333333332,1.0111694943659617,9.509718749999996,0.0,0.4455482058831796,,,,,,,,,,,,,,,,
2006-06-02,3.38,3.382433333333332,0.9992805968090038,9.513093749999996,0.0,0.43896982642724136,,,,,,,,,,,,,,,,
2006-06-05,3.4410000000000003,3.385433333333332,1.0164134576568244,9.521531249999997,0.0,0.44846361265154905,,,,,,,,,,,,,,,,
2006-06-06,3.4419999999999997,3.386566666666665,1.0163685935608338,9.524718749999996,0.0,0.4484386341582436,,,,,,,,,,,,,,,,
2006-06-07,3.455,3.3869999999999987,1.0200767640980222,9.525937499999996,0.0,0.4505053001152106,,,,,,,,,,,,,,,,
2006-06-08,3.3339999999999996,3.3844999999999983,0.9850790367853454,9.518906249999997,0.0,0.4311681044069411,,,,,,,,,,,,,,,,
2006-06-09,3.36,3.382733333333332,0.9932795963816248,9.513937499999997,0.0,0.4356657078699903,,,,,,,,,,,,,,,,
2006-06-12,3.341,3.380333333333332,0.9883640666600932,9.507187499999997,0.0,0.4329673537978331,,,,,,,,,,,,,,,,
2006-06-13,3.324,3.376566666666665,0.984431918023239,9.496593749999997,0.0,0.4308140512223379,,,,,,,,,,,,,,,,
2006-06-14,3.365,3.374333333333332,0.9972340215351186,9.490312499999996,0.0,0.4378417659415867,,,,,,,,,,,,,,,,
2006-06-15,3.4010000000000002,3.3726999999999983,1.0083909034304868,9.485718749999991,0.0,0.4440068729018312,,,,,,,,,,,,,,,,
2006-06-16,3.3930000000000002,3.3714666666666644,1.0063869334809783,9.482249999999992,0.0,0.4428967084494517,,,,,,,,,,,,,,,,
2006-06-19,3.443,3.3710999999999984,1.0213283497968029,9.481218749999996,0.0,0.4512038086182349,,,,,,,,,,,,,,,,
2006-06-20,3.468,3.3717333333333315,1.0285510914267642,9.482999999999997,0.0,0.4552443724749484,,,,,,,,,,,,,,,,
2006-06-21,3.488,3.374533333333332,1.0336244023865029,9.490874999999997,0.0,0.4580922895586603,,,,,,,,,,,,,,,,
2006-06-22,3.5010000000000003,3.3757999999999986,1.037087505183957,9.494437499999997,0.0,0.4600409801562106,,,,,,,,,,,,,,,,
2006-06-23,3.536,3.379299999999999,1.046370550113929,9.504281249999996,0.0,0.4652833668539301,,,,,,,,,,,,,,,,
2006-06-26,3.568,3.3863666666666656,1.0536366410410374,9.524156249999997,0.0,0.4694059858845687,,,,,,,,,,,,,,,,
2006-06-27,3.588,3.3952333333333318,1.0567756757022104,9.549093749999997,0.0,0.471192275360745,,,,,,,,,,,,,,,,
2006-06-28,3.583,3.402933333333332,1.0529151320429442,9.570749999999997,0.0,0.4689958567812399,,,,,,,,,,,,,,,,
2006-06-29,3.553,3.410166666666665,1.0418845608719032,9.591093749999997,0.0,0.4627465756583378,,,,,,,,,,,,,,,,
2006-06-30,3.575,3.418266666666665,1.045851698716699,9.613874999999997,0.0,0.464989631194624,,,,,,,,,,,,,,,,
2006-07-03,3.589,3.428533333333332,1.0468032978144206,9.642749999999996,0.0,0.4655284229150294,,,,,,,,,,,,,,,,
2006-07-04,3.572,3.437433333333332,1.0391474258894724,9.667781249999996,0.0,0.4612019028416289,,,,,,,,,,,,,,,,
2006-07-05,3.614,3.4477333333333315,1.0482249207208605,9.696749999999994,0.0,0.4663338814689831,,,,,,,,,,,,,,,,
2006-07-06,3.6239999999999997,3.4585333333333312,1.0478430163074912,9.727124999999994,0.0,0.466117439549419,,,,,,,,,,,,,,,,
2006-07-07,3.5989999999999998,3.468199999999998,1.0377140879995392,9.754312499999996,0.0,0.460393964834974,,,,,,,,,,,,,,,,
2006-07-10,3.616,3.4780333333333315,1.0396680116157604,9.781968749999997,0.0,0.4614955061331968,,,,,,,,,,,,,,,,
2006-07-11,3.58,3.485266666666665,1.027181086095756,9.802312499999996,0.0,0.4544767050056368,,,,,,,,,,,,,,,,
2006-07-12,3.61,3.492066666666665,1.0337717874801935,9.821437499999996,0.0,0.4581751459426989,,,,,,,,,,,,,,,,
2006-07-13,3.565,3.4969333333333315,1.0194646738094335,9.835124999999994,0.0,0.4501638708202209,,,,,,,,,,,,,,,,
2006-07-14,3.512,3.501333333333332,1.0030464584920036,9.847499999999997,0.0,0.4410488786060983,,,,,,,,,,,,,,,,
2006-07-17,3.5260000000000002,3.5041666666666647,1.0062306777645669,9.855468749999996,0.0,0.4428101972777685,,,,,,,,,,,,,,,,
2006-07-18,3.5589999999999997,3.508066666666665,1.0145189183025791,9.866437499999996,0.0,0.4474093533955192,,,,,,,,,,,,,,,,
2006-07-19,3.5460000000000003,3.5110999999999986,1.0099399048731172,9.874968749999997,0.0,0.4448658380331149,,,,,,,,,,,,,,,,
2006-07-20,3.5460000000000003,3.5181666666666653,1.0079113174475347,9.894843749999996,0.0,0.4437410784157703,,,,,,,,,,,,,,,,
2006-07-21,3.5210000000000004,3.523533333333332,0.9992810247289656,9.909937499999996,0.0,0.4389700624273701,,,,,,,,,,,,,,,,
2006-07-24,3.5260000000000002,3.5296999999999987,0.9989517522735648,9.927281249999997,0.0,0.4387884833868306,,,,,,,,,,,,,,,,
2006-07-25,3.582,3.5382999999999987,1.0123505638300885,9.951468749999997,0.0,0.4462040859800014,,,,,,,,,,,,,,,,
2006-07-26,3.62,3.546799999999999,1.0206383218675994,9.975374999999996,0.0,0.4508186444991759,,,,,,,,,,,,,,,,
2006-07-27,3.5810000000000004,3.552799999999998,1.0079374014861522,9.992249999999997,0.0,0.4437555328049532,,,,,,,,,,,,,,,,
2006-07-28,3.5610000000000004,3.5584,1.0007306654676262,10.007999999999996,0.0,0.4397698668361271,,,,,,,,,,,,,,,,
2006-07-31,3.5589999999999997,3.5622666666666665,0.9990829808736011,10.018874999999998,0.0,0.4388608461421584,,,,,,,,,,,,,,,,
2006-08-01,3.553,3.5651,0.99660598580685,10.026843749999998,0.0,0.4374958512830197,,,,,,,,,,,,,,,,
2006-08-02,3.56,3.5674999999999994,0.997897687456202,10.033593749999998,0.0,0.4382074353682832,,,,,,,,,,,,,,,,
2006-08-03,3.627,3.571699999999999,1.0154828233054292,10.045406249999996,0.0,0.4479456012358057,,,,,,,,,,,,,,,,
2006-08-04,3.585,3.573333333333332,1.0032649253731347,10.049999999999997,0.0,0.4411696222812642,,,,,,,,,,,,,,,,
2006-08-07,3.582,3.5737999999999985,1.0022944764676258,10.051312499999996,0.0,0.44063337978608014,,,,,,,,,,,,,,,,
2006-08-08,3.583,3.573633333333332,1.0026210486059943,10.050843749999997,0.0,0.44081380217208577,,,,,,,,,,,,,,,,
2006-08-09,3.609,3.5744999999999987,1.0096516995383973,10.053281249999996,0.0,0.4447059641416098,,,,,,,,,,,,,,,,
2006-08-10,3.6,3.576066666666665,1.006692641822487,10.057687499999997,0.0,0.4430659859009416,,,,,,,,,,,,,,,,
2006-08-11,3.6510000000000002,3.5785999999999984,1.0202313753982009,10.064812499999997,0.0,0.4505915620904605,,,,,,,,,,,,,,,,
2006-08-14,3.681,3.5816666666666648,1.0277338296882277,10.073437499999997,0.0,0.4547863579040128,,,,,,,,,,,,,,,,
2006-08-15,3.6660000000000004,3.584799999999998,1.022651193929927,10.082249999999997,0.0,0.4519426171279593,,,,,,,,,,,,,,,,
2006-08-16,3.6519999999999997,3.5860666666666647,1.0183859753490363,10.085812499999994,0.0,0.4495624470224309,,,,,,,,,,,,,,,,
2006-08-17,3.66,3.5872666666666646,1.0202754186102705,10.089187499999994,0.0,0.4506161363940178,,,,,,,,,,,,,,,,
2006-08-18,3.661,3.5893333333333315,1.0199665676077272,10.094999999999994,0.0,0.4504438229479665,,,,,,,,,,,,,,,,
2006-08-21,3.6289999999999996,3.589766666666665,1.010929215455044,10.096218749999997,0.0,0.445414825092577,,,,,,,,,,,,,,,,
2006-08-22,3.545,3.5885999999999982,0.9878504152037012,10.092937499999994,0.0,0.4326858072628383,,,,,,,,,,,,,,,,
2006-08-23,3.5580000000000003,3.586866666666665,0.9919521216289058,10.088062499999996,0.0,0.43493627967086784,,,,,,,,,,,,,,,,
2006-08-24,3.548,3.5862999999999987,0.9893204695647329,10.086468749999996,0.0,0.4334917959175561,,,,,,,,,,,,,,,,
2006-08-25,3.533,3.5869999999999984,0.984945637022582,10.088437499999996,0.0,0.43109510814791496,,,,,,,,,,,,,,,,
2006-08-28,3.528,3.587066666666665,0.9835334349329076,10.088624999999997,0.0,0.4303226787333537,,,,,,,,,,,,,,,,
2006-08-29,3.5669999999999997,3.587333333333332,0.9943319085671812,10.089374999999997,0.0,0.4362443165153671,,,,,,,,,,,,,,,,
2006-08-30,3.549,3.587433333333332,0.9892866766397521,10.089656249999996,0.0,0.4334732609289596,,,,,,,,,,,,,,,,
2006-08-31,3.5380000000000003,3.5871666666666653,0.9862937322863916,10.088906249999997,0.0,0.4318330302294325,,,,,,,,,,,,,,,,
2006-09-01,3.54,3.5877999999999988,0.9866770723005746,10.090687499999996,0.0,0.4320429628422779,,,,,,,,,,,,,,,,
2006-09-04,3.553,3.5886999999999984,0.9900521080056848,10.093218749999997,0.0,0.4338931745369253,,,,,,,,,,,,,,,,
2006-09-05,3.5860000000000003,3.588833333333332,0.9992105140946458,10.093593749999997,0.0,0.43893117619005184,,,,,,,,,,,,,,,,
2006-09-06,3.625,3.588999999999998,1.0100306492059072,10.094062499999996,0.0,0.4449161812184733,,,,,,,,,,,,,,,,
2006-09-07,3.6289999999999996,3.590599999999999,1.0106945914331869,10.098562499999996,0.0,0.4452846005422582,,,,,,,,,,,,,,,,
2006-09-08,3.63,3.5928999999999984,1.0103259205655604,10.105031249999996,0.0,0.4450800095504725,,,,,,,,,,,,,,,,
2006-09-11,3.66,3.596266666666665,1.0177220821592767,10.114499999999996,0.0,0.44919247589598255,,,,,,,,,,,,,,,,
2006-09-12,3.673,3.600266666666665,1.0202022072439083,10.125749999999996,0.0,0.4505752877906445,,,,,,,,,,,,,,,,
2006-09-13,3.66,3.6035999999999984,1.015651015651016,10.135124999999997,0.0,0.4480392009071196,,,,,,,,,,,,,,,,
2006-09-14,3.6719999999999997,3.6050999999999984,1.0185570441874017,10.139343749999997,0.0,0.4496578016053856,,,,,,,,,,,,,,,,
2006-09-15,3.673,3.608033333333332,1.0180061159819296,10.147593749999997,0.0,0.4493507441124485,,,,,,,,,,,,,,,,
2006-09-18,3.718,3.6125666666666656,1.0291851592127483,10.160343749999996,0.0,0.4555998649965067,,,,,,,,,,,,,,,,
2006-09-19,3.6689999999999996,3.6154333333333333,1.014816112406996,10.168406249999997,0.0,0.4475746602901448,,,,,,,,,,,,,,,,
2006-09-20,3.658,3.6170666666666658,1.0113167207313478,10.172999999999998,0.0,0.4456299412348029,,,,,,,,,,,,,,,,
2006-09-21,3.639,3.6183666666666654,1.005702388738934,10.176656249999997,0.0,0.44251776481575145,,,,,,,,,,,,,,,,
2006-09-22,3.555,3.615166666666666,0.983357152736158,10.16765625,0.0,0.43022629987913374,,,,,,,,,,,,,,,,
2006-09-25,3.5,3.609133333333333,0.9697619003638918,10.150687499999998,0.0,0.4228212044013932,,,,,,,,,,,,,,,,
2006-09-26,3.53,3.6046,0.9793042223825112,10.1379375,0.0,0.4280129971656042,,,,,,,,,,,,,,,,
2006-09-27,3.555,3.6013666666666664,0.9871252580039058,10.12884375,0.0,0.4322884634950102,,,,,,,,,,,,,,,,
2006-09-28,3.577,3.5986,0.9939976657589062,10.1210625,0.0,0.4360604984784856,,,,,,,,,,,,,,,,
2006-09-29,3.597,3.5964666666666663,1.0001482936956645,10.1150625,0.0,0.4394484803424573,,,,,,,,,,,,,,,,
2006-10-02,3.5860000000000003,3.5950333333333333,0.9974872741096515,10.111031249999998,0.0,0.4379812883284712,,,,,,,,,,,,,,,,
2006-10-03,3.6189999999999998,3.5975,1.0059763724808897,10.117968749999998,0.0,0.4426694168413396,,,,,,,,,,,,,,,,
2006-10-04,3.597,3.598799999999999,0.9994998332777596,10.121624999999996,0.0,0.4390907437985123,,,,,,,,,,,,,,,,
2006-10-05,3.5989999999999998,3.600499999999999,0.9995833911956676,10.126406249999997,0.0,0.4391368330626052,,,,,,,,,,,,,,,,
2006-10-06,3.615,3.6032333333333333,1.0032655855389143,10.134093749999998,0.0,0.4411699871680107,,,,,,,,,,,,,,,,
2006-10-09,3.63,3.606633333333332,1.0064788029464231,10.143656249999996,0.0,0.4429475755871387,,,,,,,,,,,,,,,,
2006-10-10,3.6830000000000003,3.610499999999999,1.0200803212851408,10.154531249999998,0.0,0.4505072846859174,,,,,,,,,,,,,,,,
2006-10-11,3.679,3.614833333333332,1.0177509336530042,10.166718749999996,0.0,0.44920855126962106,,,,,,,,,,,,,,,,
2006-10-12,3.668,3.6191666666666658,1.0134929772046974,10.178906249999997,0.0,0.44683890884808186,,,,,,,,,,,,,,,,
2006-10-13,3.687,3.6240666666666654,1.0173653906293119,10.192687499999996,0.0,0.4489937571091401,,,,,,,,,,,,,,,,
2006-10-16,3.6839999999999997,3.628433333333332,1.0153142311190324,10.204968749999997,0.0,0.44785178784292096,,,,,,,,,,,,,,,,
2006-10-17,3.66,3.6308999999999987,1.0080145418491286,10.211906249999997,0.0,0.44379828112072894,,,,,,,,,,,,,,,,
2006-10-18,3.6630000000000003,3.632166666666665,1.0084889643463502,10.215468749999996,0.0,0.44406122858417785,,,,,,,,,,,,,,,,
2006-10-19,3.685,3.634033333333332,1.0140248209060645,10.220718749999996,0.0,0.4471345843652323,,,,,,,,,,,,,,,,
2006-10-20,3.705,3.636533333333332,1.0188274547187801,10.227749999999997,0.0,0.4498085482680688,,,,,,,,,,,,,,,,
2006-10-23,3.738,3.639133333333332,1.027167640647041,10.235062499999996,0.0,0.4544691739152634,,,,,,,,,,,,,,,,
2006-10-24,3.741,3.6413999999999986,1.0273521173175155,10.241437499999996,0.0,0.4545725082894281,,,,,,,,,,,,,,,,
2006-10-25,3.7510000000000003,3.644433333333332,1.029240942807753,10.249968749999997,0.0,0.4556311463306973,,,,,,,,,,,,,,,,
2006-10-26,3.7460000000000004,3.646899999999999,1.027173764018756,10.256906249999998,0.0,0.4544726037428719,,,,,,,,,,,,,,,,
2006-10-27,3.727,3.648699999999999,1.0214596979746209,10.261968749999998,0.0,0.451277142178409,,,,,,,,,,,,,,,,
2006-10-30,3.73,3.649099999999999,1.0221698501000251,10.263093749999998,0.0,0.4516737234001753,,,,,,,,,,,,,,,,
2006-10-31,3.682,3.6495333333333333,1.0088961145717263,10.264312499999997,0.0,0.4442869457053292,,,,,,,,,,,,,,,,
2006-11-01,3.64,3.648933333333333,0.9975517959586366,10.262624999999998,0.0,0.4380168379391899,,,,,,,,,,,,,,,,
2006-11-02,3.673,3.650066666666666,1.006282990265018,10.2658125,0.0,0.4428391593253159,,,,,,,,,,,,,,,,
2006-11-03,3.7230000000000003,3.6556666666666655,1.018418893042765,10.281562499999998,0.0,0.4495807947947912,,,,,,,,,,,,,,,,
2006-11-06,3.745,3.6638333333333333,1.0221534822362737,10.304531249999997,0.0,0.4516645810702357,,,,,,,,,,,,,,,,
2006-11-07,3.727,3.6704,1.0154206625980822,10.323,0.0,0.4479110107861006,,,,,,,,,,,,,,,,
2006-11-08,3.7560000000000002,3.677099999999999,1.0214571265399368,10.341843749999997,0.0,0.4512757064581542,,,,,,,,,,,,,,,,
2006-11-09,3.739,3.682499999999999,1.015342837746097,10.35703125,0.0,0.4478677054265311,,,,,,,,,,,,,,,,
2006-11-10,3.695,3.6857666666666655,1.0025051323560004,10.366218749999998,0.0,0.4407497578126257,,,,,,,,,,,,,,,,
2006-11-13,3.713,3.689999999999999,1.0062330623306237,10.378124999999997,0.0,0.4428115174394973,,,,,,,,,,,,,,,,
2006-11-14,3.7060000000000004,3.6929,1.0035473476129873,10.386281249999998,0.0,0.4413257348225332,,,,,,,,,,,,,,,,
2006-11-15,3.728,3.697266666666666,1.0083124470329436,10.398562499999997,0.0,0.4439633862347548,,,,,,,,,,,,,,,,
2006-11-16,3.742,3.7020333333333326,1.0107958689368908,10.411968749999998,0.0,0.4453408110240769,,,,,,,,,,,,,,,,
2006-11-17,3.717,3.7054333333333327,1.0031215422397741,10.421531249999996,0.0,0.4410903747284918,,,,,,,,,,,,,,,,
2006-11-20,3.6860000000000004,3.7073,0.9942545788039816,10.42678125,0.0,0.4362017857289517,,,,,,,,,,,,,,,,
2006-11-21,3.7,3.7078666666666655,0.9978783846956024,10.428375,0.0,0.43819679796426303,,,,,,,,,,,,,,,,
2006-11-22,3.6830000000000003,3.708,0.993257820927724,10.42875,0.0,0.4356537382793151,,,,,,,,,,,,,,,,
2006-11-23,3.7260000000000004,3.709933333333333,1.004330715736132,10.434187499999998,0.0,0.44175887926671403,,,,,,,,,,,,,,,,
2006-11-24,3.687,3.709933333333333,0.99381839745548,10.434187499999998,0.0,0.4359619231484021,,,,,,,,,,,,,,,,
2006-11-27,3.682,3.709866666666666,0.9924884991374354,10.434,0.0,0.4352309473065452,,,,,,,,,,,,,,,,
2006-11-28,3.673,3.7103,0.9899469045629734,10.43521875,0.0,0.4338354497554487,,,,,,,,,,,,,,,,
2006-11-29,3.699,3.7115,0.9966320894517042,10.43859375,0.0,0.4375102264790791,,,,,,,,,,,,,,,,
2006-11-30,3.675,3.7111666666666654,0.9902546369066332,10.437656249999998,0.0,0.4340043108586852,,,,,,,,,,,,,,,,
2006-12-01,3.64,3.709,0.9813966028579132,10.4315625,0.0,0.4291550331201081,,,,,,,,,,,,,,,,
2006-12-04,3.6260000000000003,3.705266666666666,0.978607027834254,10.4210625,0.0,0.4276327529968757,,,,,,,,,,,,,,,,
2006-12-05,3.653,3.7023333333333337,0.986675069775817,10.4128125,0.0,0.43204186606359857,,,,,,,,,,,,,,,,
2006-12-06,3.676,3.6998333333333333,0.993558268390468,10.40578125,0.0,0.4358189017074447,,,,,,,,,,,,,,,,
2006-12-07,3.719,3.6989333333333336,1.0054249873837502,10.403250000000002,0.0,0.4423642445428476,,,,,,,,,,,,,,,,
2006-12-08,3.728,3.6989666666666654,1.00784903892078,10.40334375,0.0,0.4437065678080465,,,,,,,,,,,,,,,,
2006-12-11,3.7510000000000003,3.6996666666666655,1.0138751238850348,10.4053125,0.0,0.4470513523067306,,,,,,,,,,,,,,,,
2006-12-12,3.7569999999999997,3.7021666666666655,1.0148111466258498,10.41234375,0.0,0.44757189797229663,,,,,,,,,,,,,,,,
2006-12-13,3.779,3.7068,1.0194777166288982,10.425375,0.0,0.4501711450031177,,,,,,,,,,,,,,,,
2006-12-14,3.804,3.7111666666666654,1.0250145955898864,10.437656249999998,0.0,0.4532639373428212,,,,,,,,,,,,,,,,
2006-12-15,3.818,3.7143333333333333,1.0279098985910438,10.4465625,0.0,0.4548850137341151,,,,,,,,,,,,,,,,
2006-12-18,3.83,3.717166666666666,1.0303546608079632,10.45453125,0.0,0.4562558822162326,,,,,,,,,,,,,,,,
2006-12-19,3.847,3.721166666666666,1.033815559636315,10.46578125,0.0,0.4581997549270335,,,,,,,,,,,,,,,,
2006-12-20,3.8489999999999998,3.7242666666666655,1.0334920521265931,10.474499999999997,0.0,0.458017891249509,,,,,,,,,,,,,,,,
2006-12-21,3.86,3.728299999999999,1.035324410589277,10.485843749999997,0.0,0.4590484109657338,,,,,,,,,,,,,,,,
2006-12-22,3.8710000000000004,3.7341666666666655,1.0366436063378712,10.502343749999998,0.0,0.4597909856543369,,,,,,,,,,,,,,,,
2006-12-25,3.866,3.739266666666666,1.033892563604272,10.516687499999998,0.0,0.4582430485170098,,,,,,,,,,,,,,,,
2006-12-26,3.866,3.7445999999999993,1.0324200181594831,10.5316875,0.0,0.4574154706177616,,,,,,,,,,,,,,,,
2006-12-27,3.904,3.750466666666666,1.0409371278240929,10.5481875,0.0,0.4622116319106559,,,,,,,,,,,,,,,,
2006-12-28,3.917,3.756299999999999,1.0427814604797276,10.564593749999997,0.0,0.4632532508095646,,,,,,,,,,,,,,,,
2006-12-29,3.9130000000000003,3.7628333333333326,1.0399078708420075,10.582968749999996,0.0,0.4616308124991837,,,,,,,,,,,,,,,,
2007-01-01,3.912,3.7703666666666655,1.037564869906552,10.604156249999997,0.0,0.4603098916972229,,,,,,,,,,,,,,,,
2007-01-02,3.8930000000000002,3.7767999999999993,1.0307667866977337,10.622249999999998,0.0,0.4564871616414642,,,,,,,,,,,,,,,,
2007-01-03,3.9,3.784033333333333,1.0306463121360807,10.642593749999998,0.0,0.4564195474285713,,,,,,,,,,,,,,,,
2007-01-04,3.892,3.7895666666666656,1.0270303552736904,10.658156249999998,0.0,0.4543922806160766,,,,,,,,,,,,,,,,
2007-01-05,3.926,3.797533333333333,1.0338289767041766,10.680562499999997,0.0,0.4582072982091143,,,,,,,,,,,,,,,,
2007-01-08,3.918,3.8053999999999992,1.0295895306669471,10.702687499999998,0.0,0.4558266434082825,,,,,,,,,,,,,,,,
2007-01-09,3.94,3.814299999999999,1.0329549327530612,10.727718749999998,0.0,0.4577160160910786,,,,,,,,,,,,,,,,
2007-01-10,3.955,3.8228333333333326,1.03457296071849,10.751718749999998,0.0,0.45862566655553705,,,,,,,,,,,,,,,,
2007-01-11,3.928,3.8312666666666657,1.0252483947867548,10.775437499999995,0.0,0.4533947437191069,,,,,,,,,,,,,,,,
2007-01-12,3.9560000000000004,3.841799999999999,1.029725649435161,10.805062499999998,0.0,0.45590299270731205,,,,,,,,,,,,,,,,
2007-01-15,3.957,3.852833333333332,1.0270363801531344,10.836093749999995,0.0,0.4543956550165473,,,,,,,,,,,,,,,,
2007-01-16,3.958,3.8629999999999987,1.024592285788248,10.864687499999995,0.0,0.4530277060867932,,,,,,,,,,,,,,,,
2007-01-17,3.952,3.8722,1.0206084396467128,10.890562499999994,0.0,0.4508019680045073,,,,,,,,,,,,,,,,
2007-01-18,3.9730000000000003,3.880666666666665,1.023793162686824,10.914374999999994,0.0,0.4525808460166296,,,,,,,,,,,,,,,,
2007-01-19,3.9789999999999996,3.889033333333332,1.0231334264727312,10.937906249999996,0.0,0.4522120798423133,,,,,,,,,,,,,,,,
2007-01-22,3.955,3.895833333333332,1.0151871657754017,10.957031249999995,0.0,0.4477810879441513,,,,,,,,,,,,,,,,
2007-01-23,3.967,3.902833333333332,1.0164410471025327,10.976718749999995,0.0,0.4484789736360891,,,,,,,,,,,,,,,,
2007-01-24,3.985,3.9096999999999986,1.01925978975369,10.996031249999994,0.0,0.45004961074517374,,,,,,,,,,,,,,,,
2007-01-25,3.995,3.9160666666666653,1.0201562792598018,11.013937499999995,0.0,0.4505496629219172,,,,,,,,,,,,,,,,
2007-01-26,3.997,3.922033333333332,1.0191142349631572,11.030718749999995,0.0,0.4499684454429562,,,,,,,,,,,,,,,,
2007-01-29,4.015,3.928199999999999,1.022096634590907,11.048062499999995,0.0,0.4516328292600138,,,,,,,,,,,,,,,,
2007-01-30,4.011,3.9336666666666655,1.0196593509024665,11.063437499999996,0.0,0.4502724507569313,,,,,,,,,,,,,,,,
2007-01-31,4.006,3.9389,1.017035212876692,11.078156249999996,0.0,0.4488098447774705,,,,,,,,,,,,,,,,
2007-02-01,3.9810000000000003,3.942933333333332,1.0096544028134726,11.089499999999996,0.0,0.444707463589512,,,,,,,,,,,,,,,,
2007-02-02,3.943,3.945333333333332,0.9994085839810752,11.096249999999996,0.0,0.4390404145144215,,,,,,,,,,,,,,,,
2007-02-05,3.92,3.947133333333332,0.9931258128261864,11.101312499999995,0.0,0.4355811787741032,,,,,,,,,,,,,,,,
2007-02-06,3.935,3.949433333333332,0.9963454672822264,11.107781249999995,0.0,0.4373523958629144,,,,,,,,,,,,,,,,
2007-02-07,3.944,3.9507666666666656,0.9982872522632741,11.111531249999995,0.0,0.43842214171297,,,,,,,,,,,,,,,,
2007-02-08,3.968,3.9524666666666657,1.0039300352522478,11.116312499999998,0.0,0.4415373092513288,,,,,,,,,,,,,,,,
2007-02-09,3.9960000000000004,3.955233333333332,1.0103070193920296,11.124093749999995,0.0,0.4450695216211268,,,,,,,,,,,,,,,,
2007-02-12,3.995,3.957999999999999,1.009348155634159,11.131874999999996,0.0,0.4445376092371372,,,,,,,,,,,,,,,,
2007-02-13,4.012,3.9619666666666657,1.0126284084503492,11.143031249999998,0.0,0.4463584432010692,,,,,,,,,,,,,,,,
2007-02-14,3.9989999999999997,3.965266666666665,1.0085072042233396,11.152312499999995,0.0,0.4440713393699984,,,,,,,,,,,,,,,,
2007-02-15,3.9610000000000003,3.967566666666665,0.9983449133389908,11.158781249999995,0.0,0.43845392519157694,,,,,,,,,,,,,,,,
2007-02-16,3.983,3.969466666666665,1.003409358100165,11.164124999999995,0.0,0.4412494562920318,,,,,,,,,,,,,,,,
2007-02-19,4.001,3.972233333333332,1.00724193778479,11.171906249999996,0.0,0.4433702152086897,,,,,,,,,,,,,,,,
2007-02-20,3.9930000000000003,3.9739999999999984,1.0047810770005037,11.176874999999995,0.0,0.4420079805889261,,,,,,,,,,,,,,,,
2007-02-21,3.991,3.9751999999999987,1.003974642785269,11.180249999999996,0.0,0.4415619740881955,,,,,,,,,,,,,,,,
2007-02-22,4.015,3.9780999999999986,1.0092757849224507,11.188406249999995,0.0,0.4444974743701543,,,,,,,,,,,,,,,,
2007-02-23,3.9960000000000004,3.979433333333332,1.004163071794142,11.192156249999995,0.0,0.44166616882616105,,,,,,,,,,,,,,,,
2007-02-26,3.9610000000000003,3.979566666666665,0.9953345004062424,11.192531249999995,0.0,0.4367958982832438,,,,,,,,,,,,,,,,
2007-02-27,3.928,3.9785666666666653,0.9872902301498868,11.189718749999995,0.0,0.4323788447178296,,,,,,,,,,,,,,,,
2007-02-28,3.908,3.9770999999999987,0.9826255311659252,11.185593749999995,0.0,0.4298263992955732,,,,,,,,,,,,,,,,
2007-03-01,3.8960000000000004,3.974533333333332,0.9802408668522932,11.178374999999996,0.0,0.4285240630567263,,,,,,,,,,,,,,,,
2007-03-02,3.8689999999999998,3.9708666666666654,0.974346490270806,11.168062499999996,0.0,0.4253122271014034,,,,,,,,,,,,,,,,
2007-03-05,3.8689999999999998,3.9679999999999986,0.9750504032258068,11.159999999999995,0.0,0.4256952461288717,,,,,,,,,,,,,,,,
2007-03-06,3.891,3.9654666666666656,0.9812212097777482,11.152874999999995,0.0,0.42905925224780894,,,,,,,,,,,,,,,,
2007-03-07,3.895,3.9624666666666655,0.9829735686525232,11.144437499999995,0.0,0.4300166148511469,,,,,,,,,,,,,,,,
2007-03-08,3.9189999999999996,3.959933333333332,0.9896631256418459,11.137312499999995,0.0,0.4336797578135429,,,,,,,,,,,,,,,,
2007-03-09,3.95,3.9583666666666653,0.9978863335887702,11.132906249999996,0.0,0.4382011784425463,,,,,,,,,,,,,,,,
2007-03-12,3.935,3.955699999999999,0.9947670450236372,11.125406249999996,0.0,0.4364836720165091,,,,,,,,,,,,,,,,
2007-03-13,3.9219999999999997,3.952733333333332,0.9922247895970724,11.117062499999998,0.0,0.4350860633664925,,,,,,,,,,,,,,,,
2007-03-14,3.9,3.949199999999999,0.9875417806137956,11.107124999999995,0.0,0.4325166742451549,,,,,,,,,,,,,,,,
2007-03-15,3.938,3.9477666666666655,0.9975260273741272,11.103093749999998,0.0,0.43800264006757983,,,,,,,,,,,,,,,,
2007-03-16,3.946,3.9478666666666657,0.9995271707926646,11.103374999999998,0.0,0.4391058225180376,,,,,,,,,,,,,,,,
2007-03-19,3.975,3.949699999999999,1.0064055497885918,11.108531249999995,0.0,0.4429070158902769,,,,,,,,,,,,,,,,
2007-03-20,3.963,3.950633333333332,1.0031302997831577,11.111156249999995,0.0,0.4410952148240171,,,,,,,,,,,,,,,,
2007-03-21,3.971,3.951533333333332,1.0049263577008083,11.113687499999996,0.0,0.4420883506822224,,,,,,,,,,,,,,,,
2007-03-22,3.968,3.951533333333332,1.0041671587400676,11.113687499999996,0.0,0.44166842888648494,,,,,,,,,,,,,,,,
2007-03-23,3.9939999999999998,3.951466666666666,1.0107639357538132,11.113499999999998,0.0,0.4453230873037721,,,,,,,,,,,,,,,,
2007-03-26,3.997,3.951533333333332,1.01150608202723,11.113687499999996,0.0,0.44573507837031184,,,,,,,,,,,,,,,,
2007-03-27,4.013999999999999,3.9515999999999987,1.0157910719708474,11.113874999999995,0.0,0.44811714946023457,,,,,,,,,,,,,,,,
2007-03-28,4.013,3.9520666666666657,1.0154180934869521,11.115187499999998,0.0,0.4479095811835004,,,,,,,,,,,,,,,,
2007-03-29,4.033,3.9544666666666655,1.0198593994976148,11.121937499999998,0.0,0.4503840388989016,,,,,,,,,,,,,,,,
2007-03-30,4.042,3.956433333333332,1.0216272231723862,11.127468749999995,0.0,0.4513706816888321,,,,,,,,,,,,,,,,
2007-04-02,4.0680000000000005,3.9586666666666654,1.0276187268440558,11.133749999999996,0.0,0.4547218681491927,,,,,,,,,,,,,,,,
2007-04-03,4.0710000000000015,3.9612666666666656,1.0277015769366704,11.141062499999995,0.0,0.4547682869316496,,,,,,,,,,,,,,,,
2007-04-04,4.048,3.9631666666666656,1.0214054417763576,11.146406249999995,0.0,0.4512468495175323,,,,,,,,,,,,,,,,
2007-04-05,4.061,3.964699999999999,1.0242893535450353,11.150718749999996,0.0,0.4528582865019893,,,,,,,,,,,,,,,,
2007-04-06,4.065,3.9669999999999987,1.0247038064028238,11.157187499999996,0.0,0.4530900829599838,,,,,,,,,,,,,,,,
2007-04-09,4.067,3.9705333333333326,1.0242956445817524,11.167125,0.0,0.4528618045706216,,,,,,,,,,,,,,,,
2007-04-10,4.093999999999999,3.9760666666666657,1.02966080380946,11.182687499999995,0.0,0.4558666199345157,,,,,,,,,,,,,,,,
2007-04-11,4.109,3.9827666666666652,1.0316948854648782,11.201531249999995,0.0,0.4570081939519875,,,,,,,,,,,,,,,,
2007-04-12,4.13,3.9905666666666653,1.034940735233927,11.223468749999995,0.0,0.4588325437505523,,,,,,,,,,,,,,,,
2007-04-13,4.1610000000000005,4.000299999999998,1.040171987100968,11.250843749999996,0.0,0.4617798236186814,,,,,,,,,,,,,,,,
2007-04-16,4.151,4.009699999999999,1.0352395441055444,11.277281249999994,0.0,0.4590006585331866,,,,,,,,,,,,,,,,
2007-04-17,4.141,4.018033333333332,1.030603695008338,11.300718749999994,0.0,0.4563956304154079,,,,,,,,,,,,,,,,
2007-04-18,4.137,4.026099999999999,1.0275452671319645,11.323406249999994,0.0,0.4546807123582948,,,,,,,,,,,,,,,,
2007-04-19,4.159,4.034099999999999,1.0309610569891676,11.345906249999995,0.0,0.4565962020308052,,,,,,,,,,,,,,,,
2007-04-20,4.162,4.0411666666666655,1.0299006062605691,11.365781249999996,0.0,0.4560011349151676,,,,,,,,,,,,,,,,
2007-04-23,4.1530000000000005,4.0484333333333336,1.0258289214757974,11.386218749999998,0.0,0.4537196117957388,,,,,,,,,,,,,,,,
2007-04-24,4.146,4.055899999999999,1.0222145516408196,11.407218749999998,0.0,0.4516986920345177,,,,,,,,,,,,,,,,
2007-04-25,4.1560000000000015,4.064433333333334,1.0225287657976103,11.431218749999998,0.0,0.4518742180849978,,,,,,,,,,,,,,,,
2007-04-26,4.188,4.0727666666666655,1.0282936251360666,11.454656249999998,0.0,0.455100059085708,,,,,,,,,,,,,,,,
2007-04-27,4.19,4.080899999999999,1.0267342988066361,11.477531249999995,0.0,0.4542264800238135,,,,,,,,,,,,,,,,
2007-04-30,4.154,4.086866666666666,1.0164266022870008,11.4943125,0.0,0.4484709311620807,,,,,,,,,,,,,,,,
2007-05-01,4.155,4.093266666666667,1.0150816788547046,11.5123125,0.0,0.4477223982028784,,,,,,,,,,,,,,,,
2007-05-02,4.198,4.100833333333332,1.0236943710627926,11.533593749999996,0.0,0.4525256167896243,,,,,,,,,,,,,,,,
2007-05-03,4.205,4.1087333333333325,1.0234297674871415,11.555812499999998,0.0,0.452377705801999,,,,,,,,,,,,,,,,
2007-05-04,4.186,4.1151333333333335,1.017220989194356,11.5738125,0.0,0.4489133198947634,,,,,,,,,,,,,,,,
2007-05-07,4.205,4.122066666666666,1.0201193576037912,11.593312499999998,0.0,0.4505290634825898,,,,,,,,,,,,,,,,
2007-05-08,4.189,4.1279,1.0148017151578286,11.60971875,0.0,0.4475666515453288,,,,,,,,,,,,,,,,
2007-05-09,4.197,4.134033333333332,1.0152312914748312,11.626968749999996,0.0,0.4478056391743333,,,,,,,,,,,,,,,,
2007-05-10,4.1930000000000005,4.139366666666667,1.012956893566649,11.641968749999995,0.0,0.4465409646078948,,,,,,,,,,,,,,,,
2007-05-11,4.1930000000000005,4.144399999999999,1.0117266673101055,11.656124999999998,0.0,0.4458575656204863,,,,,,,,,,,,,,,,
2007-05-14,4.228,4.149733333333333,1.0188606496803008,11.671124999999998,0.0,0.44982705514033855,,,,,,,,,,,,,,,,
2007-05-15,4.262,4.156099999999999,1.0254806188494023,11.689031249999996,0.0,0.4535246857765839,,,,,,,,,,,,,,,,
2007-05-16,4.289,4.164133333333331,1.0299862316288309,11.711624999999994,0.0,0.4560491700626568,,,,,,,,,,,,,,,,
2007-05-17,4.298,4.172033333333332,1.0301931112726812,11.733843749999995,0.0,0.4561652374130131,,,,,,,,,,,,,,,,
2007-05-18,4.298,4.179799999999998,1.0282788650174657,11.755687499999995,0.0,0.4550917864678333,,,,,,,,,,,,,,,,
2007-05-21,4.302,4.1876333333333315,1.0273105731956798,11.777718749999995,0.0,0.4545492364704168,,,,,,,,,,,,,,,,
2007-05-22,4.322,4.195233333333332,1.0302168333902768,11.799093749999995,0.0,0.4561785472844024,,,,,,,,,,,,,,,,
2007-05-23,4.352,4.203333333333331,1.0353687549563844,11.821874999999995,0.0,0.4590733634356106,,,,,,,,,,,,,,,,
2007-05-24,4.327,4.209899999999998,1.027815387538897,11.84034375,0.0,0.4548320556069069,,,,,,,,,,,,,,,,
2007-05-25,4.363,4.216633333333332,1.0347117368516752,11.859281249999995,0.0,0.4587037246234372,,,,,,,,,,,,,,,,
2007-05-28,4.368,4.223866666666665,1.0341235518797949,11.879624999999995,0.0,0.4583729272476124,,,,,,,,,,,,,,,,
2007-05-29,4.381,4.231866666666666,1.035240555783106,11.902124999999998,0.0,0.4590012277676205,,,,,,,,,,,,,,,,
2007-05-30,4.382,4.240033333333332,1.0334824411757773,11.925093749999995,0.0,0.4580124888425851,,,,,,,,,,,,,,,,
2007-05-31,4.407,4.248299999999999,1.037356118918156,11.948343749999996,0.0,0.4601922881239054,,,,,,,,,,,,,,,,
2007-06-01,4.44,4.2575666666666665,1.0428492018132427,11.974406249999998,0.0,0.4632915295688912,,,,,,,,,,,,,,,,
2007-06-04,4.434,4.266933333333332,1.0391538028873195,12.000749999999995,0.0,0.4612054988604955,,,,,,,,,,,,,,,,
2007-06-05,4.4460000000000015,4.276933333333333,1.0395298812233067,12.028875,0.0,0.4614175940623317,,,,,,,,,,,,,,,,
2007-06-06,4.405,4.285233333333333,1.0279486920198824,12.05221875,0.0,0.4549067519755523,,,,,,,,,,,,,,,,
2007-06-07,4.448,4.2939,1.0358881203567851,12.07659375,0.0,0.4593656554701648,,,,,,,,,,,,,,,,
2007-06-08,4.4510000000000005,4.3026,1.0344907730209645,12.1010625,0.0,0.4585794409252745,,,,,,,,,,,,,,,,
2007-06-11,4.452,4.3125333333333336,1.0323398466485283,12.129000000000001,0.0,0.4573704334809821,,,,,,,,,,,,,,,,
2007-06-12,4.479,4.323333333333334,1.0360061680801849,12.159375000000002,0.0,0.4594321030982544,,,,,,,,,,,,,,,,
2007-06-13,4.4910000000000005,4.333100000000001,1.036440423715123,12.186843750000005,0.0,0.4596765783177392,,,,,,,,,,,,,,,,
2007-06-14,4.479,4.3422333333333345,1.0314968487798135,12.212531250000005,0.0,0.4568969938701792,,,,,,,,,,,,,,,,
2007-06-15,4.4860000000000015,4.352233333333333,1.0307351781077916,12.24065625,0.0,0.4564694214380846,,,,,,,,,,,,,,,,
2007-06-18,4.478,4.3613333333333335,1.0267502292876796,12.26625,0.0,0.4542354008761345,,,,,,,,,,,,,,,,
2007-06-19,4.439,4.369666666666666,1.015866961629415,12.2896875,0.0,0.4481593885008205,,,,,,,,,,,,,,,,
2007-06-20,4.477,4.379,1.0223795387074677,12.3159375,0.0,0.451790853130733,,,,,,,,,,,,,,,,
2007-06-21,4.47,4.388233333333333,1.0186331629281336,12.34190625,0.0,0.4497002334761577,,,,,,,,,,,,,,,,
2007-06-22,4.462,4.397199999999999,1.0147366505958342,12.367124999999994,0.0,0.44753045893997206,,,,,,,,,,,,,,,,
2007-06-25,4.447,4.404499999999999,1.009649222386196,12.387656249999996,0.0,0.4447045901211232,,,,,,,,,,,,,,,,
2007-06-26,4.475,4.411599999999998,1.014371203191586,12.407624999999996,0.0,0.44732720067156656,,,,,,,,,,,,,,,,
2007-06-27,4.448,4.416899999999999,1.0070411374493426,12.422531249999995,0.0,0.4432589905738939,,,,,,,,,,,,,,,,
2007-06-28,4.485,4.423133333333333,1.013987067991017,12.4400625,0.0,0.44711359296137854,,,,,,,,,,,,,,,,
2007-06-29,4.5,4.429866666666666,1.015831928726222,12.459,0.0,0.4481398894930139,,,,,,,,,,,,,,,,
2007-07-02,4.461,4.4351666666666665,1.0058246589756117,12.47390625,0.0,0.4425854394536077,,,,,,,,,,,,,,,,
2007-07-03,4.489,4.440733333333333,1.0108690756781913,12.4895625,0.0,0.4453814437935448,,,,,,,,,,,,,,,,
2007-07-04,4.521,4.446366666666666,1.0167852403835342,12.505406249999998,0.0,0.4486706300763908,,,,,,,,,,,,,,,,
2007-07-05,4.553999999999999,4.4539333333333335,1.022467032884791,12.5266875,0.0,0.4518397304646742,,,,,,,,,,,,,,,,
2007-07-06,4.574,4.460966666666667,1.0253383048517135,12.54646875,0.0,0.4534450513122265,,,,,,,,,,,,,,,,
2007-07-09,4.564,4.4675,1.021600447677672,12.56484375,0.0,0.4513557307135862,,,,,,,,,,,,,,,,
2007-07-10,4.511,4.4718333333333335,1.0087585255860758,12.57703125,0.0,0.4442106630254121,,,,,,,,,,,,,,,,
2007-07-11,4.52,4.4764333333333335,1.009732450686186,12.58996875,0.0,0.4447507560169325,,,,,,,,,,,,,,,,
2007-07-12,4.553999999999999,4.481333333333334,1.016215412079738,12.603750000000002,0.0,0.4483533536776813,,,,,,,,,,,,,,,,
2007-07-13,4.563,4.485433333333333,1.0172930151676167,12.61528125,0.0,0.4489534403538644,,,,,,,,,,,,,,,,
2007-07-16,4.538,4.4889,1.010938091737397,12.62503125,0.0,0.4454197520731294,,,,,,,,,,,,,,,,
2007-07-17,4.556,4.492566666666667,1.0141196198164375,12.63534375,0.0,0.4471872964682527,,,,,,,,,,,,,,,,
2007-07-18,4.527,4.4966333333333335,1.0067532005426283,12.64678125,0.0,0.4430995220006394,,,,,,,,,,,,,,,,
2007-07-19,4.545,4.499866666666667,1.0100299268126465,12.655874999999998,0.0,0.4449157804387784,,,,,,,,,,,,,,,,
2007-07-20,4.47,4.5005,0.993222975224975,12.65765625,0.0,0.4356345844968021,,,,,,,,,,,,,,,,
2007-07-23,4.467,4.501,0.9924461230837592,12.6590625,0.0,0.4352076641787545,,,,,,,,,,,,,,,,
2007-07-24,4.45,4.5000333333333336,0.988881563840268,12.656343749999998,0.0,0.43325108846372695,,,,,,,,,,,,,,,,
2007-07-25,4.4319999999999995,4.498066666666665,0.9853122082079712,12.650812499999995,0.0,0.4312957084480703,,,,,,,,,,,,,,,,
2007-07-26,4.338,4.493366666666664,0.9654231051698436,12.637593749999995,0.0,0.4204694348951643,,,,,,,,,,,,,,,,
2007-07-27,4.327,4.488066666666665,0.9641122383802978,12.622687499999996,0.0,0.4197599886055133,,,,,,,,,,,,,,,,
2007-07-30,4.31,4.4824666666666655,0.9615241608043196,12.606937499999995,0.0,0.4183607868630053,,,,,,,,,,,,,,,,
2007-07-31,4.359,4.479799999999998,0.9730345104692176,12.599437499999995,0.0,0.4245987329316647,,,,,,,,,,,,,,,,
2007-08-01,4.343999999999999,4.475366666666664,0.9706467254079744,12.586968749999993,0.0,0.42330148835758985,,,,,,,,,,,,,,,,
2007-08-02,4.388999999999999,4.472666666666665,0.9812937844686244,12.579374999999995,0.0,0.4290988836405774,,,,,,,,,,,,,,,,
2007-08-03,4.336,4.468466666666666,0.9703552299819478,12.5675625,0.0,0.4231432388563116,,,,,,,,,,,,,,,,
2007-08-06,4.327,4.464466666666667,0.9692087147400958,12.556312499999995,0.0,0.4225210518143217,,,,,,,,,,,,,,,,
2007-08-07,4.36,4.460633333333333,0.9774396759802421,12.54553125,0.0,0.4269964124391384,,,,,,,,,,,,,,,,
2007-08-08,4.439,4.460333333333333,0.9952170988715344,12.544687499999998,0.0,0.43673129341240535,,,,,,,,,,,,,,,,
2007-08-09,4.349,4.455799999999998,0.9760312401813372,12.531937499999994,0.0,0.4262291921144015,,,,,,,,,,,,,,,,
2007-08-10,4.2669999999999995,4.448033333333331,0.9593003649552988,12.510093749999996,0.0,0.41716008990269626,,,,,,,,,,,,,,,,
2007-08-13,4.279,4.441966666666664,0.9633120464659052,12.493031249999992,0.0,0.4193271688400628,,,,,,,,,,,,,,,,
2007-08-14,4.252,4.4340666666666655,0.9589391228518594,12.470812499999996,0.0,0.4169651800328003,,,,,,,,,,,,,,,,
2007-08-15,4.185,4.422866666666665,0.9462188927241759,12.439312499999994,0.0,0.41012602946553217,,,,,,,,,,,,,,,,
2007-08-16,4.003,4.404499999999999,0.9088432285162904,12.387656249999996,0.0,0.3902971144893112,,,,,,,,,,,,,,,,
2007-08-17,4.011,4.385733333333332,0.914556288572037,12.334874999999995,0.0,0.3933027245644687,,,,,,,,,,,,,,,,
2007-08-20,4.003,4.367033333333332,0.9166405874315904,12.282281249999993,0.0,0.3944015159361531,,,,,,,,,,,,,,,,
2007-08-21,3.932,4.347733333333332,0.9043792934249268,12.227999999999994,0.0,0.3879549331013621,,,,,,,,,,,,,,,,
2007-08-22,4.102,4.333799999999997,0.9465134523974348,12.188812499999992,0.0,0.41028387434757596,,,,,,,,,,,,,,,,
2007-08-23,4.088,4.318266666666664,0.9466761354864612,12.145124999999993,0.0,0.4103710615683421,,,,,,,,,,,,,,,,
2007-08-24,4.093,4.302599999999997,0.9512852693720082,12.101062499999992,0.0,0.4128444119872183,,,,,,,,,,,,,,,,
2007-08-27,4.081,4.287366666666664,0.9518663359793512,12.058218749999993,0.0,0.4131566582425464,,,,,,,,,,,,,,,,
2007-08-28,4.048,4.2704333333333295,0.9479131704042534,12.010593749999993,0.0,0.4110342780689214,,,,,,,,,,,,,,,,
2007-08-29,4.039,4.254166666666662,0.9494221351616072,11.964843749999988,0.0,0.4118438813800929,,,,,,,,,,,,,,,,
2007-08-30,4.042,4.237399999999996,0.953886817388022,11.917687499999989,0.0,0.4142431586501555,,,,,,,,,,,,,,,,
2007-08-31,4.079,4.224366666666662,0.9655885300360616,11.881031249999989,0.0,0.4205589992629925,,,,,,,,,,,,,,,,
2007-09-03,4.093999999999999,4.211933333333328,0.9720001899365306,11.846062499999983,0.0,0.4240365968919374,,,,,,,,,,,,,,,,
2007-09-04,4.088,4.1998666666666615,0.9733642337852008,11.812124999999984,0.0,0.4247779985241781,,,,,,,,,,,,,,,,
2007-09-05,4.022,4.186199999999995,0.9607758826620814,11.773687499999983,0.0,0.4179566071232432,,,,,,,,,,,,,,,,
2007-09-06,4.025,4.175766666666662,0.9638948536396522,11.744343749999983,0.0,0.41964238776271656,,,,,,,,,,,,,,,,
2007-09-07,3.924,4.162333333333328,0.942740450068072,11.706562499999983,0.0,0.4082639278556387,,,,,,,,,,,,,,,,
2007-09-10,3.903,4.148766666666663,0.9407615114532042,11.668406249999983,0.0,0.4072060955226785,,,,,,,,,,,,,,,,
2007-09-11,3.94,4.134799999999995,0.9528876850149959,11.629124999999984,0.0,0.4137057343343254,,,,,,,,,,,,,,,,
2007-09-12,3.987,4.122899999999996,0.9670377646802018,11.595656249999989,0.0,0.4213439873677909,,,,,,,,,,,,,,,,
2007-09-13,4.074,4.112399999999996,0.9906623869273428,11.566124999999989,0.0,0.4342280983108799,,,,,,,,,,,,,,,,
2007-09-14,4.051,4.1028999999999956,0.9873504106851264,11.539406249999988,0.0,0.4324118171072981,,,,,,,,,,,,,,,,
2007-09-17,4.05,4.093666666666662,0.9893331161957506,11.513437499999988,0.0,0.43349873252180654,,,,,,,,,,,,,,,,
2007-09-18,4.109,4.085299999999996,1.0058012875431437,11.489906249999988,0.0,0.442572503382156,,,,,,,,,,,,,,,,
2007-09-19,4.117,4.074566666666663,1.0104141953745602,11.45971874999999,0.0,0.4451289931486909,,,,,,,,,,,,,,,,
2007-09-20,4.138999999999999,4.067566666666664,1.017561687167595,11.440031249999988,0.0,0.4491031122909053,,,,,,,,,,,,,,,,
2007-09-21,4.118,4.062599999999995,1.0136365874070803,11.426062499999983,0.0,0.4469187395173838,,,,,,,,,,,,,,,,
2007-09-24,4.11,4.056966666666662,1.0130721639320028,11.410218749999988,0.0,0.446605022010544,,,,,,,,,,,,,,,,
2007-09-25,4.073,4.050999999999996,1.005430757837572,11.393437499999989,0.0,0.44236743780433097,,,,,,,,,,,,,,,,
2007-09-26,4.138,4.0494333333333286,1.0218713729493023,11.38903124999999,0.0,0.4515070210335718,,,,,,,,,,,,,,,,
2007-09-27,4.133,4.053766666666664,1.019545607788642,11.401218749999993,0.0,0.4502090098114495,,,,,,,,,,,,,,,,
2007-09-28,4.088,4.0563333333333285,1.0078067219985218,11.408437499999993,0.0,0.4436831192703308,,,,,,,,,,,,,,,,
2007-10-01,4.067,4.0584666666666624,1.0021026003252471,11.414437499999988,0.0,0.4405273885207423,,,,,,,,,,,,,,,,
2007-10-02,4.069,4.063033333333328,1.0014685251577242,11.427281249999988,0.0,0.4401772089667743,,,,,,,,,,,,,,,,
2007-10-03,4.081,4.062333333333329,1.0045950603101679,11.425312499999983,0.0,0.4419050845479858,,,,,,,,,,,,,,,,
2007-10-04,4.035,4.060566666666662,0.9937036702594888,11.420343749999983,0.0,0.4358988425204697,,,,,,,,,,,,,,,,
2007-10-05,4.074,4.059933333333328,1.0034647531158158,11.418562499999988,0.0,0.4412800771257772,,,,,,,,,,,,,,,,
2007-10-08,4.092,4.060299999999995,1.0078073048789509,11.419593749999983,0.0,0.4436834422507121,,,,,,,,,,,,,,,,
2007-10-09,4.095,4.061866666666663,1.0081571691176483,11.423999999999984,0.0,0.4438773246535161,,,,,,,,,,,,,,,,
2007-10-10,4.128,4.064833333333328,1.0155397925294205,11.432343749999983,0.0,0.44797730384153,,,,,,,,,,,,,,,,
2007-10-11,4.165,4.068933333333328,1.0236097912638868,11.443874999999982,0.0,0.4524783350738168,,,,,,,,,,,,,,,,
2007-10-12,4.234,4.074099999999995,1.0392479320586154,11.458406249999989,0.0,0.4612585802439976,,,,,,,,,,,,,,,,
2007-10-15,4.2669999999999995,4.079866666666662,1.0458675120101977,11.474624999999987,0.0,0.4649985822485829,,,,,,,,,,,,,,,,
2007-10-16,4.239,4.084899999999996,1.037724301696493,11.488781249999988,0.0,0.4603997197411146,,,,,,,,,,,,,,,,
2007-10-17,4.203,4.090933333333329,1.0273939117397834,11.505749999999988,0.0,0.4545959208660179,,,,,,,,,,,,,,,,
2007-10-18,4.126,4.094299999999995,1.0077424712405063,11.515218749999988,0.0,0.4436475178664264,,,,,,,,,,,,,,,,
2007-10-19,4.066,4.099033333333328,0.9919411893861164,11.528531249999983,0.0,0.4349302747697632,,,,,,,,,,,,,,,,
2007-10-22,4.046,4.103799999999995,0.9859154929577476,11.541937499999989,0.0,0.4316259341468371,,,,,,,,,,,,,,,,
2007-10-23,4.0569999999999995,4.107699999999996,0.9876573264844082,11.552906249999989,0.0,0.4325799905048861,,,,,,,,,,,,,,,,
2007-10-24,3.997,4.108033333333329,0.9729716571595504,11.553843749999988,0.0,0.4245645641819807,,,,,,,,,,,,,,,,
2007-10-25,3.9930000000000003,4.105333333333328,0.9726372198765844,11.546249999999988,0.0,0.4243827747104568,,,,,,,,,,,,,,,,
2007-10-26,4.015,4.104133333333328,0.9782820571131552,11.542874999999988,0.0,0.4274555660309005,,,,,,,,,,,,,,,,
2007-10-29,4.029,4.103433333333328,0.9818607182603196,11.540906249999988,0.0,0.4294085273962451,,,,,,,,,,,,,,,,
2007-10-30,4.047,4.101366666666662,0.9867442559797152,11.535093749999987,0.0,0.4320797599019544,,,,,,,,,,,,,,,,
2007-10-31,4.148,4.102399999999995,1.011115444617786,11.537999999999982,0.0,0.4455182008745879,,,,,,,,,,,,,,,,
2007-11-01,4.096,4.100966666666662,0.998788903429274,11.533968749999987,0.0,0.4386986917127633,,,,,,,,,,,,,,,,
2007-11-02,4.053,4.098799999999995,0.9888259978530312,11.527874999999987,0.0,0.4332206187450625,,,,,,,,,,,,,,,,
2007-11-05,4.048,4.0967333333333285,0.9881043432979132,11.522062499999988,0.0,0.4328249823499182,,,,,,,,,,,,,,,,
2007-11-06,4.063,4.0963999999999965,0.9918464993652972,11.52112499999999,0.0,0.43487826460790135,,,,,,,,,,,,,,,,
2007-11-07,4.0280000000000005,4.09273333333333,0.9841833493508828,11.510812499999993,0.0,0.43067808704410426,,,,,,,,,,,,,,,,
2007-11-08,3.9810000000000003,4.087666666666664,0.9739052434151524,11.496562499999989,0.0,0.4250722069391231,,,,,,,,,,,,,,,,
2007-11-09,3.945,4.082899999999996,0.9662249871414936,11.483156249999988,0.0,0.4209036648327885,,,,,,,,,,,,,,,,
2007-11-12,3.9560000000000004,4.079199999999997,0.9697979996077672,11.47274999999999,0.0,0.4228407945957237,,,,,,,,,,,,,,,,
2007-11-13,3.98,4.07623333333333,0.9763916033593112,11.46440624999999,0.0,0.4264254375103611,,,,,,,,,,,,,,,,
2007-11-14,4.016,4.074066666666663,0.9857472468131768,11.458312499999993,0.0,0.4315338286921771,,,,,,,,,,,,,,,,
2007-11-15,3.9589999999999996,4.07153333333333,0.9723609450984894,11.45118749999999,0.0,0.42423262544912493,,,,,,,,,,,,,,,,
2007-11-16,3.931,4.0667666666666635,0.9666155750268444,11.437781249999993,0.0,0.4211152417667669,,,,,,,,,,,,,,,,
2007-11-19,3.867,4.059266666666663,0.9526351229286086,11.416687499999993,0.0,0.4135699291801415,,,,,,,,,,,,,,,,
2007-11-20,3.9010000000000002,4.052799999999997,0.9625444137386506,11.398499999999993,0.0,0.4189121361547855,,,,,,,,,,,,,,,,
2007-11-21,3.826,4.04273333333333,0.9463894065071494,11.370187499999993,0.0,0.4102173991805901,,,,,,,,,,,,,,,,
2007-11-22,3.8289999999999997,4.0315333333333285,0.9497627040166694,11.338687499999988,0.0,0.41202669713520185,,,,,,,,,,,,,,,,
2007-11-23,3.8310000000000004,4.018099999999996,0.9534357034419264,11.300906249999988,0.0,0.4140004727523943,,,,,,,,,,,,,,,,
2007-11-26,3.827,4.00343333333333,0.9559294938511121,11.25965624999999,0.0,0.415342795621056,,,,,,,,,,,,,,,,
2007-11-27,3.844,3.9902666666666633,0.96334413740101,11.22262499999999,0.0,0.4193445230595193,,,,,,,,,,,,,,,,
2007-11-28,3.906,3.9803666666666633,0.9813166291212712,11.194781249999993,0.0,0.4291113589123136,,,,,,,,,,,,,,,,
2007-11-29,3.855,3.9713333333333294,0.9707067315762976,11.169374999999988,0.0,0.4233340681220316,,,,,,,,,,,,,,,,
2007-11-30,3.928,3.9667333333333294,0.9902354582275936,11.156437499999988,0.0,0.43399378616288775,,,,,,,,,,,,,,,,
2007-12-03,3.877,3.9610999999999956,0.9787685238948788,11.140593749999988,0.0,0.4277208187533383,,,,,,,,,,,,,,,,
2007-12-04,3.87,3.9548666666666623,0.9785412066146364,11.123062499999987,0.0,0.4275968621136928,,,,,,,,,,,,,,,,
2007-12-05,3.873,3.9507333333333294,0.9803243279728668,11.111437499999989,0.0,0.4285696150313282,,,,,,,,,,,,,,,,
2007-12-06,3.943,3.949066666666664,0.9984637720305232,11.106749999999987,0.0,0.4385194447197757,,,,,,,,,,,,,,,,
2007-12-07,4.037,3.949799999999996,1.0220770671932766,11.108812499999988,0.0,0.4516219002754717,,,,,,,,,,,,,,,,
2007-12-10,4.081,3.95153333333333,1.0327636529279784,11.11368749999999,0.0,0.4576085338197992,,,,,,,,,,,,,,,,
2007-12-11,4.0680000000000005,3.95223333333333,1.0292914554640002,11.11565624999999,0.0,0.4556594727656417,,,,,,,,,,,,,,,,
2007-12-12,4.124,3.9514333333333296,1.0436719165197448,11.11340624999999,0.0,0.4637565399582931,,,,,,,,,,,,,,,,
2007-12-13,4.125,3.952399999999997,1.0436696690618368,11.11612499999999,0.0,0.4637552693676116,,,,,,,,,,,,,,,,
2007-12-14,4.157,3.955866666666663,1.0508443156156266,11.12587499999999,0.0,0.4678196709255629,,,,,,,,,,,,,,,,
2007-12-17,4.145,3.959099999999996,1.046955116061732,11.13496874999999,0.0,0.4656144086759591,,,,,,,,,,,,,,,,
2007-12-18,4.128,3.961266666666664,1.0420909136808103,11.141062499999988,0.0,0.4628631254351937,,,,,,,,,,,,,,,,
2007-12-19,4.087,3.963233333333328,1.0312287105646074,11.146593749999989,0.0,0.4567464506034098,,,,,,,,,,,,,,,,
2007-12-20,4.069,3.966166666666664,1.025927637937556,11.15484374999999,0.0,0.4537748649367155,,,,,,,,,,,,,,,,
2007-12-21,4.102,3.971399999999997,1.0328851286699914,11.16956249999999,0.0,0.4576767910580464,,,,,,,,,,,,,,,,
2007-12-24,4.1080000000000005,3.976466666666664,1.0330779418914624,11.183812499999993,0.0,0.4577851424044823,,,,,,,,,,,,,,,,
2007-12-25,4.098,3.980399999999997,1.0295447693699136,11.194874999999987,0.0,0.4558015379776229,,,,,,,,,,,,,,,,
2007-12-26,4.098,3.9831333333333294,1.0288382680301948,11.202562499999988,0.0,0.4554053634759212,,,,,,,,,,,,,,,,
2007-12-27,4.158,3.989766666666663,1.0421662085502088,11.22121874999999,0.0,0.4629056559842953,0.000972486191423,0.037137526593244,0.010005929742647,0.01752590429765588,0.056749148888832125,3.711551804621986,0.44512150106695597,0.005262881252036999,0.4348062538129635,0.4554367483209486,84.57753077645644,0.008018949743941,0.00021094638914,0.0076054948212266,0.0084324046666554,38.01415979030026
2007-12-28,4.101,3.9954333333333296,1.0264218315910674,11.237156249999993,0.0,0.4540515187277585,0.0009518298122819999,0.038100720745422006,0.010036049571551001,0.01843006358518205,0.05777137790566196,3.796386264713784,0.44467875729528894,0.005136672785875999,0.43461087863497205,0.4547466359556059,86.56941483950398,0.008031551242084,0.00021129828261900002,0.007617406608150759,0.008445695876017241,38.01048992225112
2007-12-31,4.074,4.002333333333328,1.0179062213708678,11.256562499999989,0.0,0.4492950783720279,0.0009273471153660001,0.039109863595679,0.010053907416971,0.01940420505841584,0.05881552213294216,3.8900162865696095,0.44427698070733795,0.005002834816476,0.43447142446704506,0.454082536947631,88.80504693942127,0.008028256042701,0.00021122239978000002,0.0076142601391322,0.0084422519462698,38.00854478999719
2008-01-01,4.066,4.0078333333333305,1.0145132448954142,11.272031249999989,0.0,0.4474061979684283,0.000920090666845,0.039438436425142,0.010082308522294001,0.019677111721445758,0.059199761128838235,3.9116474503767504,0.4441504335622961,0.004961922114623,0.4344250662176351,0.4538758009069572,89.51177049986067,0.008029161580388,0.00021126678236400002,0.007615078686954559,0.008443244473821441,38.00484624484517
2008-01-02,3.989,4.013266666666663,0.993953387930033,11.28731249999999,0.0,0.4360361502612747,0.0009173863025249999,0.039844237374376,0.01014319257692,0.0199635799236128,0.0597248948251392,3.928175184708431,0.443706153296057,0.004929930100356,0.4340434902993592,0.4533688162927548,90.00252422727405,0.00805446329103,0.00021197721084299998,0.007638987957777721,0.00846993862428228,37.99683588146782
2008-01-03,3.965,4.017799999999997,0.9868584797650464,11.30006249999999,0.0,0.43214232432707816,0.000883135448646,0.041285522358377,0.010159063858394001,0.021373757195924763,0.06119728752082924,4.0639101135546385,0.443245384022113,0.00475423713266,0.4339270792420994,0.4525636888021266,93.231652451068,0.008040159365791999,0.000211609098051,0.007625405533612039,0.00845491319797196,37.99533876297963
2008-01-04,3.926,4.020966666666664,0.9763821303335026,11.308968749999993,0.0,0.4264202782281591,0.0008757733549510001,0.041725876338985,0.010208658303716,0.021716906063701642,0.06173484661426836,4.087302669714705,0.442924978520774,0.004711353062673999,0.43369072651793295,0.4521592305236151,94.01226624892988,0.008046252911428,0.000211806305163,0.007631112553308519,0.00846139326954748,37.98873175764476
2008-01-07,3.9410000000000003,4.024766666666664,0.9791871992579289,11.319656249999992,0.0,0.4279491636181728,0.000888661669383,0.041051947085308,0.010238928489884001,0.02098364724513536,0.06112024692548064,4.009398749670834,0.443055643913159,0.00478120013357,0.4336844916513618,0.4524267961749562,92.66619918341485,0.008040706994224,0.00021168479631099998,0.007625804793454441,0.008455609194993559,37.98433866934064
2008-01-08,3.978,4.02923333333333,0.98728459508426,11.332218749999992,0.0,0.4323757573702703,0.0008964974299500002,0.040656633216816,0.010267365369844,0.020532597091921758,0.06078066934171024,3.9597921913083054,0.443298295771045,0.00482189198198,0.4338473874863642,0.4527492040557258,91.9345139683137,0.008039300397000999,0.000211670070475,0.007624427058869999,0.008454173735132,37.98033599623884
2008-01-09,3.924,4.029833333333332,0.9737375408412264,11.333906249999993,0.0,0.4249809987348594,0.000901173315535,0.040589439163001,0.010307801014462001,0.02038614917465548,0.06079272915134652,3.9377398832255315,0.44296599466960296,0.004839983512872,0.4334796269843738,0.4524523623548321,91.52221148925156,0.008050556023655,0.00021199816988299997,0.0076350396106843205,0.00846607243662568,37.974648687337535
2008-01-10,3.928,4.032266666666663,0.9741419218305676,11.340749999999993,0.0,0.4252009431108278,0.0009021164535569999,0.040547010706363,0.010330207865443,0.020299803290094717,0.06079421812263128,3.925091463261122,0.442950511143485,0.004843618805347999,0.4334570182850029,0.4524440040019671,91.45032442569712,0.008050415986081999,0.00021201133316999998,0.007634873773068799,0.0084659581990952,37.97163041100798
2008-01-11,3.9130000000000003,4.031766666666663,0.9705422767521276,11.33934374999999,0.0,0.42324478150920064,0.000911827836978,0.040111141938968,0.010347715760218,0.01982961904894072,0.060392664828995274,3.876328154777683,0.442900260899622,0.004894956738147001,0.43330614569285386,0.4524943761063901,90.48093468283932,0.008049555518896,0.00021200405782099998,0.007634027565566841,0.00846508347222516,37.968874754744895
2008-01-14,3.855,4.031033333333332,0.9563304694412522,11.337281249999993,0.0,0.4155587954420696,0.000938030541367,0.039104527652371004,0.010369711862265998,0.018779892402329648,0.05942916290241236,3.77103319472806,0.442645015561385,0.005029384674617001,0.4327874215991357,0.4525026095236344,88.01176370448351,0.008058974773781999,0.00021227108052,0.007642923455962798,0.008475026091601199,37.965486179386566
2008-01-15,3.833,4.029799999999997,0.951163829470446,11.333812499999993,0.0,0.41277916645810137,0.000946909311298,0.038768068815675,0.010372906625531999,0.018437171829632282,0.05909896580171772,3.7374354378405785,0.442466749362944,0.005075302955156,0.4325191555708383,0.4524143431550498,87.1803620931584,0.008060492773613,0.00021231458155799999,0.00764435619375932,0.008476629353466679,37.964857215470225
2008-01-16,3.74,4.025366666666663,0.9291079073541963,11.32134374999999,0.0,0.4009993118920572,0.0010125854615489998,0.036456529343580006,0.01038419161287,0.016103513782354806,0.05680954490480521,3.510772017958184,0.442076380292961,0.005416111242803,0.4314608022570671,0.4526919583288549,81.62247052816154,0.00807945666712,0.00021282947948099998,0.0076623108873372404,0.008496602446902759,37.96211261162078
2008-01-17,3.7119999999999997,4.017666666666663,0.9239193561768859,11.29968749999999,0.0,0.3982482026914781,0.001055958905777,0.034724107008048,0.010315832314209,0.014505075672198359,0.054943138343897635,3.3660984349483507,0.44222414212835903,0.005661554796608001,0.43112749472700734,0.4533207895297107,78.1100171269739,0.008053604000393,0.00021210039340799998,0.00763788722931332,0.00846932077147268,37.97071693740604
2008-01-18,3.687,4.005999999999997,0.9203694458312538,11.26687499999999,0.0,0.3963702960210308,0.001084122827471,0.033668081275459,0.010249865444344001,0.013578345004544759,0.05375781754637324,3.284733976096851,0.44238032781221204,0.005821146352891,0.4309708809605456,0.4537897746638783,75.99539695347762,0.008036673533130999,0.00021160693216099998,0.007621923946095439,0.008451423120166559,37.97925451243441
2008-01-21,3.5839999999999996,3.9894333333333294,0.8983732025433862,11.22028124999999,0.0,0.3848122293290337,0.001181663007717,0.031148902177289998,0.01022516334889,0.011107582013465605,0.0511902223411144,3.046298735234441,0.4415970677560139,0.006330527328531999,0.4291892341920912,0.4540049013199366,69.75675877200358,0.008063271413273001,0.000212294520297,0.007647174153490881,0.00847936867305512,37.98153339984378
2008-01-22,3.574,3.972966666666663,0.8995796591967387,11.173968749999993,0.0,0.3854427189204772,0.001187308899747,0.030981254774814997,0.010147873637818,0.011091422444691721,0.05087108710493828,3.0529799523080916,0.4413187865742961,0.006365636880535999,0.4288421382884455,0.4537954348601466,69.32830050732697,0.008058191175515,0.00021210212838099996,0.007642471003888239,0.008473911347141759,37.9920335408342
2008-01-23,3.45,3.950499999999997,0.8733071763067973,11.110781249999993,0.0,0.3718019512977854,0.001363219382227,0.027301635308975,0.010108671481928,0.00748863920439612,0.04711463141355388,2.70081339153057,0.440204071379566,0.007304026098038,0.4258881802274115,0.4545199625317205,60.26868818250686,0.008095323899,0.00021305887075599998,0.007677728512318239,0.008512919285681758,37.995713908933
2008-01-24,3.66,3.934999999999997,0.9301143583227456,11.06718749999999,0.0,0.4015338367968805,0.001106749944323,0.035084314973844004,0.010288823451465999,0.014918221008970644,0.05525040893871737,3.409944308923522,0.4423219349985471,0.005752867305423,0.431046315079918,0.4535975549171762,76.88721319568768,0.008288586785726,0.00021826617830000004,0.007860785076258,0.008716388495194,37.97467317329983
2008-01-25,3.6439999999999997,3.917899999999997,0.9300900992878844,11.01909374999999,0.0,0.4015209494915338,0.001112799073791,0.034894908629106006,0.010253766824253,0.014797525653570127,0.05499229160464189,3.4031306959867917,0.442176514595928,0.005783829510494,0.4308402087553598,0.4535128204364962,76.4504752074073,0.008287379795148,0.000218207114748,0.00785969385024192,0.00871506574005408,37.9794206285455
2008-01-28,3.637,3.900966666666663,0.9323330114757888,10.97146874999999,0.0,0.4027131709501793,0.001115061000415,0.034718987824655,0.010208632700033,0.014710067732590315,0.05472790791671968,3.4009439701502715,0.442437700157506,0.005801763689665,0.4310662433257626,0.4538091569892494,76.25917286939446,0.008277303884966,0.00021790685661000005,0.007850206446010399,0.0087044013239216,37.985513690279106
2008-01-29,3.674,3.8858333333333306,0.945485738794768,10.928906249999995,0.0,0.40973326443278224,0.001090383135723,0.035559650716103994,0.010192211235531,0.01558291669446323,0.05553638473774476,3.488904408901757,0.442546144431223,0.005668032246341999,0.4314368012283927,0.4536554876340533,78.0775629349789,0.008284715182962,0.00021808635808900006,0.007857265921107559,0.00871216444481644,37.988232072680894
2008-01-30,3.673,3.8720333333333294,0.9485972056025695,10.890093749999993,0.0,0.411401201555359,0.0010881453192389998,0.035635544646112,0.010173026204961999,0.015696413284386482,0.055574676007837526,3.5029443479394704,0.442537993934601,0.005655525696401,0.4314531635696551,0.4536228242995471,78.24878140262756,0.008284960203065,0.00021807783398099996,0.00785752764846224,0.00871239275766776,37.990840480316905
2008-01-31,3.574,3.8555333333333306,0.9269794062213621,10.843687499999993,0.0,0.399869807689536,0.001142910950367,0.03418809009653,0.010179245240778999,0.014236769424603156,0.05413941076845684,3.358607567442311,0.441911964957417,0.005918904075084001,0.4303109129702524,0.4535130169445817,74.66111282622403,0.008310774387028002,0.000218766556991,0.007881991935325641,0.008739556838730362,37.98923611232776
2008-02-01,3.574,3.8379333333333294,0.9312303496673564,10.79418749999999,0.0,0.4021268727104974,0.001139362144334,0.034237068406012004,0.010140367371339,0.014361948358187562,0.05411218845383645,3.376314402846889,0.442154958554256,0.005902798693578,0.4305854731148431,0.4537244439936689,74.90598638156338,0.008306086005954,0.000218612336617,0.007877605826184679,0.00873456618572332,37.994589575756606
2008-02-04,3.595,3.82083333333333,0.9408942202835341,10.746093749999993,0.0,0.40727699941015183,0.001119236832823,0.034811253863927,0.010112166444986,0.01499140763175444,0.05463110009609956,3.442511953626768,0.44255847736075,0.005801272484910001,0.4311879832903264,0.4539289714311736,76.28644896648927,0.008304933473611,0.00021855806821999998,0.0078765596598998,0.0087333072873222,37.9987503606792
2008-02-05,3.4739999999999998,3.8000333333333303,0.9142025069955534,10.68759374999999,0.0,0.39311633937003226,0.0012042407194000002,0.032652299221053,0.010113568346248,0.012829705262406916,0.05247489317969909,3.228563658559462,0.441531682089654,0.006216245887379001,0.4293478401503911,0.4537155240289169,71.02867069433191,0.008333443003924,0.00021931544045299998,0.00790358474063612,0.00876330126721188,37.9975207705802
2008-02-06,3.4739999999999998,3.7792333333333294,0.9192340598181296,10.629093749999992,0.0,0.3957704190734687,0.001196779056772,0.032847041383257995,0.010070279886496001,0.013109292805725837,0.05258478996079016,3.261780382817711,0.44167666996901706,0.006175372066278002,0.4295729407191122,0.4537803992189219,71.52227675169048,0.008333690063419,0.000219287368623,0.007903886820917921,0.00876349330592008,38.00351162830602
2008-02-07,3.3310000000000004,3.751666666666664,0.8878720568636169,10.551562499999992,0.0,0.3793410947638487,0.001342942265668,0.029719629156602007,0.010079406838723,0.009963991752704928,0.04947526656049908,2.948549416859142,0.440708156989144,0.006889878343638,0.4272039954356136,0.4542123185426745,63.964577458190966,0.00838795137618,0.00022073105110000002,0.007955318516023999,0.008820584236336,38.0007766662717
2008-02-08,3.298,3.724899999999997,0.8853928964535968,10.476281249999992,0.0,0.3780537991828544,0.001376667509636,0.028997376235137998,0.010000880752140999,0.009395649960941641,0.048599102509334365,2.899482250993867,0.44051158551307,0.007062568603527,0.4266689510501571,0.4543542199759829,62.37271596811252,0.008386920885223,0.000220644337571,0.007954457983583841,0.008819383786862159,38.01104065276653
2008-02-11,3.304,3.69923333333333,0.8931580417564006,10.404093749999992,0.0,0.3820913703176844,0.001351542934201,0.029544603244368996,0.009932854175996,0.01007620905941684,0.04901299742932117,2.9744323958534014,0.440719617523242,0.006924242540398,0.427148102144062,0.4542911329024221,63.64878395751993,0.008390062406692,0.00022067208091000002,0.0079575451281084,0.008822579685275599,38.02049798088388
2008-02-12,3.358,3.67563333333333,0.9135840535417942,10.337718749999992,0.0,0.392790598681979,0.001266763810444,0.03155100885486,0.009894857964430001,0.012157087244577204,0.0509449304651428,3.188626756268643,0.441622896028984,0.006475469336035,0.4289309761303554,0.4543148159276126,68.19936488177562,0.008402533168309,0.00022096502167800002,0.00796944172582012,0.008835624610797881,38.02653064506881
2008-02-13,3.3739999999999997,3.6551333333333305,0.9230853411640256,10.28006249999999,0.0,0.3978066907468648,0.0012195816351230002,0.032564352717903,0.009837152457022,0.01328353390213988,0.05184517153366612,3.310343400712357,0.44231091246395,0.0062552540842019996,0.4300506144589141,0.4545712104689859,70.71030313237107,0.008382440623456,0.00022039051618900001,0.00795047521172556,0.008814406035186441,38.03448881746277
2008-02-14,3.42,3.636966666666664,0.9403440596101154,10.228968749999991,0.0,0.4069830914541917,0.001168928329158,0.034054812805899,0.009837375922145999,0.014773555998492834,0.05333606961330516,3.461778128172766,0.442831913554146,0.005994331690897,0.43108302343998783,0.4545808036683041,73.87511008552606,0.008397164133886,0.000220773233657,0.007964448595918279,0.008829879671853719,38.03524546331198
2008-02-15,3.378,3.618699999999997,0.9334844004753096,10.177593749999991,0.0,0.4033257450981795,0.0011840347127500001,0.033647335502116,0.009828369972055,0.0143837303568882,0.052910940647343814,3.423490934690615,0.44271291174656896,0.006067632625663,0.4308203518002695,0.4546054716928684,72.96303831483151,0.008399407401516,0.00022082611718599997,0.007966588211831441,0.008832226591200561,38.03629529214943
2008-02-18,3.4560000000000004,3.6025333333333305,0.9593249195010928,10.132124999999991,0.0,0.4171733398019529,0.001142322192861,0.035151012098757005,0.009866770740915002,0.0158121414465636,0.05448988275095041,3.5625649994068813,0.44316383229267703,0.0058383787094619995,0.43172061002213147,0.4546070545632225,75.9052905517203,0.008436753775558,0.00022183405292,0.0080019590318348,0.0088715485192812,38.03182453050304
2008-02-19,3.438,3.5845333333333307,0.959120666567476,10.081499999999991,0.0,0.41706312804676815,0.0011361239711189998,0.035327045097285,0.009866029281707999,0.01598962770513732,0.054664462489432686,3.580675070849547,0.443248693096075,0.005809688814278,0.4318617030200901,0.4546356831720599,76.2947392305603,0.008435682887899,0.000221804612351,0.008000945847691041,0.008870419928106959,38.03204450292308
2008-02-20,3.489,3.5700333333333303,0.9773017992362356,10.040718749999991,0.0,0.42692128054140416,0.001093077906167,0.036749815873571,0.009885900974724,0.017373449963111957,0.05612618178403004,3.7173967216069315,0.443864853610229,0.00560160299643,0.4328857117372262,0.4548439954832318,79.23889891752006,0.008445172336276998,0.00022206610166999999,0.008009922777003799,0.008880421895550198,38.02999319912124
2008-02-21,3.5580000000000003,3.5576999999999974,1.0000843241420028,10.006031249999992,0.0,0.4394131845306581,0.001083020179698,0.037312089874346,0.009937453614142,0.01783468079062768,0.05678949895806432,3.754693236630344,0.444283811481498,0.00554550265734,0.4334146262731116,0.4551529966898844,80.11605781010108,0.008474289610004,0.00022287045796800002,0.00803746351238672,0.00891111570762128,38.023386711965536
2008-02-22,3.54,3.5452666666666643,0.9985144511931408,9.971062499999992,0.0,0.43854738234845575,0.001075345939121,0.037574753473308,0.009955539546634001,0.01806189596190536,0.057087610984710636,3.7742558599961264,0.44433053453759996,0.00550722166324,0.4335363800776496,0.4551246889975504,80.68143280003757,0.008474327520899,0.00022288475357999999,0.0080374734038822,0.008911181637915799,38.02111802074788
2008-02-25,3.542,3.5348333333333315,1.0020274411806314,9.941718749999994,0.0,0.4404858741081905,0.001079104425147,0.037438990978846,0.009972506330091998,0.017892878571865688,0.056985103385826325,3.754220828707132,0.44434838420510203,0.005526657584408001,0.4335161353396623,0.4551806330705417,80.40092540900358,0.008473944256709,0.00022288789286099996,0.008037083986701441,0.008910804526716559,38.018862971522985
2008-02-26,3.585,3.5265666666666644,1.016569467943326,9.918468749999994,0.0,0.44855047765434186,0.001071379590657,0.037779018388442,0.010003318929394,0.01817251328682976,0.057385523490054234,3.776648395907123,0.4447265374866911,0.005493847154338,0.4339585970641886,0.4554944779091936,80.94992907393278,0.008485423793981,0.00022321353637700002,0.00804792526268208,0.008922922325279919,38.014826213962586
2008-02-27,3.562,3.5206333333333317,1.0117497798691528,9.901781249999994,0.0,0.4458704004992306,0.0010710577474600002,0.037809878483890995,0.010021869018933,0.01816701520678232,0.057452741760999675,3.7727372421711713,0.44463035196767703,0.005486339260232999,0.43387712701762027,0.4553835769177337,81.04317485258346,0.008486695749222,0.00022326162033500002,0.0080491029733654,0.0089242885250786,38.01233609473464
2008-02-28,3.478,3.5128333333333317,0.9900839777957022,9.879843749999992,0.0,0.4339106620430536,0.001044094579226,0.038925691759886,0.010060182800342,0.019207733471215682,0.058643650048556324,3.869282748874442,0.4445005690166261,0.005333618816636,0.4340466761360196,0.4549544618972327,83.33939568950474,0.008500691324114,0.00022365701449700005,0.00806232357569988,0.008939059072528122,38.00771168853899
2008-02-29,3.415,3.5037666666666643,0.9746653601362352,9.854343749999991,0.0,0.4254857150742981,0.001034229424827,0.039410322454566,0.010100691449231,0.01961296721407324,0.05920767769505876,3.901745009503094,0.44436750102906397,0.00527101704134,0.4340363076280376,0.4546986944300904,84.30393936197248,0.008511666113163,0.00022397649955299998,0.008072672174039121,0.008950660052286879,38.00249637869825
2008-03-03,3.451,3.4993333333333307,0.9861878453038682,9.841874999999991,0.0,0.4317750499701661,0.001011272098026,0.040338925644655,0.010140618227915002,0.0204633139179416,0.060214537371368414,3.977955262491945,0.4446722161200611,0.005160230783557,0.43455816378428935,0.4547862684558328,86.17293194269989,0.008518167371402,0.000224176704788,0.00807878103001752,0.00895755371278648,37.997558129307286
2008-03-04,3.363,3.492299999999997,0.962975689373766,9.822093749999992,0.0,0.4191452908949593,0.001036267396856,0.03968365263942399,0.010206856793062,0.019678213325022467,0.0596890919538255,3.887940572106101,0.44420308080823706,0.005252406306470001,0.4339083644475559,0.4544977971689183,84.57134785271374,0.008547960681367,0.00022501664023400004,0.008106928066508359,0.00898899329622564,37.988126889136296
2008-03-05,3.332,3.4883666666666633,0.9551748191608306,9.811031249999992,0.0,0.4149363896450817,0.001060603153576,0.038791316792787994,0.010223759793253,0.01875274759801212,0.058829885987563876,3.794232021999274,0.443925804548302,0.005367447269524,0.43340560790003496,0.45444600119656897,82.707063946184,0.008547299244486,0.0002250160690140001,0.008106267749218559,0.00898833073975344,37.9852838152102
2008-03-06,3.377,3.4789333333333303,0.9706998313659368,9.78449999999999,0.0,0.4233303216660346,0.001035273457276,0.039834612301492,0.010257028756757,0.019730835938248283,0.05993838866473573,3.883640501178149,0.444256743471341,0.005240783852359,0.43398480712071735,0.4545286798219646,84.76914064513579,0.00856061266166,0.00022538936950400004,0.008118849497432159,0.00900237582588784,37.98143932215451
2008-03-07,3.343,3.468899999999997,0.9637060739715768,9.756281249999992,0.0,0.4195402729168245,0.001042733074759,0.039589250146804,0.010279560770234002,0.01944131103714536,0.05973718925646264,3.8512589235760037,0.444117664790632,0.005272110345310001,0.4337843285138244,0.4544510010674396,84.23906855168762,0.008563557774494999,0.000225485912042,0.008121605386892678,0.00900551016209732,37.97823862664434
2008-03-10,3.2560000000000002,3.456199999999997,0.9420751113940176,9.720562499999991,0.0,0.40790814931476416,0.00108062826817,0.038471527921513,0.010320643568848,0.018243066526570918,0.058699989316455085,3.727628772844591,0.443659612619891,0.005434345778008,0.4330082948949953,0.4543109303447867,81.63993068223698,0.008589399903366,0.000226203292021,0.008146041451004839,0.00903275835572716,37.97203757127363
2008-03-11,3.391,3.4467666666666634,0.9838205854762444,9.694031249999991,0.0,0.4304796925862686,0.001016367968736,0.041720857986252004,0.010452219619354,0.021234507532318155,0.06220720844018584,3.9915787751913516,0.444531118529073,0.005080536127500999,0.43457326771917104,0.454488969338975,87.4968915431695,0.008683267497962,0.000228775270736,0.008234867967319441,0.00913166702860456,37.955446277106425
2008-03-12,3.4139999999999997,3.4381333333333304,0.9929806871946024,9.669749999999992,0.0,0.4355014151692262,0.000994338239126,0.042641086235173,0.010486105884431999,0.02208831870168628,0.06319385376865971,4.06643674068569,0.44481946136205097,0.004978280414444001,0.4350620317497407,0.4545768909743612,89.3520300848221,0.008685665220429,0.00022886431813900002,0.008237091156876559,0.009134239283981441,37.951155038223746
2008-03-13,3.385,3.4318333333333304,0.9863532611335056,9.652031249999991,0.0,0.4318656277614957,0.000992311103693,0.042766614888025994,0.010523890803132,0.022139788913887282,0.06339344086216472,4.06376459885884,0.444733928287514,0.004962574342962,0.4350072825753085,0.4544605739997195,89.61758505809868,0.008688733772104001,0.000228976261114,0.008239940300320561,0.009137527243887441,37.94600248008874
2008-03-14,3.326,3.4235666666666633,0.9715014555969904,9.628781249999992,0.0,0.423765655935527,0.001005093509986,0.042367035869025,0.010568250334061,0.02165326521426544,0.06308080652378456,4.00889783358729,0.4444508072916429,0.005009683617977,0.434631827400408,0.4542697871828778,88.71833855869123,0.008700798678277,0.0002293331560200001,0.0082513056924778,0.0091502916640762,37.93955845398905
2008-03-17,3.2289999999999996,3.4113666666666633,0.9465414643202632,9.594468749999992,0.0,0.4102988863170471,0.001019967476374,0.042100721703423,0.01063177612113,0.021262440506008205,0.0629390029008378,3.9598954326880063,0.444144435553677,0.005055093357057,0.4342364525738453,0.4540524185335087,87.86077806725773,0.008734338933223,0.00023027300624,0.0082830038409926,0.0091856740254534,37.93036394427461
2008-03-18,3.41,3.4092333333333302,1.0002248794939244,9.588468749999992,0.0,0.43949073892626794,0.000997284962703,0.044471657239848,0.010842953458216998,0.023219468461742686,0.06572384601795331,4.101433932296834,0.44482504507035797,0.004879897972043,0.43526044504515377,0.4543896450955623,91.15457897249551,0.008883332207663,0.000234378709398,0.00842394993724292,0.00934271447808308,37.90161755932742
2008-03-19,3.498,3.41003333333333,1.0257964242773785,9.590718749999992,0.0,0.4537014232756062,0.0009930991815680001,0.044966341719012995,0.010914502381769001,0.023573917050745758,0.06635876638728025,4.119870988724488,0.445314242862045,0.004856901623093999,0.4357947156807808,0.4548337700433093,91.68689782485713,0.008918737439077,0.000235374566897,0.00845740328795888,0.00938007159019512,37.89167859838193
2008-03-20,3.5639999999999996,3.4177999999999966,1.0427760547720766,9.61256249999999,0.0,0.4632501962563831,0.001028931483896,0.04332224497578501,0.010921343909589001,0.021916410912990573,0.06472807903857945,3.966750368308404,0.445382919325646,0.0050375853566269994,0.4355092520266571,0.4552565866246349,88.41198467033848,0.008911390592243,0.0002351922420830001,0.00845041379776032,0.00937236738672568,37.88981521382088
2008-03-21,3.562,3.426599999999996,1.0395143874394457,9.637312499999991,0.0,0.4614088552144523,0.001021494031025,0.043637205205300005,0.010929798769600001,0.02221479961688401,0.065059610793716,3.9924985011317284,0.445421023831906,0.005001093406080999,0.4356188807559873,0.4552231669078248,89.06472798334384,0.008911724090541001,0.000235208205718,0.008450716007333721,0.00937273217374828,37.888661508766994
2008-03-24,3.5669999999999997,3.4353666666666625,1.0383171131659903,9.661968749999987,0.0,0.4607337960402823,0.001003880134794,0.04432684628320999,0.01093575211392,0.022892772139926788,0.06576092042649319,4.053387990277152,0.445609985576598,0.004924129013975999,0.435958692709205,0.455261278443991,90.4951889586645,0.008905981728823,0.000235059273908,0.008445265551963321,0.00936669790568268,37.88823806330765
2008-03-25,3.7060000000000004,3.4469666666666625,1.075148197932483,9.694593749999989,0.0,0.4817117664855401,0.001043959608483,0.043249024100739,0.011035515213705,0.021619414281877195,0.0648786339196008,3.919076115905168,0.44636515596745097,0.005112141839427,0.4363453579621741,0.4563849539727279,87.3147048708397,0.00897852802207,0.000237067767872,0.008513875197040879,0.00944318084709912,37.87325498814409
2008-03-26,3.694,3.4576333333333293,1.0683608248416558,9.724593749999988,0.0,0.4778126429580897,0.001050711633393,0.042945086820762,0.011024467806176,0.02133712992065704,0.06455304372086695,3.895434008769339,0.44615078922543705,0.005134556159375,0.4360870591530621,0.456214519297812,86.89179266465197,0.008973654435525998,0.00023693092832499998,0.008509269816008998,0.009438039055042998,37.87455904953764
2008-03-27,3.647,3.4651999999999963,1.052464504213322,9.745874999999991,0.0,0.4687397906232384,0.001039879799619,0.043532586429470006,0.011034991485543998,0.02190400311780377,0.06516116974113624,3.944958769247569,0.44580106345825204,0.005057992463677,0.43588739822944506,0.4557147286870589,88.13794537252659,0.008984612522482,0.0002372272442240001,0.00851964712380296,0.00944957792116104,37.87344304346259
2008-03-28,3.69,3.475599999999996,1.0616871907008874,9.775124999999989,0.0,0.4739936249677797,0.0010516515777010001,0.043064680089910004,0.011036961850179999,0.0214322348635572,0.0646971253162628,3.901860011340722,0.4460302551940221,0.005120860033302999,0.4359933695287482,0.456067140859296,87.10065346314566,0.008988944657855,0.00023734496586200004,0.00852374852476548,0.00945414079094452,37.87291053435053
2008-03-31,3.654,3.482199999999996,1.0493366262707495,9.79368749999999,0.0,0.4669642003825548,0.001039164479019,0.043679955787507004,0.011044384116588002,0.02203296291899452,0.06532694865601947,3.9549471773534117,0.445844855517295,0.005046049143846,0.4359545991953568,0.4557351118392332,88.35523452264414,0.008997153234337,0.00023756670839500008,0.0085315224858828,0.0094627839827912,37.87211303772802
2008-04-01,3.7119999999999997,3.4913333333333294,1.06320412449876,9.819374999999988,0.0,0.4748604174187893,0.001056805866223,0.04301600663912,0.0110528254856,0.021352468687344004,0.06467954459089599,3.891856131734288,0.446144487639245,0.00513711585359,0.4360757405662086,0.4562132347122814,86.84727001581629,0.009007005216836,0.00023783660642500004,0.008540845468243,0.009473164965429002,37.870558919489454
2008-04-02,3.7680000000000002,3.500633333333328,1.076376655652788,9.845531249999988,0.0,0.48241910292512397,0.0010888553442389998,0.041750022461318,0.011039972794424998,0.020111675784245005,0.063388369138391,3.7817142522672085,0.44630506382693297,0.005297239980192001,0.43592247346575663,0.4566876541881093,84.25237774686754,0.009008642509511,0.00023787263912799998,0.00854241213682012,0.00947487288220188,37.87170539051757
2008-04-03,3.707,3.5055999999999954,1.0574509356458253,9.859499999999986,0.0,0.4715769541065304,0.001073321871225,0.042461331270623,0.011029843318979998,0.020842838365422202,0.0640798241758238,3.8496767399729435,0.44571789892629204,0.005192781997665,0.4355400462108686,0.4558957516417154,85.83412496937635,0.009014088666817,0.000238004629598,0.008547599592804921,0.009480577740829079,37.87358540897685
2008-04-04,3.694,3.5107333333333286,1.052201819183078,9.873937499999986,0.0,0.4685905519118756,0.001067619324154,0.04268753536526202,0.011018998009621,0.021090299266404853,0.06428477146411918,3.873994289498221,0.4457423878424221,0.005165096138194001,0.43561879941156173,0.4558659762732824,86.29895280096106,0.009014273208333,0.00023799890329799996,0.00854779535786892,0.009480751058797079,37.87527204296264
2008-04-07,3.77,3.5183333333333286,1.0715300805305557,9.895312499999989,0.0,0.4796313846252562,0.001082943557952,0.042048989417928,0.011011063398023995,0.02046730515780097,0.06363067367805503,3.8187945975748883,0.446463566149471,0.005265639723342999,0.4361429122917188,0.4567842200072233,84.78809595921234,0.009017864387854,0.00023808811795299998,0.008551211676666119,0.00948451709904188,37.876163100357715
2008-04-08,3.75,3.5238333333333287,1.06418199877028,9.910781249999989,0.0,0.4754195839428614,0.0010651728446,0.042728070518832005,0.010997863102544,0.021172258837845768,0.06428388219981825,3.8851247847363375,0.446530200426051,0.005181165612358,0.4363751158258293,0.4566852850262727,86.18334827225272,0.009016170132015,0.00023802914178400002,0.00854963301411836,0.00948270724991164,37.87842977723835
2008-04-09,3.7,3.528433333333328,1.0486240352186535,9.923718749999988,0.0,0.4665601271679405,0.001053455159108,0.043346231009195,0.011009026904817,0.02176853827575368,0.06492392374263632,3.937335368871478,0.44621371354691,0.00510262006729,0.4362125782150216,0.4562148488787984,87.44795960948687,0.009027866953693,0.00023834660881299997,0.00856070760041952,0.00949502630696648,37.87705224192849
2008-04-10,3.667,3.534733333333328,1.0374191358141125,9.941437499999989,0.0,0.4602277883530371,0.0010435190745840001,0.043838105718338995,0.011019179706520001,0.022240513493559804,0.0654356979431182,3.9783456560200734,0.4460730479642029,0.005044280545731,0.4361862580945701,0.4559598378338357,88.43145101073549,0.009034602996613001,0.00023853173059099997,0.008567080804654641,0.00950212518857136,37.87589589963055
2008-04-11,3.6189999999999998,3.5415333333333288,1.0218737646593767,9.960562499999988,0.0,0.4515083567162673,0.001037633470335,0.044238301061539,0.011040660749788999,0.02259860599195256,0.06587799613112544,4.006852675224478,0.445803234369323,0.004998676133657001,0.4360058291473553,0.4556006395912907,89.18426048202589,0.009047379533418002,0.00023888787137200002,0.008579159305528883,0.009515599761307121,37.872912850167154
2008-04-14,3.6319999999999997,3.5475666666666625,1.0238003514145857,9.977531249999988,0.0,0.4525848649771755,0.0010191010500760001,0.04487459768737,0.011033887852706,0.023248177496066242,0.06650101787867377,4.066979679910643,0.446123760839411,0.004926924581374999,0.436466988659916,0.455780533018906,90.54812053058129,0.009033719086278999,0.00023851897664,0.0085662218920646,0.0095012162804934,37.8742153498572
2008-04-15,3.705,3.5589666666666626,1.0410325094362607,10.009593749999988,0.0,0.4622654737366778,0.000991317425502,0.04595599307776401,0.011041382652151,0.02431488307954805,0.06759710307597996,4.162159262618334,0.44678437798208703,0.004822109396176,0.4373330435655821,0.456235712398592,92.65330611048228,0.009023113767969,0.00023824163439600002,0.00855616016455284,0.00949006737138516,37.87379057754599
2008-04-16,3.7880000000000003,3.5741666666666627,1.0598274656097004,10.05234374999999,0.0,0.4729319820131664,0.0010181663016080001,0.044862602283053,0.011079647520026001,0.02314649314380204,0.06657871142230395,4.04910013626032,0.447082436180616,0.0049554732823129995,0.4373697085472825,0.4567951638139495,90.21992667710562,0.009038063542081998,0.00023867484544799996,0.008570260845003917,0.009505866239160079,37.86768364759565
2008-04-17,3.889,3.5912333333333293,1.08291487604073,10.100343749999988,0.0,0.4861922005208305,0.001063194255862,0.043146999141047,0.011109946492872001,0.021371504015017882,0.06492249426707611,3.8836369885965962,0.44750936342021397,0.005179278836783,0.43735797690011935,0.4576607499403087,86.40379819715801,0.009061762338546999,0.000239334622104,0.00859266647922316,0.009530858197870841,37.86231285252728
2008-04-18,4.035,3.6142999999999956,1.116398749412059,10.165218749999989,0.0,0.5057415323036637,0.001126412535166,0.04111920476674501,0.011154811623521005,0.019255773984643846,0.06298263554884619,3.6862303151800067,0.448510750726833,0.0055102063203,0.437710746339045,0.459310755114621,81.39636243283664,0.009115647342959998,0.000240806575474,0.008643666455030959,0.009587628230889038,37.85464464587497
2008-04-21,3.967,3.637999999999996,1.090434304562948,10.231874999999988,0.0,0.4905492115924086,0.001040546175613,0.044764922182329,0.01116727256223,0.0228770679603582,0.0666527764042998,4.008581498559861,0.448176657387235,0.005053046214364001,0.4382726868070816,0.4580806279673885,88.69435156030495,0.009138064263000999,0.000241397946556,0.00866492428775124,0.00961120423825076,37.85477214435598
2008-04-22,4.052,3.660033333333328,1.107093742315645,10.293843749999986,0.0,0.500270410876197,0.001062925797514,0.043892426464363005,0.011182411596318002,0.021974899735579718,0.06580995319314628,3.9251306470257368,0.44872836909214503,0.005181599352351,0.4385724343615369,0.4588843038227529,86.60035996193041,0.009150988889652,0.00024175694687900002,0.008677145273769159,0.009624832505534841,37.852020418737936
2008-04-23,4.008,3.6798333333333284,1.0891797635762503,10.349531249999988,0.0,0.4898209674612993,0.001043393660329,0.044887597033102015,0.011198088669348,0.02293934324117993,0.06683585082502409,4.008505233216371,0.44834734636712,0.005051765058477,0.4384458868525051,0.4582488058817349,88.75063293270306,0.009164833359500999,0.000242133214659,0.008690252258769359,0.00963941446023264,37.8503765888204
2008-04-24,4.02,3.7009999999999934,1.0861929208322092,10.409062499999985,0.0,0.4880892769236336,0.001067329188174,0.043753475800171,0.011175321923295001,0.0218498448305128,0.0656571067698292,3.915187061320022,0.44819048165133096,0.005163565994160999,0.4380698923027754,0.4583110709998866,86.79863531485071,0.009149909171232,0.0002417218247670001,0.00867613439468868,0.009623683947775321,37.853053525736776
2008-04-25,4.001,3.723499999999995,1.0745266550288721,10.472343749999986,0.0,0.4813540774153435,0.001050380510333,0.04454540571359298,0.011179258003473,0.022634060026785904,0.06645675140040007,3.9846477914504774,0.448031817787253,0.005066468818977999,0.4381015389020561,0.4579620966724498,88.43078558166245,0.009157126445407,0.00024191307642900002,0.00868297681560616,0.009631276075207841,37.852961818242214
2008-04-28,3.9810000000000003,3.7485666666666617,1.0620059222636222,10.542843749999985,0.0,0.4741756893076954,0.001044928714992,0.04485477803028,0.011185928008087001,0.022930359134429482,0.06677919692613052,4.009929082133467,0.447759143725618,0.00502247562834,0.4379150914940716,0.4576031959571644,89.15108342170883,0.009162203112812,0.00024205303611099995,0.008687779162034441,0.009636627063589559,37.85204788174621
2008-04-29,3.904,3.7650333333333283,1.0369098104487802,10.589156249999986,0.0,0.4599408987138015,0.001049378115471,0.044672076050303,0.011176651775712,0.022765838569907482,0.06657831353069853,3.99691042959591,0.446944991206747,0.005015575315655,0.4371144635880632,0.4567755188254308,89.11141057172277,0.00915463645315,0.00024184553421299998,0.008680619206092519,0.00962865370020748,37.85323753426924
2008-04-30,3.904,3.7785666666666615,1.0331960090686958,10.627218749999985,0.0,0.4578514960240921,0.001050795114718,0.044612021342853,0.011174258367293004,0.02271047494295871,0.06651356774274729,3.9923921459906935,0.44681434577603296,0.005018388570817001,0.4369783041772317,0.4566503873748343,89.0354223214933,0.009153317418228,0.00024180871586700002,0.00867937233512868,0.009627262501327321,37.85354628515551
2008-05-01,3.8939999999999997,3.7895666666666616,1.027558120101684,10.658156249999985,0.0,0.454687913110089,0.001047043707111,0.044787130182548,0.011175908083196,0.02288235033948384,0.06669191002561216,4.007471236264714,0.446789744791516,0.004998607988080999,0.4369924731348773,0.4565870164481548,89.38283335217766,0.009154626217193,0.000241844401855,0.008680611189557201,0.0096286412448288,37.853372445192115
2008-05-02,3.963,3.8029333333333284,1.0420903162471091,10.695749999999986,0.0,0.4628627879800793,0.001040218024144,0.044951110244955,0.011168902641731,0.023060061067162244,0.06684215942274778,4.0246666737878565,0.4473703463108011,0.004988637221354,0.4375926173569473,0.4571480752646549,89.6778672130805,0.009147364632112,0.000241644683165,0.0086737410531086,0.0096209882111154,37.85460748521833
2008-05-05,3.971,3.8163999999999954,1.0405093805680758,10.733624999999988,0.0,0.4619702091359705,0.001010087206362,0.04598071424590901,0.011145278663719001,0.02413596806501977,0.06782546042679825,4.125577801440773,0.447731039431085,0.004870845406751,0.43818418243385293,0.457277896428317,91.92060146489477,0.009120232064963001,0.00024090209520599996,0.008648063958359237,0.00959240017156676,37.85866643105413
2008-05-06,3.908,3.823133333333328,1.022198196941428,10.752562499999987,0.0,0.4516895568294557,0.0009706066343039999,0.047866901842692,0.011175277048936002,0.02596335882677744,0.06977044485860656,4.283285473199991,0.44771313060882395,0.004677752617767999,0.4385447354779987,0.4568815257396493,95.7111602927142,0.00912156166978,0.00024095841973800002,0.00864928316709352,0.00959384017246648,37.85533487356874
2008-05-07,3.92,3.8306666666666622,1.0233205708318844,10.773749999999986,0.0,0.4523166722433515,0.000983263100575,0.047196344927668006,0.011200452890101999,0.025243457263068085,0.06914923259226792,4.213788977173978,0.4476392928247561,0.0047379105653929995,0.43835298811658585,0.4569255975329264,94.48031714538378,0.009115555720428001,0.000240825693061,0.00864353736202844,0.009587574078827559,37.851259159924936
2008-05-08,3.844,3.8372333333333284,1.0017634232997743,10.792218749999986,0.0,0.4403400565807049,0.000984324563955,0.04743783553324,0.011258705136591,0.02537077346552164,0.06950489760095836,4.213436177404424,0.4472895612254471,0.004717686508888,0.4380428956680266,0.4565362267828676,94.81120892259626,0.009140205732146,0.00024153141913399998,0.008666804150643359,0.009613607313648641,37.84271944798841
2008-05-09,3.819,3.8415333333333286,0.9941342866563708,10.804312499999986,0.0,0.43613562955046375,0.0009709934100469999,0.048092964652514995,0.011287546970898996,0.02596937258955297,0.07021655671547704,4.260710035271967,0.44731028667080297,0.004653570316333,0.4381892888507903,0.4564312844908157,96.12195717787672,0.009140782063477,0.00024157159676599997,0.008667301733815639,0.009614262393138359,37.838811291701816
2008-05-12,3.885,3.849233333333328,1.0092918936238395,10.825968749999989,0.0,0.4445064076870465,0.000992599449571,0.046922732834232005,0.011294600393678002,0.02478531606262312,0.06906014960584089,4.154439395704093,0.447273799397267,0.004761867409375,0.43794053927489207,0.456607059519642,93.92823464944016,0.009128415274145001,0.00024125566139599999,0.00865555417780884,0.00960127637048116,37.83710285318196
2008-05-13,3.9739999999999998,3.857966666666662,1.030076292347438,10.850531249999989,0.0,0.4560996958961292,0.0009978790418989998,0.046867862097713,0.011336537675297,0.02464824825413088,0.06908747594129512,4.134230700775672,0.447580999286317,0.004784876651822,0.4382026410487459,0.4569593575238881,93.5407601606464,0.009150447609819999,0.00024187746026099998,0.008676367787708441,0.009624527431931559,37.83092314569817
2008-05-14,4.064,3.8678333333333286,1.0507174559400194,10.878281249999986,0.0,0.4677476619006066,0.0009994988666869999,0.046937391756975,0.011371758059924,0.02464874595952396,0.06922603755442604,4.127540483154418,0.4480835723600369,0.004799689031288,0.4386761818587124,0.4574909628613614,93.35679237531609,0.009169805756489,0.00024242235371900009,0.00869465794319976,0.009644953569778241,37.825743442501576
2008-05-15,4.144,3.8823999999999956,1.0673810014424079,10.919249999999987,0.0,0.4772510201854422,0.001040760574654,0.044898763054907004,0.011346279909203002,0.022660054432869118,0.0671374716769449,3.9571351503932752,0.44809813538509796,0.005006604769202,0.4382851900374621,0.457911080732734,89.50139985915163,0.009151855795906,0.000241931522567,0.00867767001167468,0.00962604158013732,37.82829000038432
2008-05-16,4.128,3.896866666666662,1.0593126101312178,10.959937499999986,0.0,0.4726382706309054,0.001043529005923,0.044631579848469,0.011308285085408001,0.022467341081069327,0.06679581861586867,3.946803561404872,0.447679694693176,0.005013829191123,0.4378525894785749,0.457506799907777,89.28898006453821,0.009132445447138999,0.00024138324712000002,0.008659334282783801,0.0096055566114942,37.8337998022314
2008-05-19,4.17,3.9101999999999957,1.066441614239682,10.997437499999988,0.0,0.4767128709469552,0.0010526794159260002,0.043959176583821,0.011252704451636002,0.02190387585861444,0.06601447730902757,3.90654324680424,0.4474211220027921,0.005066510358266,0.4374907617005908,0.4573514823049935,88.30952477435402,0.009100412468676,0.000240487208229,0.00862905754054716,0.00957176739680484,37.841565610506734
2008-05-20,4.147,3.923433333333328,1.056982404866487,11.034656249999989,0.0,0.47131002809283207,0.001042456700577,0.044448143658299,0.011245316700656998,0.022407322925011287,0.06648896439158672,3.9525915402366745,0.44720930077862003,0.005008771933956,0.4373921077880662,0.4570264937691738,89.28521934625574,0.009104188386603,0.00024057813039099997,0.00863265525103664,0.009575721522169359,37.84295925735932
2008-05-21,4.253,3.9418666666666624,1.0789304559599524,11.086499999999988,0.0,0.4838911644881966,0.0010783569650399999,0.04285489418171201,0.011223415871148,0.02085699907426193,0.06485278928916209,3.8183468093593613,0.448052815448683,0.005211223329211,0.4378388177234294,0.4582668131739365,85.97843292134044,0.009100727034365,0.000240471518732,0.00862940285765028,0.00957205121107972,37.84534269322703
2008-05-22,4.3260000000000005,3.963833333333328,1.0913677837110554,11.148281249999988,0.0,0.4910914279824675,0.001104255644782,0.041788393453294,0.011185372651894,0.01986506305558176,0.06371172385100624,3.735985805195042,0.448076466765839,0.005339902248056,0.4376102583596492,0.4585426751720288,83.91098674679888,0.0090942882374,0.000240268975363,0.00862336104568852,0.00956521542911148,37.85044749810617
2008-05-23,4.334,3.987666666666663,1.0868511242999257,11.215312499999989,0.0,0.4884706279514562,0.0010923542918900005,0.042148102125095,0.011137959749287,0.02031770101649248,0.06397850323369751,3.784185171596794,0.44772866744997397,0.005276781610524,0.43738617549334696,0.4580711594066011,84.84881514842195,0.00908046771105,0.000239858318993,0.00861034540582372,0.00955059001627628,37.857630909706025
2008-05-26,4.334,4.011066666666664,1.0805105873749303,11.281124999999989,0.0,0.4848030702120559,0.0010840113780329998,0.042500071883338,0.011117391019042,0.020709985486015683,0.06429015828066031,3.822845828714997,0.447603151812895,0.005230909728380999,0.4373505687452682,0.4578557348805218,85.56889242121309,0.009082142594818,0.000239883229245,0.0086119714654978,0.0095523137241382,37.86068173003417
2008-05-27,4.311,4.031266666666664,1.0693909275827294,11.337937499999988,0.0,0.4784034255453347,0.001065268372311,0.043319037183651,0.011108303476888,0.021546762368950523,0.06509131199835147,3.899698750018744,0.44730968232302704,0.005129111685698,0.43725662341905897,0.4573627412269951,87.2099711866859,0.009086634498548,0.0002399903447040001,0.008616253422928159,0.00955701557416784,37.862500300850094
2008-05-28,4.323,4.049099999999997,1.067644661776692,11.38809374999999,0.0,0.4774021160442324,0.0010598134152269999,0.043540067033803,0.011098473393963,0.02178705918163552,0.06529307488597047,3.923068109302818,0.44720209577375203,0.005100645503801,0.437204830586302,0.457199360961202,87.67558840161018,0.009085339564408,0.00023994600164400004,0.00861504540118576,0.009555633727630242,37.86410068162451
2008-05-29,4.4239999999999995,4.0669333333333295,1.0877975214740023,11.438249999999993,0.0,0.4890192081397618,0.001094271595881,0.042325187282862005,0.011111210226833,0.020547215238269325,0.06410315932745468,3.809232875519477,0.447610540601234,0.005265920752708,0.4372893359259264,0.4579317452765417,85.00138183262426,0.00910630423285,0.00024051540361300002,0.00863489404176852,0.00957771442393148,37.86162589198407
2008-05-30,4.402,4.079166666666663,1.0791419816138927,11.472656249999993,0.0,0.4840131893360737,0.001089027532482,0.042543973242855006,0.011093741744822999,0.020800239423001923,0.06428770706270809,3.834952554462232,0.447591233263315,0.005238942985763,0.4373229050112195,0.4578595615154105,85.4354083408966,0.00910771085947,0.00024053547621200004,0.00863626132609448,0.00957916039284552,37.86431424968278
2008-06-02,4.355,4.092099999999997,1.0642457417951672,11.50903124999999,0.0,0.4754560442360658,0.001067395767431,0.043541572059663,0.011095909852182,0.02179358874938628,0.06528955536993973,3.9241101126198017,0.44727116802642203,0.005119644479031,0.4372366648475212,0.4573056712053227,87.3637163397423,0.009118643525448,0.000240823288254,0.00864662988047016,0.00959065717042584,37.86445900458745
2008-06-03,4.442,4.105099999999997,1.0820686463179956,11.545593749999993,0.0,0.4857030527118097,0.001095493719469,0.042543155581248,0.011104279964868,0.020778766850106718,0.06430754431238928,3.8312394604466276,0.447626825162146,0.0052549573239569995,0.4373271088071903,0.4579265415171018,85.18181929307673,0.009134985116399999,0.000241265658401,0.00866210442593404,0.00960786580686596,37.86276578662285
2008-06-04,4.4110000000000005,4.11853333333333,1.0710123344880065,11.583374999999993,0.0,0.4793340394121535,0.001088928125025,0.042816631958943994,0.011090291864973996,0.02107965990359497,0.06455360401429303,3.8607308518336807,0.4476114426139721,0.005221757116737,0.4373767986651676,0.4578460865627766,85.72046393718203,0.009136638546254,0.00024129509615900002,0.00866370015778236,0.00960957693472564,37.86499888188638
2008-06-05,4.683,4.140633333333331,1.1309864030462335,11.645531249999996,0.0,0.5143794291600093,0.001241792003157,0.038800874702567004,0.011259222935043,0.016732797749882726,0.06086895165525129,3.446141436795091,0.44925528184252,0.005919390496651001,0.437653276469084,0.460857287215956,75.89553047678285,0.009305115731802,0.000245920995185,0.0088231105812394,0.0097871208823646,37.83782561881085
2008-06-06,4.702,4.163999999999998,1.1292026897214222,11.711249999999994,0.0,0.5133192129748677,0.0012511017464589998,0.038489759587846,0.011185470279777001,0.01656623783948308,0.06041328133620893,3.44104973909186,0.4493752952468549,0.005968064020681999,0.43767788976631816,0.4610727007273916,75.29666131086951,0.009303653054067,0.000245812999848,0.00882185957436492,0.009785446533769079,37.84849889879529
2008-06-09,4.773,4.190399999999999,1.1390320733104244,11.785499999999995,0.0,0.5191756914530345,0.001298692500901,0.037043952488201005,0.011107396124456001,0.015273456084267247,0.05881444889213476,3.3350708008546888,0.449540497767456,0.0062030121017959995,0.4373825940479359,0.4616984014869762,72.47132367149486,0.009300926927679,0.00024567134572,0.008819411090067801,0.0097824427652902,37.859225708307726
2008-06-10,4.723,4.217699999999998,1.1198046328567708,11.862281249999995,0.0,0.5077516172840745,0.0012470845412279998,0.03876352086292,0.011063229963453998,0.01707959013455016,0.060447451591289836,3.5038158829717614,0.44918352114170096,0.0059222598713549995,0.4375758917938452,0.4607911504895568,75.84664146777658,0.009319689847476,0.00024611830353,0.0088372979725572,0.0098020817223948,37.866707651517494
2008-06-11,4.685,4.243733333333332,1.103980771647606,11.935499999999998,0.0,0.4984467204977495,0.00120941441562,0.040093789954186006,0.011027620126592,0.018479654506065687,0.061707925402306324,3.635760888924997,0.4487232788238811,0.005714675895444,0.4375225140688108,0.4599240435789514,78.52121223211235,0.009329221870421,0.00024633151926,0.0088464120926714,0.0098120316481706,37.872627499985796
2008-06-12,4.683,4.270033333333331,1.0967127500956282,12.009468749999995,0.0,0.494201754393161,0.001194424257671,0.040614951174986,0.010992661254419,0.01906933511632476,0.06216056723364724,3.694733262035064,0.4484712731749771,0.005633131491739,0.4374303354511687,0.4595122108987855,79.61313770726741,0.009328666893645,0.00024628181513099997,0.008845954535988241,0.00981137925130176,37.87801746015233
2008-06-13,4.725,4.295433333333332,1.100005432125591,12.080906249999995,0.0,0.4961226484254669,0.001196164530946,0.040503870867061004,0.010954919692284001,0.01903222827018437,0.061975513463937634,3.697322482025152,0.448349859902011,0.0056405552294180004,0.4372943716523517,0.4594053481516703,79.48683093531258,0.009321423505341,0.000246055571329,0.00883915458553616,0.009803692425145841,37.88340761803974
2008-06-16,4.776,4.322266666666665,1.1049757843107015,12.156374999999995,0.0,0.4990292732126281,0.0012103753828219999,0.040022711241629,0.010926030271146999,0.01860769191018088,0.06143773057307712,3.6630606220558453,0.44843724693072,0.005709969073468001,0.4372457075467227,0.4596287863147173,78.53584514397042,0.009321678674100999,0.00024603650081,0.0088394471325134,0.0098039102156886,37.88738111384687
2008-06-17,4.7360000000000015,4.349866666666665,1.0887690044139289,12.233999999999995,0.0,0.4895826425066532,0.0011916283199889998,0.040729415218282015,0.010909521738596,0.019346752610633854,0.06211207782593017,3.733382286978678,0.448337046115503,0.005612743063734001,0.4373360697105844,0.4593380225204217,79.87841970040934,0.009329466381339002,0.000246224382616,0.008846866591411642,0.009812066171266362,37.8900996003569
2008-06-18,4.716,4.376399999999999,1.0775980257746094,12.308624999999996,0.0,0.4831228547333836,0.00117483847879,0.041385921014574,0.01089950631482,0.0200228886375268,0.0627489533916212,3.797045464187922,0.448123478743743,0.005522709951701,0.437298967238409,0.458947990249077,81.14195434176891,0.009335643058738,0.000246375852965,0.0088527463869266,0.0098185397305494,37.891875142813454
2008-06-19,4.836,4.409466666666666,1.0967312751353149,12.401624999999996,0.0,0.494212551267712,0.001202384055231,0.040527625889533,0.010896469247835,0.0191705461637764,0.0618847056152896,3.7193355909836012,0.448323248574561,0.005650855649071999,0.4372475715023799,0.4593989256467421,79.33723252126956,0.009348088427354,0.000246704614601,0.008864547382736041,0.00983162947197196,37.89182639512409
2008-06-20,4.7360000000000015,4.440033333333333,1.0666586587187783,12.487593749999998,0.0,0.4768371840695201,0.001161638320171,0.04238842203085502,0.01093605061248,0.020953762830394216,0.06382308123131583,3.876026504712836,0.447877582456844,0.00542027923282,0.4372538351605168,0.4585013297531712,82.6299832940195,0.009392230627650999,0.000247899860556,0.00890634690096124,0.00987811435434076,37.88719609038559
2008-06-23,4.694,4.467,1.0508171032012537,12.5634375,0.0,0.4678042239773084,0.001144051197549,0.043185675576724994,0.010949700684583001,0.02172426223494232,0.06464708891850768,3.944005121302484,0.44756969956727705,0.005323477994467,0.43713568269812175,0.4580037164364323,84.0746782521631,0.009404872736595,0.0002482441090820001,0.00891831428279428,0.009891431190395721,37.88558274906281
2008-06-24,4.671,4.490233333333333,1.0402577445863987,12.62878125,0.0,0.4618282117046585,0.0011443059327489998,0.043186989329485996,0.010952860355831,0.021719383032057244,0.06465459562691478,3.942987304361623,0.44755016080745796,0.005323687126798,0.437115734038934,0.4579845875759821,84.06770536056501,0.009405857479547,0.000248273508378,0.008919241403126119,0.00989247355596788,37.885062892875894
2008-06-25,4.705,4.5116000000000005,1.0428672754676829,12.688875,0.0,0.4633017427401869,0.001152313841369,0.042820306818511004,0.010946893238907,0.021364396070253287,0.06427621756676873,3.9116401232746014,0.44777440445058503,0.0053691379829369995,0.4372508940040285,0.4582979148971415,83.39782025971734,0.009400910213335,0.000248137978849,0.00891455977479096,0.00988726065187904,37.88581762826987
2008-06-26,4.592,4.526533333333334,1.0144628707767531,12.730875,0.0,0.4473781814033082,0.001148509451842,0.043074603107649004,0.010960037472901,0.021592929660763045,0.06455627655453497,3.930151079697637,0.44770106323828496,0.005343022584806,0.4372287389720652,0.4581733875045047,83.7917220322898,0.009412434946898,0.000248453116026,0.00892546683948704,0.00989940305430896,37.884149321471476
2008-06-27,4.57,4.541266666666667,1.006327162759289,12.772312500000002,0.0,0.4428636154311871,0.001147057591192,0.043094617682423994,0.010956464272493999,0.02161994770833576,0.06456928765651224,3.9332595452908867,0.447758558436742,0.005339464441137,0.4372932081321135,0.4582239087413705,83.85832762310314,0.009409273043205,0.0002483667109570001,0.00892247428972928,0.00989607179668072,37.88459816922254
2008-06-30,4.716,4.559466666666667,1.0343315007603229,12.8235,0.0,0.4584898659529249,0.001142849523436,0.043448253890969,0.010992802565708998,0.02190236086217936,0.06499414691975862,3.952427384305279,0.4485041965127751,0.005325055060742,0.4380670885937208,0.4589413044318295,84.2252692970801,0.009438303548147,0.000249166210629,0.00894993777531416,0.00992666932097984,37.879548452093104
2008-07-01,4.6930000000000005,4.577666666666668,1.02519478628122,12.874687500000006,0.0,0.4533647492284586,0.0011384845071410001,0.043665568296711,0.01100046945663,0.0221046481617162,0.0652264884317058,3.969427711141286,0.4483905656469221,0.0052981306740209995,0.43800622952584095,0.4587749017680032,84.63184342461334,0.009442594712855999,0.000249285996574,0.008953994159570959,0.00993119526614104,37.878560539467024
2008-07-02,4.75,4.594233333333335,1.0339048227125305,12.921281250000005,0.0,0.4582499410725317,0.0011339099471939999,0.043814282305609,0.011004968333099,0.02224454437273496,0.06538402023848304,3.9813183445362834,0.448708602053065,0.005286634984496,0.4383467974834528,0.4590704066226772,84.87603236632755,0.009442985590955001,0.000249300304152,0.00895435699481708,0.009931614187092921,37.877954553992616
2008-07-03,4.561,4.602066666666668,0.9910764728889914,12.943312500000005,0.0,0.4344554144145018,0.001138870551063,0.044561966814143,0.011122059473609,0.022762730245869358,0.06636120338241662,4.00662907080132,0.44794822012484,0.005234862113037,0.4376878903832875,0.4582085498663925,85.57020422931457,0.009535934521108,0.00025186552435599996,0.009042278093370241,0.010029590948845759,37.86121401685126
2008-07-04,4.521,4.608300000000002,0.9810559208384868,12.960843750000004,0.0,0.4289689975682887,0.0011445308600880001,0.044403587397944,0.011130070070073,0.02258865006060092,0.06621852473528707,3.9895155303055203,0.4478038121565779,0.005254460482784001,0.4375050696103213,0.4581025547028345,85.22355694248509,0.009541060981945999,0.000252009891539,0.00904712159452956,0.01003500036936244,37.85986702218916
2008-07-07,4.48,4.613166666666668,0.9711333501932872,12.974531250000005,0.0,0.4235657271476337,0.0011596262571830001,0.043876312490282,0.011130387194131,0.022060753589785244,0.06569187139077877,3.9420293045528014,0.44751826953443197,0.005316015956299,0.43709887826008603,0.4579376608087781,84.18301848852899,0.009543539188486,0.000252077184825,0.009049467906229,0.010037610470743,37.85959128000412
2008-07-08,4.51,4.6198000000000015,0.9762327373479368,12.9931875,0.0,0.426338918032937,0.001158076648198,0.043938260274831,0.011125714623670001,0.0221318596124378,0.0657446609372242,3.949252858000725,0.4475268175942121,0.0053088785431779995,0.4371214156495832,0.457932219538841,84.29780676924423,0.009543981943429,0.00025208400193500003,0.0090498972996364,0.0100380665872216,37.86032382129467
2008-07-09,4.53,4.6267000000000005,0.9790995742105604,13.01259375,0.0,0.4279013687446873,0.001147931989851,0.044247196538875995,0.011115922118615,0.0224599891863906,0.0660344038913614,3.9805241586550295,0.44775654712243795,0.005270842534904,0.4374256957540262,0.4580873984908498,84.94971044142032,0.009537881604288,0.00025191148992,0.0090441350840448,0.0100316281245312,37.86203482546721
2008-07-10,4.507,4.629466666666668,0.9735462688286626,13.020375000000005,0.0,0.4248769820011923,0.00116362767527,0.043600665430726,0.011101559587143999,0.02184160863992376,0.06535972222152825,3.9274360587334627,0.447414053728836,0.00534054941607,0.4369465768733388,0.4578815305843332,83.77678378606188,0.009528803828088002,0.000251660975321,0.009035548316458841,0.010022059339717162,37.86365293989217
2008-07-11,4.523,4.6335000000000015,0.9761519369806841,13.03171875,0.0,0.4262949164917458,0.001164511214013,0.04356466172734602,0.011094182916597998,0.02182006321081394,0.06530926024387809,3.926802185870683,0.447362895887549,0.005344109322772001,0.4368884416149159,0.4578373501601821,83.71140425238745,0.009527939411461,0.00025163146661800003,0.00903474173688972,0.01002113708603228,37.86465794407663
2008-07-14,4.507,4.638566666666668,0.9716363531838136,13.045968750000002,0.0,0.4238389327611537,0.001170476041062,0.043359672572247,0.011088106355726001,0.021626984115024044,0.06509236102946996,3.910466871546238,0.44726986959001,0.0053692350595249995,0.436746168873341,0.4577935703066791,83.30234467878688,0.009528819014714,0.000251649063033,0.00903558685116932,0.01002205117825868,37.86550563655715
2008-07-15,4.431,4.638200000000001,0.9553274977361904,13.044937500000005,0.0,0.4150185964942828,0.0011829799684289998,0.042889378320921,0.011075977782322999,0.021180461867567918,0.06459829477427408,3.872288222659031,0.447262397560837,0.005427252568588001,0.4366249825264045,0.4578998125952695,82.41046310421329,0.009527407925871999,0.00025160172778099997,0.00903426853942124,0.010020547312322759,37.86702106505371
2008-07-16,4.456,4.639700000000001,0.9604069228613916,13.049156250000005,0.0,0.4177573749351857,0.00115298568698,0.043745499281754995,0.011041634257942001,0.022103896136188683,0.06538710242732132,3.961868167322371,0.447709442532709,0.005312194491579001,0.43729754132921417,0.4581213437362038,84.27956529874963,0.009504007482351,0.00025094680529,0.0090121517439826,0.0099958632207194,37.872598024846795
2008-07-17,4.504,4.633733333333335,0.97200241705752,13.032375000000005,0.0,0.4240378069558149,0.001132848611153,0.04455287373538501,0.011053884013254,0.02288726106940717,0.06621848640136285,4.030517570291656,0.44797248258969796,0.005222691095934,0.4377360080416674,0.4582089571377286,85.77426356661658,0.009509976937642,0.000251114448376,0.00901779261882504,0.010002161256458959,37.87108626821465
2008-07-18,4.65,4.6320000000000014,1.003886010362694,13.027500000000005,0.0,0.4415129671719041,0.001108938570627,0.045950943936838,0.011130528244754998,0.024135108577118203,0.06776677929655779,4.1283704534409935,0.4485198783008661,0.00510049767127,0.4385229028651769,0.4585168537365553,87.9364931048369,0.009561407033000999,0.00025254130655,0.009066426072163,0.010056387993839,37.86076489282627
2008-07-21,4.731,4.630600000000001,1.0216818554830904,13.023562500000004,0.0,0.4514011881238697,0.001121450611861,0.04549408839786701,0.011154332906738,0.02363159590066053,0.06735658089507349,4.078602349261631,0.44864438125860295,0.00515765513046,0.43853537720290137,0.4587533853143045,86.98611479644045,0.009568605991023,0.000252756211265,0.0090732038169436,0.0100640081651024,37.85705578953827
2008-07-22,4.6960000000000015,4.6297000000000015,1.0143205823271486,13.021031250000002,0.0,0.4472990490997757,0.001122249035819,0.045499220029697994,0.011168022908987,0.02360989512808348,0.06738854493131252,4.074062204249725,0.448506972492786,0.005155010956163,0.4384031510187065,0.4586107939668654,87.00407745139887,0.009571085404674998,0.00025283574366299997,0.00907552734709552,0.010066643462254478,37.854953836914056
2008-07-23,4.678,4.629466666666668,1.0104835690216294,13.020375000000005,0.0,0.4451674901959679,0.001119481162905,0.045622129663573,0.011179406489318998,0.023710492944507763,0.06753376638263824,4.080908025588158,0.44848817182880896,0.005140819852158,0.4384121649185793,0.4585641787390386,87.24059288724358,0.009571977407575,0.00025286952762200004,0.00907635313343588,0.01006760168171412,37.85342384907523
2008-07-24,4.53,4.624366666666668,0.9795936020067608,13.006031250000005,0.0,0.4281708649014115,0.001137940826931,0.045380440271392,0.011242822479496,0.02334450821157984,0.06741637233120416,4.036392138553613,0.447918793532326,0.00518429398538,0.4377575773209812,0.4580800097436708,86.3991885482367,0.009618865014919,0.000254171951049,0.00912068799086296,0.010117042038975042,37.84392799919922
2008-07-25,4.524,4.617666666666668,0.9797155850718254,12.987187500000005,0.0,0.4282374188315352,0.001153625419131,0.04455143687741698,0.011208359556407,0.022583052146859267,0.0665198216079747,3.974840087276527,0.44753868819306003,0.005262062341507,0.4372250460037063,0.4578523303824137,85.05005436041715,0.009591986394647,0.000253430802761,0.00909526202123544,0.010088710768058558,37.8485420483816
2008-07-28,4.462,4.6072000000000015,0.9684841118249694,12.957750000000004,0.0,0.4221280262862753,0.001164373061114,0.044204773406869007,0.011208105307111998,0.02223688700492949,0.06617265980880851,3.9440005420736033,0.44739881501872397,0.005305349006789001,0.4370003309654176,0.4577972990720305,84.32976123648234,0.009597498862181,0.000253577770336,0.009100486432322441,0.01009451129203956,37.8483447088102
2008-07-29,4.4460000000000015,4.597533333333334,0.9670402969708396,12.9305625,0.0,0.42134535954020746,0.001171210491269,0.043936240027444,0.011194350159966001,0.02199531371391064,0.06587716634097736,3.924858468745525,0.447223094001041,0.005335056178819001,0.4367663838905557,0.4576798041115263,83.8272511124722,0.009594470848577,0.000253485559411,0.00909763915213144,0.01009130254502256,37.850167365989826
2008-07-30,4.417,4.587566666666667,0.9628197955343064,12.90253125,0.0,0.4190610058337171,0.001180816774075,0.043578348818039,0.011178740771585,0.0216680169057324,0.0654886807303456,3.898323586571478,0.446982935122139,0.005376435556639,0.43644512143112657,0.4575207488131514,83.13741147147081,0.009591844058532,0.000253402023063,0.00909517609332852,0.01008851202373548,37.85227893044237
2008-07-31,4.367,4.571933333333333,0.9551757826739964,12.8585625,0.0,0.4149369084090686,0.0011951626862610001,0.043096076371219,0.01116517550108,0.0212123323891022,0.0649798203533358,3.8598655584993815,0.4467569922478429,0.005437310677326001,0.436099863320284,0.4574141211754018,82.16506629110555,0.009593963322229,0.000253446755071,0.00909720768228984,0.01009071896216816,37.853959974858775
2008-08-01,4.37,4.559733333333333,0.9583893794958772,12.82425,0.0,0.4166686363069828,0.0011936864254749999,0.04314173654714702,0.011147728382742,0.021292188916972696,0.06499128417732132,3.870002485343489,0.44682089756453797,0.005431286587542,0.4361755758529557,0.4574662192761204,82.26796549263938,0.009593800268753,0.00025342443799700003,0.00909708837027888,0.01009051216722712,37.85665007118892
2008-08-04,4.364,4.548733333333334,0.9593879614837828,12.7933125,0.0,0.4172073587436439,0.001195441571023,0.043076935067101,0.011131587806145,0.0212590229670568,0.0648948471671452,3.8697925055510174,0.446811970509442,0.005439114907818,0.4361513052901187,0.4574726357287653,82.14791893203795,0.009593541761714001,0.000253401858536,0.00909687411898344,0.010090209404444559,37.85900315459517
2008-08-05,4.364,4.538500000000001,0.9615511732951414,12.764531250000005,0.0,0.4183753806180166,0.0011919829791540001,0.043117738372341,0.011108823685719001,0.021344443948331758,0.06489103279635024,3.881395509748984,0.447022560973785,0.005430548877778,0.4363786851733401,0.4576664367742299,82.31627613241923,0.009586448208183,0.000253192939281,0.009090190047192241,0.01008270636917376,37.86222568218342
2008-08-06,4.36,4.527000000000001,0.9631102275237464,12.732187500000002,0.0,0.4192180355692165,0.001193560843643,0.04306090660332098,0.011095678119995,0.021313377488130787,0.06480843571851119,3.8808720059859705,0.44697948711258395,0.005437222994225,0.4363225300439029,0.457636444181265,82.20731200235011,0.009586005151995002,0.000253167690747,0.00908979647813088,0.010082213825859122,37.86425164957952
2008-08-07,4.195,4.513766666666667,0.9293790108778328,12.69496875,0.0,0.4011432665356329,0.0012622856954100001,0.041078210314018995,0.011108074783116002,0.01930638373911164,0.06285003688892636,3.698049492469765,0.4459070419043571,0.005719415637298999,0.4346969872552511,0.4571170965534631,77.96374143477622,0.009616936501751999,0.000254004824229,0.00911908704626316,0.01011478595724084,37.86123563174871
2008-08-08,4.167,4.500333333333334,0.9259314124879636,12.6571875,0.0,0.399314150752494,0.001272834271637,0.040675089794163,0.011055955821863,0.019005416383311515,0.062344763205014475,3.6790206518126403,0.445474875977727,0.0057719814289759995,0.434161792376934,0.45678795957852,77.17884775952638,0.009604876694031001,0.00025363613048500004,0.0091077498782804,0.0101020035097816,37.86872428491222
2008-08-11,4.212,4.483533333333333,0.9394376459042719,12.6099375,0.0,0.4064990535945693,0.001244751501733,0.041649913649495,0.011034562285928999,0.020022171569074158,0.06327765572991584,3.77449622107871,0.4455768123712,0.005638768521879001,0.4345248260683172,0.4566287986740829,79.0202347626612,0.009612573397611,0.000253815166872,0.009115095670541879,0.01011005112468012,37.872336456857454
2008-08-12,4.154,4.465566666666667,0.9302290862675138,12.559406249999995,0.0,0.40159478681615335,0.0012672142917040002,0.04096608008475,0.011010747444484,0.01938501509356136,0.06254714507593864,3.720553967049122,0.445228503968286,0.005736991019532,0.4339840015700033,0.4564730063665687,77.60662382989267,0.009615208628382,0.00025386396957000003,0.0091176352480248,0.0101127820087392,37.875436379085826
2008-08-13,4.121,4.444599999999999,0.9271925482608112,12.5004375,0.0,0.3999828555597136,0.00126203581194,0.041051444043717994,0.010965740727744,0.01955859221733976,0.06254429587009623,3.7436088507777434,0.4447737535107421,0.005721272441234999,0.4335600595259215,0.4559874474955627,77.74035550293887,0.009600627729948,0.00025343573278,0.0091038936936992,0.0100973617661968,37.881902542382186
2008-08-14,4.127,4.430133333333333,0.9315746704388128,12.45975,0.0,0.4023099152025839,0.001258222371197,0.041180263474065,0.01094299827205,0.019731986860847,0.062628540087283,3.763160922655306,0.444781963676485,0.005701134231568001,0.4336077405826117,0.4559561867703583,78.01639912521841,0.00960122929158,0.0002534282376440001,0.00910450994579776,0.010097948637362242,37.88539659521378
2008-08-15,4.103,4.416200000000001,0.9290792989447941,12.420562500000004,0.0,0.4009841221754612,0.001261958722523,0.041068729939587004,0.010920088253740001,0.01966535696225661,0.06247210291691741,3.760842310548436,0.444544240962601,0.005717407343808,0.4333381225687373,0.4557503593564647,77.7527669852085,0.009599877714633002,0.000253370454183,0.009103271624434322,0.010096483804831682,37.888702317658414
2008-08-18,4.088,4.403133333333334,0.928429754568716,12.3838125,0.0,0.4006393068106789,0.001272219098175,0.040737456664394996,0.010897197443774998,0.01937894967459601,0.062095963654194,3.738342530231728,0.444469993471071,0.005762133449192,0.4331762119106547,0.4557637750314874,77.13635884871417,0.009599069368687001,0.00025332956717700003,0.00910254341702008,0.010095595320353921,37.8916266097988
2008-08-19,4.081,4.388833333333333,0.9298598716439448,12.343593750000002,0.0,0.4013986522352164,0.001284006693661,0.040328303208011,0.010869193988680002,0.0190246829901982,0.0616319234258238,3.7103306142122383,0.4445280861660421,0.0058150533037490005,0.4331305816906941,0.4559255906413902,76.44436997325887,0.009595513422217,0.000253208920735,0.009099223937576398,0.0100918029068576,37.89563730368562
2008-08-20,4.092,4.3742333333333345,0.9354782171351927,12.302531250000005,0.0,0.4043874048444347,0.001260121558088,0.041057895048561006,0.010842710094293002,0.01980618326374672,0.06230960683337529,3.7866819910800373,0.4443462982795061,0.005708789733843,0.43315707040117385,0.4555355261578384,77.83546408187145,0.009589486228834999,0.000253022113185,0.0090935628869924,0.0100854095706776,37.89979503422379
2008-08-21,4.173,4.363100000000001,0.9564300611950216,12.271218750000005,0.0,0.4156124513307132,0.001214030742161,0.042771481437453,0.010861187451611999,0.021483554032293475,0.06405940884261252,3.938011532164948,0.44456960250523997,0.005486429733382,0.4338162002278113,0.4553230047826688,81.03076574556901,0.00960930252778,0.00025355662994499997,0.0091123315330878,0.0101062735224722,37.898052714570156
2008-08-22,4.226,4.353200000000001,0.9707801157768996,12.243375000000004,0.0,0.4233739128015914,0.0012041508326139999,0.043172602846912995,0.010877407642294001,0.021852883868016763,0.06449232182580925,3.9690158047444517,0.444861524361795,0.005436288994713,0.4342063979321575,0.4555166507914325,81.83183874043554,0.00961804888342,0.000253801805884,0.009120597343887359,0.010115500422952641,37.8959040497266
2008-08-25,4.132,4.340700000000001,0.9519201972032156,12.208218750000002,0.0,0.4131856064468614,0.0012233029589460002,0.042695416520601,0.010901616586926,0.02132824801022604,0.06406258503097596,3.916429841405811,0.444392227970289,0.005510378825524,0.433591885472262,0.455192570468316,80.64640236925861,0.009635424740046,0.00025428514416499996,0.0091370258574826,0.0101338236226094,37.892204720284006
2008-08-26,4.084,4.329133333333334,0.9433758873985552,12.175687500000002,0.0,0.4086038353756127,0.0012412233991289999,0.042128676459836,0.010901888416343,0.020760975163803718,0.06349637775586828,3.864346693980282,0.444169756249919,0.005587551235715999,0.4332181558279156,0.4551213566719224,79.49273975524696,0.009638697981620002,0.000254373824689,0.009140125285229565,0.010137270678010442,37.8918624721349
2008-08-27,4.177,4.319833333333333,0.9669354527566648,12.149531250000004,0.0,0.421288549176962,0.00120631911369,0.043566446667475,0.010935539084641,0.02213279006157864,0.06500010327337136,3.983932235097965,0.444534221637632,0.00541355105545,0.43392366156895007,0.45514478170631395,82.11508806037581,0.009666956628198999,0.000255147737142,0.00916686706340068,0.01016704619299732,37.887683177152816
2008-08-28,4.248,4.311300000000001,0.9853176536079604,12.125531250000005,0.0,0.4312986886606832,0.00119828913919,0.043950671117401,0.010960914234433,0.022467279217912323,0.06543406301688967,4.00976325308074,0.44492149326427705,0.00537121394704,0.4343939139280785,0.4554490726004754,82.83443885334165,0.009681335170825001,0.000255550292654,0.00918045659722316,0.01018221374442684,37.884265638274734
2008-08-29,4.204,4.296433333333335,0.9784860310490092,12.083718750000005,0.0,0.4275667770671528,0.0011619486259260002,0.045075802844437005,0.01093848622097,0.023636369851335805,0.06651523583753821,4.120844688547837,0.444319254600629,0.005222050557701001,0.4340840355075351,0.4545544736937229,85.0852073703918,0.009648121440256001,0.00025464794120400004,0.009149011475496158,0.01014723140501584,37.88807949770904
2008-09-01,4.114,4.275866666666668,0.9621441267267452,12.025875000000005,0.0,0.4186957830083845,0.001188736816375,0.04417079302858401,0.010967196971175,0.02267508696508101,0.06566649909208701,4.027537131381756,0.444090521293241,0.005335357350548999,0.43363322088616496,0.454547821700317,83.23538464532885,0.009657755412414,0.000254933798566,0.00915808516722464,0.010157425657603358,37.883385674017646
2008-09-02,4.167,4.258233333333335,0.9785748393308644,11.976281250000005,0.0,0.4276152011433079,0.001195715393639,0.043828142417677,0.010971915649637001,0.022323187744388483,0.06533309709096552,3.994575224348124,0.4446049874664129,0.0053700334501619994,0.4340797219040954,0.4551302530287305,82.7937091254023,0.009654006859329,0.00025483960146099996,0.00915452124046544,0.010153492478192559,37.882679159726756
2008-09-03,4.1739999999999995,4.241433333333335,0.9841012865147784,11.929031250000005,0.0,0.4306332036840683,0.001169600390683,0.044732666895062,0.010972133646531998,0.023227284947859285,0.06623804884226472,4.076934198591611,0.444394956343427,0.005256241067745,0.4340927238506468,0.4546971888362072,84.54615201544672,0.009643744686283002,0.000254566048381,0.009144795231456242,0.010142694141109762,37.88307493330577
2008-09-04,4.103,4.227200000000002,0.9706188493565476,11.889000000000005,0.0,0.4232863536881435,0.001200967924282,0.043504720435600996,0.010974342717483,0.021995008709334324,0.06501443216186767,3.9642210522816717,0.44437805207472997,0.005400106485419001,0.4337938433633088,0.4549622607861513,82.2906091342068,0.009636962995799999,0.000254393688485,0.0091383513663694,0.0101355746252306,37.882083683694795
2008-09-05,4.033,4.210833333333335,0.957767662774589,11.842968750000004,0.0,0.4163333744831755,0.0012201818989360002,0.042908671191467,0.010982665916146,0.02138264599582084,0.06443469638711316,3.906944954811638,0.4441433953926301,0.005480017444842,0.4334025612007398,0.4548842295845204,81.04780684788744,0.009644426807999,0.00025460095669900003,0.00914540893286896,0.010143444683129041,37.88055996743055
2008-09-08,4.109,4.199066666666669,0.978550789064236,11.809875000000005,0.0,0.42760208713547,0.0011678490532349998,0.044783768628537,0.010982221942298,0.023258613621632927,0.06630892363544108,4.07784224939531,0.444075139574319,0.00524696209267,0.4337910938726858,0.4543591852759522,84.6347146655942,0.009638554366111,0.00025443856863,0.0091398547715962,0.0101372539606258,37.8816561420756
2008-09-09,4.0760000000000005,4.186733333333335,0.9735513765704364,11.775187500000007,0.0,0.4248797595310349,0.001154069843113,0.0453231194769,0.010998332553261,0.02376638767250844,0.06687985128129156,4.120908261085574,0.443782389065409,0.005184469191486,0.4336208294500965,0.4539439486807216,85.59842342090082,0.009635870854907,0.000254381614413,0.00913728289065752,0.01013445881915648,37.87958841733676
2008-09-10,4.077,4.1754000000000016,0.9764333956028162,11.743312500000005,0.0,0.4264481990854465,0.0011343328926989998,0.04610551820196,0.011020821869011002,0.02450470733869844,0.06770632906522156,4.183491825741267,0.443648934781179,0.005095447692853,0.4336618573031871,0.4536360122591709,87.06770465006163,0.009633773554995001,0.000254345077361,0.00913525720336744,0.01013228990662256,37.87678399344529
2008-09-11,4.061,4.165200000000001,0.9749831940843172,11.714625000000007,0.0,0.4256586693909469,0.001131878432488,0.046220105526659006,0.011049328074708,0.024563422500231327,0.06787678855308668,4.18306934269207,0.443562995342765,0.005082701968451,0.433600899484601,0.453525091200929,87.26913324762734,0.009634363059048,0.000254388452471,0.009135761692204841,0.010132964425891159,37.87264306003658
2008-09-12,4.14,4.157533333333335,0.9957827558007146,11.693062500000005,0.0,0.4370426070674013,0.001120841163908,0.04685288914363099,0.011104333832521001,0.02508839483188983,0.06861738345537215,4.219333626877585,0.44389181262415295,0.005021933555930999,0.43404882285452817,0.4537348023937777,88.3906184102945,0.009656256367238,0.000255017663225,0.009156421747317,0.010156090987159002,37.865049209175204
2008-09-15,3.93,4.143066666666669,0.9485727158626456,11.652375000000005,0.0,0.4113880626840001,0.0011546203816,0.046628542221147,0.011260327703218002,0.02455829992283972,0.06869878451945427,4.140957834452787,0.44303615571226895,0.005111656773060001,0.43301730843707137,0.4530550029874666,86.67173391749898,0.009767762906644,0.00025812034514300004,0.00926184703016372,0.01027367878312428,37.8418946449856
2008-09-16,3.8789999999999996,4.126900000000002,0.9399306985873168,11.606906250000005,0.0,0.4067623217059265,0.001156427207897,0.04661465176354099,0.011275775938286001,0.02451413092450043,0.06871517260258155,4.134052682376018,0.442712479972281,0.005117320907495,0.4326825309935908,0.4527424289509712,86.51254982346323,0.009770375400799999,0.000258204938895,0.0092642937205658,0.0102764570810342,37.839614697638815
2008-09-17,3.8360000000000003,4.1094333333333335,0.9334620345059741,11.557781250000005,0.0,0.4033138421441906,0.001179189944418,0.045724760958961,0.011281005259048,0.023613990651226918,0.06783553126669507,4.05325233957225,0.442575816199531,0.005216398163308,0.4323516757994473,0.4527999565996147,84.84318151030195,0.009769929740594999,0.00025820147285,0.009263854853809,0.010276004627381001,37.838396631774
2008-09-18,3.91,4.099933333333335,0.9536740434803814,11.531062500000004,0.0,0.414128685272161,0.0011418802506970001,0.047390189662411,0.011314735336718,0.025213308402443717,0.06956707092237828,4.1883604213543935,0.4428157125234949,0.0050378075779359995,0.4329416096707403,0.4526898153762495,87.89849665217393,0.009790300255639,0.00025876788310099996,0.009283115204761041,0.01029748530651696,37.83429434258827
2008-09-19,4.229,4.102000000000001,1.030960507069722,11.536875000000006,0.0,0.4565958933542179,0.001106327283672,0.05174406939702901,0.011696147656486,0.02881961999031645,0.07466851880374156,4.424026689534368,0.443969152938761,0.004744313025993,0.4346702994078147,0.4532680064697073,93.57922854297308,0.010082738311091,0.00026688363596900005,0.00955964638459176,0.010605830237590241,37.77952992321109
2008-09-22,4.243,4.103033333333333,1.0341129733286754,11.539781250000004,0.0,0.4583669788334465,0.0011247077342410002,0.050771895952024006,0.01171259015966,0.02781521923909041,0.07372857266495761,4.334813671436449,0.444193731854034,0.004830699694245,0.4347255604533138,0.4536619032547542,91.95225536028627,0.010072742692595,0.00026664063246500003,0.0095501270529636,0.0105953583322264,37.77647314845649
2008-09-23,4.103,4.101333333333335,1.000406371911573,11.535000000000005,0.0,0.4395908901141794,0.001091446888221,0.052837708467070005,0.011794058448366998,0.029721353908270687,0.07595406302586932,4.480027693468326,0.44345191503633097,0.004660859100867,0.4343166311986316,0.4525871988740303,95.1438147859502,0.010114083940665002,0.000267814432905,0.009589167652171202,0.010639000229158802,37.76526840222553
2008-09-24,3.987,4.096866666666668,0.9731827575545536,11.522437500000004,0.0,0.4246793286592284,0.001115487247792,0.052039061999769994,0.011861735399849999,0.028790060616063998,0.075288063383476,4.387137315542323,0.44314984357036097,0.004747146748787,0.4338454359427384,0.4524542511979835,93.35077827193092,0.010143838604218,0.000268680107058,0.00961722559438432,0.01067045161405168,37.75433438411157
2008-09-25,4.051,4.094333333333335,0.9894162663844336,11.515312500000006,0.0,0.4335443411194713,0.001110067538928,0.05238568221867202,0.011899922800843999,0.029061833529017776,0.07570953090832626,4.402186728048061,0.44339827468980997,0.004719332685983,0.4341483826252833,0.4526481667543367,93.9535956019321,0.010155656396739,0.000269034511658,0.009628348753889321,0.01068296403958868,37.74852651485797
2008-09-26,3.873,4.086666666666669,0.9477161500815656,11.493750000000004,0.0,0.4109286193185305,0.001136670548943,0.05208233881083799,0.012017986821831998,0.02852708464004727,0.0756375929816287,4.333699111420799,0.442675680861677,0.004789432245160999,0.4332883936611615,0.4520629680621926,92.4275902031958,0.010238477274271,0.000271361521837,0.00970660869147048,0.01077034585707152,37.730025999827156
2008-09-29,3.6430000000000002,4.071833333333335,0.8946829847325116,11.452031250000005,0.0,0.3828861995478103,0.001270728749531,0.047753563531278,0.012136539569719001,0.02396594597462876,0.07154118108792723,3.934693514321459,0.44189784719874603,0.005293309043548,0.4315229614733919,0.4522727329241,83.4823441373417,0.010356672883738002,0.000274649345668,0.009818360166228722,0.01089498560124728,37.70871129718694
2008-09-30,3.661,4.0578333333333365,0.9022056105475004,11.412656250000007,0.0,0.3868164067454979,0.0012865167618860002,0.046887961339557006,0.012041371960746,0.023286872296494846,0.07048905038261917,3.8939052370782323,0.442251158616516,0.005368390889179,0.4317291124737251,0.4527732047593068,82.38058065182518,0.010330060973494,0.000273839369585,0.0097933358091074,0.0108667861378806,37.72306731916017
2008-10-01,3.622,4.0421666666666685,0.8960540964004449,11.368593750000004,0.0,0.3836013887538657,0.0013108030139169999,0.046031769845795,0.011973588023864999,0.0225635373190196,0.0695000023725704,3.844442430627216,0.44188662619672403,0.005469776366234001,0.4311658645189053,0.4526073878745426,80.78696396521934,0.010327209248699,0.000273690790307,0.009790775299697279,0.01086364319770072,37.73312663216533
2008-10-02,3.471,4.018766666666669,0.8636978177384433,11.302781250000004,0.0,0.3668588492001278,0.001385002221595,0.043444188018733,0.011856099516658999,0.02020623296608136,0.06668214307138465,3.6642900945365535,0.4403753912010121,0.005812236941435,0.4289834067957995,0.4517673756062247,75.76693717725188,0.010295147992216999,0.000272721099029,0.00976061463812016,0.010829681346313841,37.7497305081426
2008-10-03,3.411,3.991600000000002,0.8545445435414365,11.226375000000004,0.0,0.3621729731914314,0.001500604577841,0.039911852672792,0.011718514992201999,0.016943563288076082,0.06288014205750793,3.405879729586012,0.440187412046272,0.006308893456955999,0.4278219808706382,0.4525528432219058,69.77252271726373,0.010269111811796,0.000271893680293,0.00973620019842172,0.01080202342517028,37.76885067986301
2008-10-06,3.19,3.9602000000000017,0.8055148729862125,11.138062500000006,0.0,0.3374401082999553,0.0019426840360939998,0.031583605372471,0.011663166045651999,0.00872379992299308,0.054443410821948916,2.7079787125422015,0.438136699658567,0.008161407688417,0.4221403405892697,0.4541330587278643,53.683961932254675,0.010369713316484001,0.00027453286803200003,0.009831628895141279,0.01090779773782672,37.772210631149726
2008-10-07,3.2510000000000003,3.9324333333333352,0.8267145872360622,11.059968750000005,0.0,0.34805925771318164,0.001800301451896,0.034162855721596,0.011490059053886998,0.01164233997597748,0.05668337146721451,2.9732532758425934,0.43897997716494797,0.007490128018042,0.4242993262495857,0.4536606280803103,58.607806983745114,0.010392069695857,0.000274920398126,0.009853225715530042,0.01093091367618396,37.8002860707244
2008-10-08,3.141,3.8979000000000017,0.8058185176633568,10.962843750000005,0.0,0.3375914136809336,0.0021201887192670004,0.028974019439917998,0.011278502967379,0.00686815362385516,0.05107988525598084,2.568959685848449,0.43813903175102203,0.008854994277979,0.4207832429661832,0.4554948205358608,49.47931280324266,0.010375943567753,0.000274284278451,0.00983834638198904,0.01091354075351696,37.829158952738354
2008-10-09,3.2039999999999997,3.863100000000002,0.8293857264890886,10.864968750000005,0.0,0.3494052930718296,0.001918292463106,0.032154703495402004,0.011129768161808995,0.010340357898256372,0.053969049092547634,2.8890721736448652,0.43894927703799,0.007941576280694999,0.4233837875278279,0.4545147665481522,55.27231138042672,0.010406790924533001,0.000274926324486,0.009867935328540441,0.01094564652052556,37.8530173274482
2008-10-10,3.158,3.828233333333337,0.8249235939989721,10.766906250000007,0.0,0.3471577574521546,0.002007621662979,0.030740187868687,0.010971307282064,0.00923642559584156,0.052243950141532436,2.801871014855369,0.438427644944965,0.008318216891134,0.4221239398383424,0.4547313500515877,52.706926338055624,0.010403348720576999,0.000274671736732,0.009864992116582282,0.01094170532457172,37.87557046952504
2008-10-13,3.28,3.800433333333337,0.8630594756738261,10.688718750000008,0.0,0.3665313467235662,0.0017468981347240002,0.035728418869503994,0.010929654105071998,0.014306296823562875,0.057150540915445115,3.2689432369981875,0.43950232437558395,0.007155947045361002,0.4254766681666765,0.4535279805844916,61.41777204185637,0.010474933462764,0.00027649731738700004,0.00993299872068548,0.01101686820484252,37.884394545884774
2008-10-14,3.3280000000000003,3.7724666666666686,0.8821814197607221,10.610062500000003,0.0,0.3763887107543908,0.001678965926849,0.037255870323713,0.010873844833642999,0.015943134449772717,0.05856860619765328,3.426191093737569,0.439965248093805,0.006857357707735,0.4265248269866444,0.4534056692009656,64.15958840787235,0.010491980639555,0.000276883108365,0.009949289747159602,0.0110346715319504,37.893177021548084
2008-10-15,3.252,3.741733333333337,0.8691159177564759,10.523625000000006,0.0,0.3696429418152019,0.001777087455659,0.03504407124958,0.010777763106658,0.01391965556053032,0.056168486938629685,3.251516191511982,0.439952085725099,0.007270359923410998,0.4257021802752134,0.4542019911749846,60.513109441585804,0.010468738799702,0.00027617740178099997,0.00992743109221124,0.011010046507192759,37.90584867615243
2008-10-16,3.03,3.7059666666666686,0.8176004461274156,10.423031250000006,0.0,0.34348006739230985,0.002200806214595,0.028990250928562,0.010775965833974001,0.007869357893972962,0.050111143963151035,2.690269380509938,0.4383697200062971,0.008929661743328,0.4208675829893742,0.45587185702322,49.09141383029682,0.010577113356265998,0.00027905777022900003,0.010030160126617158,0.011124066585914841,37.90295230841465
2008-10-17,3.072,3.673933333333337,0.8361610626213498,10.332937500000009,0.0,0.3528276559004517,0.002072105231345,0.030855353494114002,0.010655302582513999,0.009970960432386558,0.05173974655584144,2.8957744986754084,0.4387450938794261,0.00837816647698,0.4223238875845453,0.4551663001743069,52.367674369435164,0.010592715276447,0.00027933454966000003,0.0100452195591134,0.0111402109937806,37.92124994686228
2008-10-20,3.048,3.6385666666666685,0.8376924979616509,10.233468750000009,0.0,0.3536028412500563,0.002100335744085,0.030411738969772006,0.010534845472687002,0.00976344184330548,0.05106003609623853,2.886775990081681,0.4387992078621379,0.00848772145365,0.4221632738129839,0.4554351419112919,51.69811595000152,0.010588340573016,0.000279095445325,0.010041313500179,0.011135367645853001,37.938062947203534
2008-10-21,2.99,3.6023666666666694,0.8300099008984828,10.131656250000008,0.0,0.3497200871641801,0.0022165979968779997,0.028844487785076,0.010415527535531,0.00843005381543524,0.049258921754716765,2.7693736766263504,0.438131180814654,0.008963588074900998,0.4205625481878481,0.45569981344146004,48.878995459580494,0.010585392365705,0.00027890004220099997,0.01003874828299104,0.01113203644841896,37.95407229835532
2008-10-22,2.9160000000000004,3.5636666666666685,0.8182583481432976,10.022812500000008,0.0,0.3438099138369041,0.002393924784794,0.026764563974368,0.01029090350708,0.006594393100491199,0.0469347348482448,2.6007982638215132,0.43735228562490397,0.009688289924275,0.4183632373733249,0.456341333876483,45.142361453189935,0.010587197939559,0.00027882818949400003,0.01004069468815076,0.011133701190967241,37.970328462069844
2008-10-23,2.906,3.5251666666666686,0.8243581863741661,9.914531250000008,0.0,0.34687332701851564,0.002372073838587,0.026949849858487,0.010147897767388,0.007059970234406521,0.04683972948256748,2.65570766243776,0.4368394773906311,0.009619380700738001,0.4179854912171847,0.4556934635640776,45.412432565137614,0.010568983307340001,0.000278203478758,0.01002370448897432,0.01111426212570568,37.990119155026434
2008-10-24,2.799,3.4804666666666697,0.8042025015802471,9.788812500000008,0.0,0.33678642009161625,0.002696069870188,0.023830436864554,0.010029337360749,0.0041729356374859625,0.04348793809162204,2.3760729156262794,0.435594644820283,0.010959509122531,0.41411400694012224,0.4570752827004437,39.745817075398065,0.010580418229866,0.000278397033434,0.010034760044335359,0.011126076415396641,38.00478079581199
2008-10-27,2.725,3.4403000000000024,0.7920820858646043,9.67584375000001,0.0,0.330769389329995,0.0029791860307209995,0.021632397005459998,0.00988111227694,0.002265416942657604,0.0409993770682624,2.1892674022078515,0.43429766305262396,0.012166790359063,0.41045075394886055,0.4581445721563875,35.695335436523905,0.010580955202293,0.000278272720514,0.010035540670085559,0.01112636973450044,38.02368835417881
2008-10-28,2.687,3.4005666666666685,0.7901624239097399,9.564093750000008,0.0,0.32981970928934795,0.0031117325615170003,0.020715759625673,0.009725160772243,0.0016544445120767193,0.03977707473926928,2.130120016606679,0.433902590884161,0.012707689480639,0.40899551950210855,0.4588096622662135,34.14488460276408,0.010577369626978,0.00027802893295200004,0.01003243291839208,0.01112230633556392,38.044132726268735
2008-10-29,2.7239999999999998,3.3635000000000024,0.8098706704325844,9.459843750000006,0.0,0.3396127856019809,0.002823307509396,0.022870070142512,0.009611862667397,0.004030819314413882,0.04170932097061012,2.3793588125314162,0.4348385958389889,0.011424845658656998,0.4124458983480212,0.4572312933299567,38.06078513712729,0.010597584251604002,0.000278444376783,0.01005183327310932,0.01114333523009868,38.05996865173859
2008-10-30,2.702,3.3232333333333366,0.8130635826554454,9.34659375000001,0.0,0.3412084180089524,0.002840544616448,0.022728581828525,0.009499999319698998,0.004108583161914963,0.04134858049513504,2.392482469066629,0.434824006831491,0.011475260247258002,0.4123324967468653,0.4573155169161167,37.892300258321946,0.010596775393575002,0.00027831772872500003,0.010051272645274,0.011142278141876004,38.07438154272351
2008-10-31,2.795,3.2754333333333365,0.8533222067309153,9.212156250000008,0.0,0.36154887553007103,0.002437857650625,0.026775340224665004,0.009491034594145001,0.008172912420140805,0.045377768029189205,2.821119231952097,0.4366875201210689,0.009711611110625,0.4176527623442439,0.4557222778978939,44.96550728264897,0.010677929680346001,0.0002804275611600001,0.010128291660472398,0.0112275677002196,38.07731892035702
2008-11-03,2.823,3.2281000000000017,0.8745082246522715,9.079031250000009,0.0,0.3724214979575904,0.002315637999822,0.028261171131244,0.009458629728967,0.009722256862468682,0.046800085400019314,2.987871598852522,0.437334816389734,0.009194930406152001,0.4193127527936761,0.4553568799857919,47.56260211573938,0.010699597325454,0.000280961878776,0.01014891204305304,0.01125028260785496,38.082025120540116
2008-11-04,2.8489999999999998,3.186300000000003,0.8941405391833779,8.961468750000009,0.0,0.3826033942305206,0.0022140269198860003,0.029595951339181,0.009431555989685,0.011110101599398405,0.0480818010789636,3.1379712288775785,0.437493983868118,0.008780109002649,0.4202849702229259,0.4547029975133101,49.82785335992335,0.010708376668066,0.000281162746388,0.010157297685145521,0.01125945565098648,38.086043779448616
2008-11-05,2.8289999999999997,3.1477000000000026,0.8987514693268093,8.852906250000009,0.0,0.3850098673147197,0.002208821559598,0.029661465190817998,0.009405848035052,0.011226003042116085,0.04809692733951992,3.15351312080343,0.437584829800162,0.008756002192219,0.4204230655034128,0.4547465940969113,49.975413458556936,0.010708724377416,0.000281147618682,0.01015767504479928,0.01125977371003272,38.08932982471715
2008-11-06,2.745,3.1041666666666696,0.884295302013422,8.730468750000009,0.0,0.3774844058230786,0.00229100059367,0.028676343635360008,0.009384233372881001,0.010283246224513251,0.04706944104620677,3.0558003510686915,0.437058159211692,0.009071159557765999,0.41927868647847066,0.4548376319449133,48.18106841010153,0.010717021467551,0.000281347140994,0.010165581071202759,0.01126846186389924,38.09180868054671
2008-11-07,2.7030000000000003,3.0651666666666686,0.8818443804034575,8.62078125000001,0.0,0.37621412302565904,0.0023178196067449998,0.02835764524265,0.009349896390362,0.010031848317540485,0.04668344216775952,3.0329368432232036,0.43681531922679295,0.009174202835511,0.4188338816691914,0.4547967567843945,47.61343596372342,0.010716521134142001,0.000281303861451,0.01016516556569804,0.01126787670258596,38.09589061054093
2008-11-10,2.667,3.0326333333333366,0.8794337154728006,8.529281250000007,0.0,0.3749662768797489,0.002353736973611,0.027921991524192002,0.009313169711956,0.009668178888758237,0.046175804159625765,2.998119049451517,0.4367274754344939,0.009313603077379,0.4184728134028311,0.4549821374661567,46.89135577349474,0.010714882513418005,0.000281227266815,0.010163677070460606,0.011266087956375405,38.100439672056645
2008-11-11,2.611,2.997633333333337,0.8710204717054558,8.430843750000008,0.0,0.3706234416692493,0.002434013399587,0.02698492276855101,0.009269674573549,0.00881636060439497,0.04515348493270704,2.9110970999513452,0.43661555638790295,0.009631151967567,0.4177384985314716,0.4554926142443343,45.33367948696382,0.010710300854706999,0.000281069497421,0.010159404639761841,0.01126119706965216,38.10552533442527
2008-11-12,2.54,2.96156666666667,0.8576541695273889,8.329406250000009,0.0,0.3637624362960448,0.002540649701475,0.025912152414863998,0.009223722730135999,0.007833655863797442,0.04399064896593057,2.809294378527171,0.43567074882513,0.010054075215415001,0.4159647614029166,0.4553767362473434,43.33275209212409,0.010711081808639,0.000281050382434,0.010160223059068359,0.01126194055820964,38.11089569015589
2008-11-13,2.497,2.929100000000003,0.8524802840462932,8.238093750000008,0.0,0.3611192351786512,0.002616308336974,0.025166251885371003,0.00916955194862,0.007193930066075801,0.0431385737046662,2.744545428869917,0.43546058137059895,0.010350567090118,0.4151734698739677,0.4557476928672302,42.0711809874028,0.010709227678629998,0.00028095322515200004,0.010158559357332078,0.011259895999927915,38.11747550796416
2008-11-14,2.4659999999999997,2.897600000000003,0.8510491441192702,8.149500000000009,0.0,0.3603893355329218,0.0026456442362100003,0.024892103522407002,0.009111273169432,0.0070340081103202785,0.04275019893449372,2.7320115487174634,0.43495473174757204,0.01047150683332,0.4144305783542648,0.4554788851408792,41.53697635602722,0.010704060289753,0.000280765481428,0.01015375994615412,0.01125436063335188,38.12455945544984
2008-11-17,2.435,2.8724333333333365,0.8477133208777684,8.078718750000009,0.0,0.35869008834554283,0.0027138673758839997,0.024262152088174,0.009054595467238002,0.006515144972387518,0.042009159203960485,2.679540149083559,0.434811389416631,0.010737792970041,0.41376531519535065,0.4558574636379114,40.49355306344425,0.010701371031639002,0.000280645107167,0.01015130662159168,0.011251435441686322,38.13132942044951
2008-11-18,2.4330000000000003,2.8451666666666697,0.8551344385214683,8.002031250000009,0.0,0.3624742996889485,0.002694455790624,0.024176221489234,0.008963776102803002,0.006607220327740113,0.04174522265072789,2.697102338563844,0.435884334830731,0.010687600157797,0.4149366385214489,0.4568320311400131,40.78411695751383,0.010657255316763,0.000279406541472,0.01010961849547788,0.01120489213804812,38.142468893584045
2008-11-19,2.428,2.821400000000003,0.8605656766144458,7.935187500000008,0.0,0.3652529259122515,0.002672694366895,0.024353443069348,0.008915987653691998,0.006878107268111684,0.04182877887058431,2.731435261606961,0.4361719895750379,0.010597914063659,0.41540007801026624,0.4569439011398096,41.15639992502822,0.01065647857202,0.000279342648183,0.01010896698158132,0.011203990162458679,38.148412501102655
2008-11-20,2.298,2.791200000000003,0.8233018056749777,7.850250000000008,0.0,0.3463421274117849,0.003076274617715,0.021474401328285,0.008907753853299,0.0040152037758189605,0.038933598880751034,2.410753786189606,0.434543010310873,0.012135547384196001,0.4107573374378489,0.4583286831838971,35.807450340210856,0.010715673283280002,0.000280895052018,0.010165118981324722,0.01126622758523528,38.1483162708451
2008-11-21,2.3569999999999998,2.764500000000003,0.8525954060408744,7.775156250000008,0.0,0.36117797202432095,0.0028054750874,0.023646827305612995,0.008873877321831999,0.0062540277548222755,0.041039626856403714,2.664768336095331,0.435278693711885,0.011020338843313998,0.4136788295789896,0.4568785578447804,39.4977595426616,0.010747398408211,0.000281689959671,0.010195286087255841,0.01129951072916616,38.15328888817511
2008-11-24,2.45,2.7368333333333363,0.8951951769076174,7.697343750000008,0.0,0.3831533056266981,0.002537779356989,0.026457928270634,0.008905775318706998,0.009002608645968285,0.04391324789529971,2.970873093447266,0.436462159152909,0.009896371253671,0.4170652714957138,0.4558590468101042,44.10325239071885,0.010827000120118998,0.00028379799294700003,0.01027075605394288,0.011383244186295115,38.150375933606526
2008-11-25,2.51,2.7095666666666696,0.9263473864209518,7.620656250000009,0.0,0.3995346674101009,0.002421181259007,0.027900873056262997,0.008924082734997,0.01040967089566888,0.04539207521685712,3.1264695638518036,0.4371186908889779,0.009414037871038,0.41866717666174347,0.4555702051162124,46.432646317875935,0.010868065134296999,0.000284886592114,0.010309687413753559,0.01142644285484044,38.14874211403309
2008-11-26,2.4530000000000003,2.6829333333333367,0.9142977835205236,7.54575000000001,0.0,0.3931665311426023,0.0024713108976630004,0.027354409455504,0.008913263940709,0.009884412131714359,0.04482440677929364,3.068955394731422,0.4369630062387391,0.009603359280455,0.4181404220490473,0.4557855904284309,45.5010578567085,0.010870003773136998,0.000284928834387,0.01031154325773848,0.01142846428853552,38.149890292851936
2008-11-27,2.487,2.6648333333333363,0.9332666208018002,7.494843750000008,0.0,0.4032098508745737,0.00241764094105,0.028007635392825,0.008915034742203001,0.010534167298107121,0.04548110348754288,3.1416181992247765,0.437514889657524,0.0093918646005,0.41910683504054397,0.455922944274504,46.58445455380743,0.010885804671066,0.00028534359028900005,0.010326531234099559,0.01144507810803244,38.149813212999454
2008-11-28,2.4619999999999997,2.644500000000003,0.9309888447721676,7.437656250000009,0.0,0.4019985075954401,0.002428446426025,0.027878364980245,0.008905472441534001,0.010423638994838356,0.045333090965651635,3.130475689332863,0.4375206280488561,0.009434285149769,0.4190294291553089,0.4560118269424033,46.37559932769022,0.010884968480302,0.000285312860609,0.010325755273508359,0.01144418168709564,38.15099136102779
2008-12-01,2.391,2.622600000000004,0.9116906886296032,7.3760625000000095,0.0,0.39179401869767977,0.002496078597692,0.027217456233951002,0.008904815836767,0.00976401719388768,0.04467089527401431,3.056487268560055,0.437117019600498,0.009674626669298001,0.4181547513286739,0.4560792878723221,45.181797142382706,0.010898876935783999,0.00028567830132399997,0.01033894746518896,0.01145880640637904,38.15087420105567
2008-12-02,2.386,2.60246666666667,0.9168225017291276,7.319437500000008,0.0,0.3944974740143441,0.002486174971774,0.027328525167764,0.008890851844071998,0.009902455553382886,0.04475459478214512,3.073780290916275,0.4371272806661429,0.009635196195359,0.4182422961232393,0.4560122652090466,45.36776125811516,0.010899533078809,0.000285682658241,0.010339595068656641,0.01145947108896136,38.15258912082425
2008-12-03,2.373,2.58436666666667,0.9182133598173624,7.268531250000008,0.0,0.3952314430440569,0.002487734859403,0.027277645707679,0.008867051245685998,0.009898225266134441,0.04465706614922356,3.076292777821907,0.4366422634835129,0.009642000341689001,0.4177439428138025,0.4555405841532234,45.285443684917794,0.010886752970240998,0.000285326815053,0.01032751241273712,0.011445993527744879,38.155379711523054
2008-12-04,2.436,2.568700000000003,0.9483396270487006,7.224468750000009,0.0,0.4112630179770682,0.0024092450816289995,0.028327511769369998,0.008892212533435999,0.010898775203835444,0.04575624833490456,3.185653926157831,0.43734732318099295,0.009317918835292,0.4190842022638207,0.4556104440981653,46.93615934113032,0.010926672764784,0.00028639253096499995,0.0103653434040926,0.0114880021254754,38.15278536760242
2008-12-05,2.388,2.555000000000003,0.93463796477495,7.1859375000000085,0.0,0.4039398531144875,0.00244192791462,0.028019148039288,0.008893026915189001,0.010588815285517559,0.04544948079305844,3.1506874213359786,0.436858330095486,0.009425837274751998,0.4183836890369721,0.455332971154,46.34689920497957,0.010934380660496,0.00028659604176999997,0.0103726524186268,0.0114961089023652,38.15258784788429
2008-12-08,2.592,2.5505666666666698,1.016244756067278,7.1734687500000085,0.0,0.4483696897457081,0.002372212603213,0.030216288409435,0.009129029667969,0.012323390260215762,0.04810918655865424,3.3099123903009264,0.4391100744398561,0.008993669177764,0.4214824828514387,0.4567376660282736,48.824352526274396,0.011220547776041001,0.00029431394344,0.0106436924468986,0.0117974031051834,38.124417908680094
2008-12-09,2.61,2.548000000000003,1.0243328100470943,7.166250000000009,0.0,0.4528825884656234,0.002376279953133,0.030167839747437,0.009129593549325,0.01227383639076,0.048061843104114,3.304401185490589,0.43918849939218796,0.009011091731297,0.4215267595988459,0.4568502391855301,48.738655924098616,0.011222158118348001,0.000294356888229,0.010645218617419159,0.011799097619276841,38.12432651354448
2008-12-10,2.55,2.542200000000003,1.003068208638186,7.149937500000008,0.0,0.4410608989627453,0.002363974120142,0.030467663797826,0.009145188742838001,0.01254309386186352,0.04839223373378848,3.3315511198919703,0.438588860334543,0.008925346747721,0.4210951807090098,0.4560825399600762,49.13969986057336,0.011240864953985,0.000294861536357,0.01066293634272528,0.01181879356524472,38.12252046451319
2008-12-11,2.471,2.534500000000003,0.9749457486683752,7.128281250000009,0.0,0.4256382913273067,0.002371950860606,0.030597505471405,0.009173590096129,0.01261726888299216,0.04857774205981784,3.335390523314971,0.43783116664703897,0.008903758878299,0.42037979924557295,0.455282534048505,49.173744778081854,0.011274030012463,0.00029575832150300003,0.01069434370231712,0.011853716322608879,38.11906273727706
2008-12-12,2.51,2.5250000000000035,0.9940594059405926,7.10156250000001,0.0,0.4360944501697325,0.0023576561835629995,0.030840022934387996,0.009186716339456998,0.012834058909052284,0.04884598695972371,3.357023532111032,0.438135548792743,0.008848405878958,0.4207926732699853,0.4554784243155007,49.515760780666724,0.011288385282973,0.000296146956757,0.01070793724772928,0.01186883331821672,38.117512354589074
2008-12-15,2.375,2.51006666666667,0.9461900082335118,7.059562500000008,0.0,0.41011055255423984,0.002408381483192,0.030786350249075,0.009266683595222999,0.01262365040243792,0.048949050095712085,3.3222619433067404,0.43702664415244197,0.008931140604408002,0.4195216085678024,0.4545316797370817,48.932903814855784,0.011384807612846,0.00029875530096099993,0.01079924722296244,0.01197036800272956,38.10746646574341
2008-12-16,2.305,2.491933333333337,0.924984617030952,7.00856250000001,0.0,0.3988124155053298,0.002449570918009,0.030402032833245,0.009272532597808001,0.01222786894154132,0.04857619672494868,3.2787194342603034,0.4361820380685201,0.009055911630905,0.4184324512719463,0.4539316248650938,48.165447703792935,0.01139882811435,0.00029913071723799994,0.01081253190856352,0.01198512432013648,38.10651149305922
2008-12-17,2.122,2.4683666666666704,0.8596777896314689,6.9422812500000095,0.0,0.3647981538973489,0.002760084019915,0.027915471961951,0.009393273816284001,0.009504655282034362,0.046326288641867636,2.9718575768076008,0.434536212837274,0.010034873502148002,0.4148678607730639,0.4542045649014841,43.30260991773055,0.011572484875998998,0.000303817841796,0.01097700190607884,0.012167967845919158,38.09020828921329
2008-12-18,2.092,2.4466000000000037,0.8550641706858485,6.8810625000000085,0.0,0.3624384011446225,0.0028147117029629996,0.027393585391679,0.009349654657428002,0.009068262263120115,0.04571890852023788,2.9299034451412784,0.4342025743742801,0.010228960273493,0.4141538122382338,0.4542513365103264,42.448358656690885,0.011572244242971002,0.00030376944316900004,0.01097685613435976,0.012167632351582242,38.095484925187996
2008-12-19,2.033,2.4242666666666697,0.8386041139588591,6.81825000000001,0.0,0.3540645705438575,0.002970638868987,0.026045262982205004,0.009307226454067,0.0078030991322336875,0.04428742683217632,2.7983914553645217,0.43340751242352,0.010785207638194998,0.4122685054526578,0.4545465193943822,40.1853656380821,0.011581572126166001,0.000303975420782,0.01098578030143328,0.012177363950898721,38.10035724724466
2008-12-22,1.98,2.4013666666666698,0.8245304757013355,6.7538437500000095,0.0,0.3469599892433051,0.003159432051338,0.02447696035858,0.009240033552612,0.0063664945954604825,0.042587426121699516,2.6490120646436317,0.433107638815955,0.011472074716796002,0.4106223723710348,0.4555929052608752,37.75320938085103,0.011574738004138,0.00030373380579000003,0.0109794197447896,0.0121700562634864,38.10816505602709
2008-12-23,1.943,2.379100000000004,0.8166953890126507,6.69121875000001,0.0,0.3430264847197322,0.003295324764246,0.023482367253369,0.009169138889890998,0.0055108550291826435,0.04145387947755536,2.561022091099411,0.43274213394740096,0.011961992872841002,0.40929662791663257,0.4561876399781694,36.176424659966976,0.011573497864444999,0.000303633148487,0.010978376893410479,0.01216861883547952,38.11671394286675
2008-12-24,1.944,2.3592333333333366,0.8239964960368471,6.6353437500000085,0.0,0.3466914197527523,0.0032572236446319998,0.023752366524706005,0.0091021896799,0.005912074752102006,0.041592658297309994,2.609522253437321,0.43296349472867796,0.011810103322886005,0.4098156922158214,0.4561112972415346,36.6604324188823,0.011575316333396998,0.00030361342733700004,0.01098023401581648,0.012170398650977516,38.12517922845998
2008-12-25,1.9680000000000002,2.3416000000000037,0.8404509736931999,6.585750000000012,0.0,0.3550006504487847,0.003130355245775,0.024734104960909997,0.009054624945687999,0.006987040067361519,0.04248116985445848,2.731654277153591,0.43354586561584396,0.011328936007792,0.4113411510405717,0.4557505801911164,38.26889527115847,0.011587571657765,0.000303884768412,0.01099195751167748,0.01218318580385252,38.13146581295335
2008-12-26,1.966,2.3249333333333366,0.8456156448930423,6.538875000000008,0.0,0.35762302237511784,0.0031172353980840005,0.024841921014267,0.009006117601219998,0.0071899305158758045,0.0424939115126582,2.7583385110253054,0.43346953945748,0.011276196782780001,0.4113681937632312,0.4555708851517288,38.44111164496896,0.011587418052437001,0.00030383225461599997,0.010991906833389641,0.01218292927148436,38.137550824119096
2008-12-29,1.892,2.3068333333333366,0.8201719528935758,6.487968750000008,0.0,0.3447699396444289,0.0034054689923329997,0.022895620859767003,0.008970492267745002,0.005313456014986801,0.0404777857045472,2.5523260236334084,0.43231341568251097,0.012291611504507,0.4082218571336773,0.4564049742313447,35.17141877808289,0.011611652482437,0.000304439683675,0.011014950702433999,0.01220835426244,38.14106079164568
2008-12-30,1.9180000000000001,2.28966666666667,0.8376765176881631,6.439687500000009,0.0,0.35359474921636963,0.0032585621426190004,0.023950944018767,0.008925004917691,0.00645793438009264,0.041443953657441364,2.68357768311049,0.43293844248086794,0.011736195089155,0.4099355001061242,0.4559413848556118,36.88916545711758,0.011625653975588998,0.00030475911556400003,0.011028326109083558,0.012222981842094437,38.14702623114084
2008-12-31,1.9080000000000001,2.2723333333333366,0.8396655420272836,6.3909375000000095,0.0,0.35460244772395155,0.0032734328844899996,0.023847653392468998,0.008875835091404,0.006451016613317165,0.04124429017162084,2.6868067226221477,0.432764365381596,0.011784879089632,0.4096660023659173,0.4558627283972747,36.72200300827217,0.011624660767203001,0.00030468508795899996,0.011027477994803359,0.01222184353960264,38.1530348107576
2009-01-01,1.903,2.2591666666666703,0.8423459977867932,6.3539062500000085,0.0,0.3559620541237591,0.0032789884481570003,0.02375820181318,0.008824308135245,0.006462557868099798,0.0410538457582602,2.692358590503905,0.433123424141173,0.011807340436403,0.4099810368858231,0.4562658113965229,36.68255577740732,0.011617496718178,0.000304448257574,0.01102077813333296,0.012214215303023041,38.15918281396773
2009-01-02,1.879,2.243233333333337,0.8376302063985008,6.3090937500000095,0.0,0.3535712986411329,0.003357522048075,0.023223415628757002,0.008777951793858001,0.006018630112795315,0.04042820114471868,2.645653128900451,0.43267424642302704,0.012084375388647,0.4089888706612789,0.4563596221847752,35.80443610097643,0.011616706119416998,0.000304384584649,0.011020112333504958,0.012213299905329038,38.16456780424944
2009-01-05,1.845,2.2230666666666696,0.8299346248425585,6.25237500000001,0.0,0.349682117427604,0.00347343179071,0.022481570959762998,0.008728102451360001,0.005374490155097399,0.039588651764428606,2.575768454260233,0.431947461049131,0.012497618801378,0.4074521281984301,0.4564427938998319,34.56238087542856,0.011615507073438999,0.000304307751199,0.01101906388108896,0.012211950265789041,38.17026358236158
2009-01-06,1.889,2.20236666666667,0.8577136716562473,6.19415625000001,0.0,0.36379287503117175,0.003190651699481,0.024218401874215003,0.00863664279248,0.0072905820009542014,0.0411462217474758,2.8041453671446366,0.4314390633947279,0.011543494912658995,0.40881381336591627,0.4540643134235395,37.37508152072676,0.011547877484137,0.000302444137251,0.01095508697512504,0.01214066799314896,38.18185265247299
2009-01-07,2.0180000000000002,2.18786666666667,0.9223596806630496,6.1533750000000085,0.0,0.39742269817944187,0.0028200079399040004,0.028043499698198,0.008743751791623,0.010905746186616916,0.04518125320977908,3.2072616385412784,0.433075348327678,0.010063153099132,0.4133515682533793,0.4527991284019767,43.03575072956364,0.011704503563685001,0.00030663767986900003,0.011103493711141759,0.01230551341622824,38.170467402033175
2009-01-08,1.955,2.170133333333337,0.9008663062177426,6.103500000000008,0.0,0.3861155540055136,0.0028856743972390003,0.027543003348297998,0.008756344671876,0.01038056779142104,0.04470543890517496,3.145490998859489,0.4322681715529221,0.010272897714431,0.4121332920326373,0.4524030510732068,42.07850438788054,0.011722923630782001,0.0003071346734,0.011120939670918002,0.012324907590646,38.16867532733949
2009-01-09,1.867,2.150300000000003,0.8682509417290598,6.0477187500000085,0.0,0.36919795330397903,0.0030122423051199996,0.026648209814102004,0.008776380027319999,0.009446504960554807,0.0438499146676492,3.036355505475946,0.430818487301352,0.010687746101702,0.4098705049420161,0.451766469660688,40.30957352483815,0.011761321799096001,0.000308161956559,0.01115732436424036,0.01236531923395164,38.16604077423779
2009-01-12,1.835,2.1317666666666697,0.8607883914749882,5.995593750000008,0.0,0.36536703198881104,0.003106723969998,0.025837485181224997,0.008756330378642001,0.00867507763908668,0.042999892723363325,2.9507206859447206,0.430608356545591,0.011019704102421002,0.40900973650484573,0.4522069765863361,39.07621770451964,0.011758385023631,0.000308068523006,0.011154570718539241,0.01236219932872276,38.16808322027343
2009-01-13,1.854,2.1140333333333365,0.8769965784203957,5.945718750000008,0.0,0.3737063086951381,0.0030263817725179995,0.026544337859465,0.008747813984164,0.009398622450503559,0.04369005326842644,3.034396696993845,0.431089180633695,0.010713958388746002,0.4100898221917528,0.4520885390756372,40.236219424422224,0.011769590746887,0.00030835143858799996,0.011165221927254521,0.01237395956651948,38.16940436791317
2009-01-14,1.845,2.0964333333333367,0.8800661440859859,5.89621875000001,0.0,0.3752934938482398,0.002969523319846,0.027039449836557997,0.008731049306622,0.00992659319557888,0.044152306477537116,3.0969301497416746,0.430717509819401,0.010515292068045998,0.4101075373660309,0.4513274822727712,40.96106004780305,0.011761658212281,0.000308126853302,0.011157729579809079,0.01236558684475292,38.171480629645465
2009-01-15,1.875,2.077733333333337,0.9024257203362622,5.843625000000013,0.0,0.3869316363518892,0.0028550840069429995,0.028186696367012,0.00874319478186,0.011050034594566405,0.0453233581394576,3.2238440375926536,0.43119657085604296,0.010086235391408,0.4114275494888833,0.4509655922232026,42.75099223079208,0.011781461791155001,0.000308653689847,0.01117650055905488,0.01238642302325512,38.170487438491705
2009-01-16,1.8330000000000002,2.059233333333337,0.8901371060427004,5.791593750000013,0.0,0.38051866421318703,0.0029228840338770003,0.027581015779052996,0.008745948420668,0.010438956874543718,0.044723074683562285,3.153576313561911,0.430797563284529,0.010316789743773001,0.4105766553867339,0.4510184711823241,41.75693931773048,0.011786301206611,0.000308784853531,0.01118108289369024,0.01239151951953176,38.169946070340494
2009-01-19,1.868,2.0351000000000043,0.9178910127266454,5.723718750000013,0.0,0.3950612894567379,0.002829194019949,0.028597528613719,0.008770883229234002,0.011406597484420355,0.04578845974301765,3.2605072791757452,0.4315837965241821,0.009956264596231,0.4120695179155693,0.4510980751327949,43.347963722011855,0.011818386222298001,0.0003096466209,0.011211478845334,0.012425293599262,38.16733471192196
2009-01-20,1.851,2.0098000000000042,0.9209871629017792,5.6525625000000135,0.0,0.3966968157334537,0.002806094213707,0.028839567673774,0.008776344189706999,0.011637933061948285,0.046041202285599714,3.2860570472609596,0.431486491710555,0.009871066973434,0.4121392004426243,0.4508337829784856,43.712244367483095,0.011818411153132001,0.00030965218578700004,0.01121149286898948,0.012425329437274521,38.16672930342289
2009-01-21,1.817,1.985366666666671,0.9151961854233456,5.583843750000012,0.0,0.3936399341156179,0.0028472175751790003,0.02842055286378,0.00877949277197,0.0112127470307188,0.0456283586968412,3.237152031666187,0.43140458185764796,0.010013277951134,0.41177855707342537,0.4510306066418706,43.08325245368745,0.011816774861290001,0.000309613351066,0.01120993269320064,0.01242361702937936,38.166231593750624
2009-01-22,1.827,1.9639000000000044,0.9302917663832152,5.5234687500000135,0.0,0.4016280876332137,0.002776589847134,0.029166564638392005,0.008790003547489999,0.011938157685311607,0.046394971591472406,3.3181516345032667,0.431530518671125,0.009757634332498,0.4124055553794289,0.4506554819628211,44.22491189630808,0.011823178829767,0.000309789447818,0.01121599151204372,0.01243036614749028,38.16520837963447
2009-01-23,1.7890000000000001,1.939866666666671,0.9222283318441108,5.455875000000012,0.0,0.39735320902353705,0.002780551829997,0.029162940141194006,0.008800004749081,0.011914930832995245,0.046410949449392766,3.3139686821466183,0.431131427005009,0.009763789956021,0.4119943986912079,0.45026845531881016,44.15615544239852,0.011825404008007,0.000309857367207,0.01121808356828128,0.012432724447732722,38.16402403008964
2009-01-26,2.005,1.927533333333337,1.0401895341195977,5.421187500000013,0.0,0.4617897242157295,0.002780227029246,0.031650862800297004,0.009222955671785998,0.013573869683596449,0.04972785591699756,3.431748338238198,0.434501543477053,0.009405631364066,0.4160665060034837,0.4529365809506224,46.195893359912226,0.012366834951608998,0.000324476343714,0.011730861317929558,0.01300280858528844,38.11320976455713
2009-01-27,2.001,1.9174000000000044,1.0436007092938329,5.3926875000000125,0.0,0.4637162840434699,0.002762251365347,0.031857714894636006,0.009229612966001999,0.013767673481272086,0.049947756307999934,3.451684811918556,0.43438693912709997,0.009341914879119,0.4160767859640268,0.4526970922901733,46.49870446775574,0.012365374787402,0.000324444954527,0.01172946267652908,0.01300128689827492,38.11239661726453
2009-01-28,1.9169999999999998,1.9105666666666712,1.003367238341153,5.373468750000013,0.0,0.4412261742807704,0.002732905620946,0.032577650419431,0.009286583551018,0.014375946659435718,0.05077935417942628,3.508033954624649,0.433579366444519,0.009172025236245,0.4156021969814788,0.4515565359075592,47.27193343637561,0.012426147235036001,0.00032609805545800004,0.01178699504633832,0.013065299423733679,38.10555453197253
2009-01-29,1.8230000000000002,1.9016000000000048,0.9586663862010916,5.348250000000013,0.0,0.416818048859182,0.002725663852286,0.033148785041765,0.009356622304131002,0.014809805325668238,0.05148776475786177,3.542815341293493,0.432393018313111,0.009065336647171,0.4146249584846559,0.4501610781415661,47.69740332236154,0.012500842605862001,0.000328132144005,0.0118577036036122,0.0131439816081118,38.09697658171715
2009-01-30,1.767,1.8927333333333385,0.9335704976929284,5.3233125000000125,0.0,0.4033715665326608,0.002785674228446,0.032570532717804,0.009381309391187,0.014183166311077484,0.050957899124530526,3.4718535931031465,0.43195993801645294,0.009241550796185998,0.4138464984559284,0.4500733775769775,46.741066249910155,0.012520720614258999,0.00032868422980199995,0.011876499523847079,0.01316494170467092,38.093463205655105
2009-02-02,1.742,1.8848000000000047,0.9242359932088262,5.3010000000000135,0.0,0.39841587547761226,0.0028131825959490002,0.032283300773321,0.009387576379810999,0.013883651068891438,0.050682950477750566,3.4389388130837704,0.431728762924012,0.009325615701972,0.4134505561481469,0.4500069696998771,46.29493394551125,0.012523433515611,0.0003287628982190001,0.011879058235101759,0.01316780879612024,38.09259981418877
2009-02-03,1.7269999999999999,1.8776000000000048,0.9197912228376628,5.280750000000013,0.0,0.3960647491021415,0.002844901116462,0.031909050934501,0.009386240741033001,0.013512019082076322,0.05030608278692568,3.399555989972372,0.4317284212686861,0.009431068117262,0.4132435277588526,0.4502133147785196,45.77725618145952,0.012520620348828998,0.000328689279396,0.01187638936121284,0.013164851336445158,38.0925729364307
2009-02-04,1.716,1.8700000000000043,0.9176470588235272,5.259375000000013,0.0,0.39493253560827,0.002849394999139001,0.031871468303258,0.00938524986694,0.0134763785640556,0.0502665580424604,3.3959104717636115,0.431561815887466,0.009441615644463,0.4130562492243185,0.4500673825506135,45.70847110690749,0.012520707393408995,0.000328690077802,0.011876474840917077,0.013164939945900915,38.09274523023245
2009-02-05,1.65,1.8594000000000044,0.887383026782831,5.2295625000000125,0.0,0.3790870363293073,0.0029840078451950003,0.030593839670450002,0.009396715833623,0.01217627663654892,0.04901140270435108,3.2558013046408463,0.43103373667183204,0.00985841260094,0.4117112479739896,0.4503562253696744,43.722428155497674,0.01254592251192,0.0003293691418,0.011900358993991998,0.013191486029848,38.090764797698576
2009-02-06,1.633,1.8483000000000045,0.8835145809662912,5.198343750000013,0.0,0.37707959245681627,0.003016177692792,0.03027531077846,0.009380547179602,0.011889438306440084,0.04866118325047992,3.227456799566192,0.430897375133201,0.009960670644453001,0.4113744606700731,0.4504202895963289,43.25987581701157,0.012545549452935999,0.00032934387685200003,0.01190003545430608,0.01319106345156592,38.092554119610035
2009-02-09,1.676,1.8411000000000044,0.9103253489761534,5.178093750000013,0.0,0.3910759826893178,0.002882826856611,0.031711610871812,0.009377685912925,0.013331346482479,0.050091875261145,3.3816030059299136,0.431001070759919,0.009512618184905001,0.4123563391175052,0.4496458024023328,45.30835384982286,0.012554158334365,0.000329560651953,0.01190821945653712,0.01320009721219288,38.09362027892652
2009-02-10,1.6869999999999998,1.8334000000000044,0.9201483582415162,5.156437500000012,0.0,0.39625345700393777,0.002845912810168,0.032134812044658,0.009379577379801001,0.013750840380248038,0.05051878370906796,3.4260405073111584,0.43104120273771895,0.009387137130672,0.41264241396160173,0.4494399915138361,45.918281232868395,0.012557062790254,0.000329636955229,0.01191097435800516,0.01320315122250284,38.09361356813977
2009-02-11,1.588,1.822733333333337,0.8712190483157143,5.126437500000012,0.0,0.37072572797377706,0.003020530953934,0.030818537265136,0.009443090851041001,0.01231007919709564,0.04932699533317636,3.2636069853906076,0.42968463884669,0.009875458071521999,0.4103287410265069,0.4490405366668731,43.51035017664493,0.01264889437549,0.000332123386973,0.01199793253702292,0.01329985621395708,38.084925276674205
2009-02-12,1.537,1.810533333333337,0.8489211282126792,5.092125000000013,0.0,0.3593050043238633,0.003180538464494001,0.029374929375923998,0.009430438167534,0.010891270567557359,0.04785858818429065,3.1149061002331364,0.429074151673511,0.010380817803785,0.4087277487780924,0.4494205545689296,41.33336696431359,0.012662950627494,0.00033248326587900003,0.01201128342637116,0.013314617828616841,38.08597883572896
2009-02-13,1.5519999999999998,1.7996333333333376,0.8623978958676746,5.061468750000012,0.0,0.36619203523217697,0.003103994822524,0.030117602255862998,0.009409136271378,0.01167569516396212,0.04855950934776388,3.2008891557323564,0.4292059022516961,0.010120834760368,0.4093690661213748,0.44904273838201736,42.40815233269417,0.012668743094373,0.000332609777213,0.01201682793103552,0.01332065825771048,38.088907669854244
2009-02-16,1.493,1.7879000000000045,0.8350578891436861,5.0284687500000125,0.0,0.35226962120261035,0.003305782744331,0.028456057650191,0.009399404189037999,0.01003322543967652,0.046878889860705486,3.027432066745122,0.4282918835305721,0.010751652589888,0.4072186444543917,0.4493651226067526,39.834981641183894,0.012694758340866004,0.000333287862496,0.012041514130373843,0.013348002551358163,38.089470902955476
2009-02-17,1.433,1.7727000000000044,0.8083714108422161,4.985718750000013,0.0,0.33886442012008644,0.003587794685637001,0.026373167742598,0.009368153701916999,0.00801158648684068,0.04473474899835532,2.8151937491376477,0.427276943001742,0.011648746347446002,0.4044454001607479,0.45010848584273616,36.680079577442115,0.01271685338318,0.00033384087510799997,0.01206252526796832,0.01337118149839168,38.09255945389333
2009-02-18,1.5119999999999998,1.7558333333333378,0.86112956810631,4.938281250000013,0.0,0.3655418562065228,0.0032368970124590003,0.02957667173462,0.009406778632094999,0.0111393856157138,0.048013957853526204,3.144187068855712,0.4293493446353221,0.010411986780904,0.40894185054475024,0.449756838725894,41.236063171226576,0.012822552601278,0.000336646350944,0.012162725753427759,0.01348237944912824,38.08908834242503
2009-02-19,1.624,1.7448000000000046,0.9307657038055914,4.907250000000013,0.0,0.4018799179526873,0.003003283813355,0.032646961449018,0.009531442429671999,0.013965334286860878,0.05132858861117512,3.42518581945014,0.431292595818176,0.009555962975545,0.4125629083861078,0.4500222832502441,45.133347305960854,0.013005754976705001,0.000341588798824,0.01233624093100996,0.01367526902240004,38.07430167928259
2009-02-20,1.56,1.7345666666666717,0.8993600707189091,4.878468750000014,0.0,0.3853279332335984,0.003084867128369,0.032024997658002013,0.00955188241549,0.013303308123641614,0.050746687192362416,3.3527420318814998,0.4304082761488121,0.009767214481361,0.41126453576534455,0.4495520165322797,44.06663506470209,0.01304166640745,0.00034255808083700004,0.01237025256900948,0.01371308024589052,38.07140201037725
2009-02-23,1.564,1.7255333333333382,0.9063864312483072,4.8530625000000125,0.0,0.3890073792091588,0.00307399385473,0.032131594529036,0.009542995503907,0.01342732334137828,0.050835865716693726,3.367034440693412,0.43057761564020597,0.009734124056764,0.4114987324889486,0.44965649879146347,44.23383276495409,0.013042875727838,0.00034257975548100005,0.012371419407095241,0.01371433204858076,38.07252331515456
2009-02-24,1.535,1.7149000000000043,0.8950959239605784,4.823156250000013,0.0,0.3831015400561312,0.003115349880902,0.031754847703445,0.009535579868909001,0.01306511116038336,0.050444584246506635,3.330143330557591,0.43018404654036296,0.009852442306389,0.4108732596198405,0.4494948334608854,43.662681106124545,0.013047147656354,0.000342683988484,0.012375487038925359,0.013718808273782641,38.07340901478156
2009-02-25,1.5,1.7034000000000047,0.8805917576611458,4.790812500000013,0.0,0.3755655264814992,0.003166874603642,0.031307915929078,0.009524444215301001,0.012640005267088042,0.04997582659106796,3.287112110833851,0.429506746711992,0.009998699968540001,0.4099092947736536,0.4491041986503304,42.95625912002733,0.013051412131672999,0.00034278535402300017,0.012379552837787921,0.01372327142555808,38.07459093134381
2009-02-26,1.579,1.6935333333333382,0.9323701924969466,4.7630625000000135,0.0,0.4027329465281062,0.0030199067413619997,0.033245068239761,0.009591808298315999,0.014445123975061638,0.05204501250446037,3.465985474876367,0.43072424872932,0.009484022288508,0.4121355650438444,0.4493129324147957,45.41577778146302,0.013151946601527,0.00034549670317,0.0124747730633138,0.0138291201397402,38.066778874704134
2009-02-27,1.5530000000000002,1.6842000000000046,0.9220995131219546,4.7368125000000125,0.0,0.3972850630870877,0.0030453427740540005,0.033005403705191005,0.009592337333190001,0.014204422532138609,0.051806384878243406,3.440809320893067,0.4304636631135179,0.009554247344767001,0.4117373383177746,0.4491899879092612,45.05469113161364,0.013155545471702,0.00034559315552699997,0.012478182886869079,0.01383290805653492,38.06656833704338
2009-03-02,1.442,1.6700000000000046,0.8634730538922132,4.696875000000013,0.0,0.3667435214938191,0.0032691848058709998,0.031413386009242,0.009670080672974,0.012460027890212956,0.05036674412827104,3.2485133342306582,0.429192274469893,0.010135362209243,0.4093269645397768,0.4490575844000093,42.34602233341985,0.01327801194615,0.000348909409882,0.012594149502781279,0.01396187438951872,38.05575765540937
2009-03-03,1.423,1.6557333333333382,0.8594379127073579,4.656750000000012,0.0,0.3646753254128717,0.0033063445550740003,0.031077770795718,0.00964326078589,0.0121769796553736,0.0499785619360624,3.222745032592311,0.42894170156585,0.010244417018751999,0.4088626442090961,0.4490207589226039,41.87077710529575,0.013277860918743,0.000348874747309,0.01259406641401736,0.01396165542346864,38.05910579983777
2009-03-04,1.4169999999999998,1.6424000000000047,0.8627618119824622,4.6192500000000125,0.0,0.3663786665240156,0.0033122774755,0.031012221190542998,0.009615805198280999,0.01216524300191224,0.04985919937917376,3.225129934629716,0.429018270767288,0.010261863018152,0.4089050192517101,0.4491315222828659,41.80705491862596,0.013276930495949999,0.000348817957646,0.012593247298963842,0.01396061369293616,38.06263469219999
2009-03-05,1.43,1.629166666666671,0.8777493606138081,4.5820312500000115,0.0,0.37409531788732414,0.003256491163327,0.031563740062634994,0.009599569774126,0.012748583305348036,0.05037889681992196,3.2880369438752566,0.429278090339498,0.01008492313758,0.4095116409898412,0.4490445396891548,42.566322468026854,0.013285213509536,0.000349014331703,0.01260114541939812,0.01396928159967388,38.064951214800736
2009-03-06,1.439,1.6175000000000046,0.8896445131375554,4.549218750000012,0.0,0.3802624535853087,0.0032197320523840002,0.031935280070659,0.009586900788984,0.013144954524250362,0.05072560561706764,3.3311370143053995,0.429456892748762,0.0099691477682,0.40991736312309,0.44899642237443393,43.07859635892478,0.013290307045702,0.000349130931327,0.01260601042030108,0.01397460367110292,38.06682780924231
2009-03-09,1.534,1.6018000000000046,0.9576726183044048,4.505062500000013,0.0,0.41628213149079546,0.0030561148370690005,0.03436740123031,0.00970146425526,0.015352531290000396,0.0533822711706196,3.542496300151388,0.430658849080714,0.009378809204605999,0.4122763830396862,0.4490413151217418,45.91828660606475,0.013451009042508002,0.00035348034704500003,0.012758187562299805,0.014143830522716203,38.053060530659366
2009-03-10,1.577,1.5876666666666712,0.9932815452445908,4.465312500000013,0.0,0.4356667791332667,0.003029742293329,0.034845308707490995,0.009737871111538999,0.015759081328874554,0.053931536086107436,3.5783292167628615,0.43120619447187,0.009285847660485999,0.4130059330573174,0.4494064558864225,46.43692318007307,0.013494210922144,0.00035465894859099996,0.012799079382905641,0.01418934246138236,38.04841517676881
2009-03-11,1.615,1.5776000000000046,1.0237068965517209,4.437000000000013,0.0,0.4525326189661486,0.003064584819438,0.034521411035824,0.009761645210915,0.0153885864224306,0.0536542356492174,3.5364336943144985,0.432090211335976,0.009407813909353,0.41365089607364414,0.4505295265983079,45.92886461183322,0.013522198346765,0.000355425075827,0.01282556519814408,0.01421883149538592,38.04514443808705
2009-03-12,1.5319999999999998,1.5679000000000043,0.977103131577266,4.409718750000012,0.0,0.4268130323389089,0.0030451633186259998,0.03521639080741,0.009820849764708,0.015967525268582326,0.05446525634623768,3.585880209059217,0.43110628582313104,0.009258008302959999,0.4129605895493295,0.4492519820969326,46.56577005718106,0.013598778204335,0.00035750817240400007,0.01289806218642316,0.014299494222246837,38.037670895438474
2009-03-13,1.515,1.5595000000000043,0.9714652132093592,4.386093750000012,0.0,0.4237459698629836,0.0030477232930069998,0.035201694525493994,0.009824832954546999,0.015945021934581874,0.054458367116406114,3.5829305890847523,0.43099089458788,0.009261221826696999,0.4128388998075537,0.4491428893682061,46.53715272702551,0.013599833620191005,0.0003575404401280001,0.012899054357540123,0.014300612882841884,38.037189905909855
2009-03-16,1.49,1.5511000000000046,0.9606086003481372,4.362468750000013,0.0,0.41786627252274783,0.0030467346030849996,0.035260708199730005,0.009830365426736999,0.01599319196332549,0.054528224436134524,3.5869173391893168,0.43061615697318395,0.009243933329407,0.4124980476475463,0.44873426629882174,46.58365023071922,0.013603102921088,0.000357634331306,0.012902139631728241,0.014304066210447759,38.03634531228085
2009-03-17,1.541,1.5449000000000046,0.9974755647614704,4.345031250000013,0.0,0.4379748369630103,0.003041140223444,0.035507304456253,0.009869205634849,0.016163661411948957,0.05485094750055704,3.597787478545704,0.431424135889802,0.009222389969094,0.41334825155037774,0.4495000202292263,46.78007949518423,0.013650837264331002,0.000358936753876,0.012947321226734042,0.014354353301927962,38.031316428068685
2009-03-18,1.5290000000000001,1.5386666666666713,0.9937175043327529,4.327500000000013,0.0,0.4359064487189483,0.0030344298330959997,0.035600556172839,0.009872697690225,0.016250068699998,0.05495104364568,3.605960325118497,0.43125694996028496,0.009195848841233,0.41323308623146826,0.4492808136891017,46.896915924344796,0.013651016461094,0.000358944928581,0.012947484401075241,0.014354548521112759,38.03094952495444
2009-03-19,1.505,1.5338333333333385,0.9812017820275966,4.313906250000013,0.0,0.42904864346054894,0.003041841209013,0.035539504849437006,0.0098782937751,0.01617804905024101,0.054900960648633014,3.5977371860533705,0.431145461855287,0.009212260637573,0.413089431005644,0.4492014927049301,46.80126614056426,0.013654187465091,0.000359035761001,0.012950477373529041,0.01435789755665296,38.030160079344505
2009-03-20,1.4340000000000002,1.5272000000000046,0.9389732844421136,4.295250000000013,0.0,0.40625116867529854,0.003070231525694,0.035613343715074,0.009926102408000998,0.016158182995392043,0.055068504434755965,3.5878477020717816,0.4301504469194921,0.009224443917858,0.4120705368404904,0.4482303569984938,46.631585681470185,0.013716146778209,0.000360725043523,0.01300912569290392,0.014423167863514082,38.023827356862064
2009-03-23,1.4140000000000001,1.5184666666666713,0.9312025288668366,4.2706875000000135,0.0,0.40211208450892,0.003086818653456,0.035444439047508,0.009926504081382,0.015988491047999282,0.05490038704701672,3.570686996843675,0.42998648318494603,0.009268260125116999,0.4118206933397167,0.4481522730301753,46.39344142053889,0.013717880307307,0.00036077141552599997,0.01301076833287604,0.014424992281737959,38.02374500011005
2009-03-24,1.45,1.5105666666666715,0.9599046715360652,4.248468750000014,0.0,0.4174862313066721,0.003063707085164,0.035758785125521005,0.009942603519034001,0.016271282228214366,0.05524628802282765,3.59652127906587,0.43082081730085797,0.009209485947552,0.4127702248436561,0.44887140975806,46.7801156062759,0.013740208851575002,0.00036137808829200016,0.013031907798522679,0.014448509904627324,38.021698870835344
2009-03-25,1.4580000000000002,1.5062333333333382,0.9679775156571552,4.2362812500000135,0.0,0.4218533396110472,0.0030429510944109998,0.035983676126846,0.009939161116589,0.016502920338331558,0.055464431915360435,3.620393683606574,0.4306157261844821,0.009144887457476,0.4126917467678291,0.44853970560113504,47.08813839283166,0.013733308933126999,0.000361190457042,0.01302537563732468,0.014441242228929318,38.022347117350066
2009-03-26,1.469,1.5039666666666711,0.9767503712404944,4.229906250000013,0.0,0.42662085240921777,0.003048317623597,0.035885255573362994,0.009940834779281,0.01640121940597223,0.05536929174075375,3.6098835128167015,0.43097445477651203,0.009174157871062,0.4129931053492305,0.4489558042037935,46.97700441104787,0.013732319218563998,0.000361168104557,0.01302442973363228,0.01444020870349572,38.021959982924244
2009-03-27,1.389,1.4985333333333382,0.9269063083904232,4.214625000000013,0.0,0.3998310404576698,0.0031130387479840005,0.035547885483385,0.00999169821167,0.0159641569885118,0.0551316139782582,3.5577421105320335,0.430382511029316,0.009301028182489,0.4121524957916376,0.4486125262669944,46.272573589186926,0.013802458582366998,0.00036307875640699994,0.01309082421980928,0.01451409294492472,38.01505414131256
2009-03-30,1.329,1.4930666666666714,0.8901143061260911,4.1992500000000135,0.0,0.3805068039231894,0.0032129480443179995,0.034713611498071,0.010013977217569001,0.015086216151635759,0.05434100684450624,3.466515925078087,0.42975456790561295,0.009549615448907,0.4110373216257552,0.44847181418547066,45.00229042780799,0.013846563355518999,0.000364272157728,0.01313258992637212,0.014560536784665882,38.011588483435204
2009-03-31,1.311,1.4890000000000048,0.8804566823371361,4.187812500000013,0.0,0.3754956108410119,0.00325746562795,0.034276947154392,0.00999595549719,0.014684874379899604,0.0538690199288844,3.429081608459169,0.429274481468876,0.00966863356852,0.4103239596745768,0.4482250032631752,44.39867106625625,0.013846452500135,0.000364246929581,0.013132528518156241,0.014560376482113759,38.013916866938175
2009-04-01,1.317,1.4825000000000048,0.8883642495784119,4.169531250000014,0.0,0.37959686142382937,0.003241479733101,0.034435740082653,0.009978793892881001,0.014877304052606243,0.053994176112699764,3.4508920068203937,0.429474657923183,0.009624926084776,0.410609802797022,0.448339513049344,44.62108634813344,0.013847619854241001,0.000364255789311,0.013133678507191441,0.01456156120129056,38.016197025772435
2009-04-02,1.4980000000000002,1.4783000000000046,1.0133261178380542,4.157718750000013,0.0,0.4467461623346794,0.0031050191740040005,0.038562115754998,0.010371507847606,0.01823396037369024,0.05889027113630576,3.7180819145692885,0.432020658885253,0.008966096567129,0.41444710961368014,0.4495942081568258,48.18380614693727,0.014384501746004,0.000378891548482,0.01364187431097928,0.01512712918102872,37.96469412857143
2009-04-03,1.574,1.4787666666666712,1.0644005139417951,4.159031250000012,0.0,0.4755445776958066,0.003179766968101,0.037950405017403994,0.010423344609919,0.017520649581962762,0.05838016045284524,3.640904761154189,0.433371199815174,0.009201367798291,0.4153365189305237,0.4514058806998244,47.09856287840826,0.01446324933648,0.000381040777133,0.01371640941329932,0.015210089259660681,37.957221915468615
2009-04-06,1.565,1.4788000000000043,1.058290505815523,4.159125000000012,0.0,0.4720554427511892,0.0031752885439359996,0.0380176714956,0.010411450079286998,0.017611229340197487,0.05842411365100252,3.65152511956352,0.433173245749261,0.009176062515562,0.4151881632187595,0.4511583282797626,47.20687604455674,0.014462559657345,0.000381004994447,0.01371578986822888,0.015209329446461119,37.95897657017994
2009-04-07,1.5190000000000001,1.478266666666671,1.027554793902766,4.157625000000013,0.0,0.4546860496343891,0.0031306757559680003,0.03877856035532,0.010427576969861999,0.01834050949439048,0.05921661121624953,3.718846714572056,0.432588528237027,0.008996381788488002,0.4149556199315905,0.4502214365424635,48.08472321512523,0.014493803891892,0.000381847817269,0.01374538217004476,0.01524222561373924,37.95701647725804
2009-04-08,1.479,1.4775666666666711,1.0009700633925118,4.155656250000012,0.0,0.4399020104474158,0.0031111426025179994,0.039190622384782006,0.010442796485187,0.018722741273815485,0.05965850349574853,3.7528857754120617,0.43211898123636,0.008903451051973,0.4146682171744929,0.4495697452982271,48.53387509111915,0.014517194872843003,0.000382484230858,0.013767525780361323,0.015266863965324685,37.95501540094267
2009-04-09,1.463,1.4737000000000045,0.9927393635068166,4.144781250000013,0.0,0.4353687935014777,0.003109528991097,0.039239326391985005,0.010443717225954,0.018769640629115163,0.059709012154854836,3.757218387191656,0.4319175456648121,0.008888659075269001,0.4144957738772849,0.44933931745233935,48.591980185913506,0.014519059860123,0.00038253300055300003,0.013769295179039121,0.015268824541206882,37.95505182336199
2009-04-10,1.455,1.470433333333338,0.9895042277786564,4.135593750000013,0.0,0.4335925909692615,0.003109601351209,0.039248963518225995,0.01044341179597,0.0187798763981248,0.05971805063832721,3.758251066320128,0.431790229700389,0.008883500708901,0.4143785683109431,0.4492018910898349,48.60586427012538,0.014518871302952001,0.000382527373485,0.0137691176509214,0.0152686249549826,37.955117226478116
2009-04-13,1.464,1.4711666666666712,0.9951285827574456,4.1376562500000125,0.0,0.4366825866544292,0.0031093114501559997,0.039242655933278,0.010440466051150999,0.01877934247302204,0.05970596939353396,3.7587072972620375,0.431668751358943,0.008879983616576,0.4142639834704541,0.449073519247432,48.61143556089264,0.014514985643203996,0.000382421618776,0.013765439270403036,0.015264532016004957,37.95545264842753
2009-04-14,1.46,1.4724000000000044,0.9915783754414532,4.141125000000012,0.0,0.434731007492444,0.003103019015246,0.039325380081496004,0.0104377144514,0.018867459756752,0.059783300406240004,3.767623675144708,0.4313681156542379,0.008852847789768,0.4140165339862926,0.4487196973221832,48.72648055157988,0.014510510746938998,0.000382299647012,0.013761203438795477,0.015259818055082518,37.955857036055185
2009-04-15,1.419,1.4724666666666708,0.9636890478562024,4.141312500000011,0.0,0.4195310636497797,0.0031069237334699997,0.039468390541397995,0.010457925765153,0.01897085604169812,0.05996592504109788,3.7740170878733017,0.430775322392221,0.00882706927188,0.4134742666193362,0.4480763781651058,48.801624766275985,0.014536016541227,0.0003829995004459999,0.01378533752035284,0.01528669556210116,37.953095302468135
2009-04-16,1.444,1.4729333333333376,0.9803566579161734,4.142625000000012,0.0,0.4285872608439241,0.0031064366970550003,0.039453873631250004,0.010462280371926001,0.01894780410227504,0.05995994316022496,3.7710587203452564,0.43127972416764,0.008841174608243999,0.4139510219354817,0.4486084263997983,48.78081740015328,0.014540709392043001,0.00038312995494199994,0.01378977468035668,0.015291644103729319,37.952421115809216
2009-04-17,1.526,1.4758333333333378,1.033992094861657,4.150781250000012,0.0,0.45829901029944003,0.003127370453078,0.03958742557948999,0.010524867499150001,0.018958685281155987,0.060216165877823975,3.7613229413753237,0.431962647161115,0.008876937409319,0.41456384983884975,0.4493614444833802,48.661224839509,0.014625859156893,0.00038546105486599996,0.01387035548935564,0.01538136282443036,37.94380514519848
2009-04-20,1.456,1.4732333333333378,0.9883023734642592,4.143468750000013,0.0,0.4329335338661697,0.0030972218395720003,0.040426647816397,0.010575760462518,0.019698157309861724,0.061155138322932276,3.8225759707470335,0.431114919096128,0.008716808735079,0.4140299739753731,0.4481998642168829,49.45788443896657,0.014694220204312,0.000387330753759,0.01393505192694436,0.01545338848167964,37.937137864012044
2009-04-21,1.472,1.4697333333333382,1.0015422298829688,4.133625000000013,0.0,0.4402179074450249,0.0030961271788400003,0.04045596405270298,0.010581917529103002,0.019715405695661103,0.06119652240974487,3.823122221604703,0.43127021333441495,0.008716417667581999,0.4141860347059542,0.4483543919628757,49.47791968923342,0.014699596063223996,0.00038748111265,0.013940133082429996,0.015459059044017997,37.93629052703347
2009-04-22,1.5130000000000001,1.4663333333333382,1.031825414867012,4.124062500000013,0.0,0.4570814946096912,0.00313677750485,0.039763882363577994,0.010572885208149,0.01904102735560596,0.06048673737155004,3.760930113279848,0.432490207662645,0.008889444109998,0.4150668972070489,0.4499135181182411,48.65210943575398,0.014689411010538996,0.000387204031323,0.013930491109145916,0.015448330911932075,37.93713345475811
2009-04-23,1.5,1.4652666666666714,1.0237044451521875,4.121062500000013,0.0,0.4525312485461434,0.003129007777635,0.039887566810469004,0.010568935964544002,0.01917245231996276,0.06060268130097525,3.774038081437945,0.432213320600384,0.008854132738094999,0.41485922043371776,0.4495674207670502,48.81486797015898,0.014689302114796,0.000387194979915,0.0139303999541626,0.0154482042754294,37.93773906367007
2009-04-24,1.446,1.4629666666666712,0.9884025610061716,4.1145937500000125,0.0,0.4329884568042206,0.003111722519359,0.040379216070801,0.010597322291983001,0.01960846437851432,0.061149967763087676,3.810322547361507,0.431660896901281,0.008757568687702,0.4144960622733851,0.4488257315291769,49.29003839929568,0.014729253037225,0.00038828653010200017,0.013968211438225079,0.015490294636224918,37.933978892731204
2009-04-27,1.413,1.4604000000000044,0.9675431388660612,4.1073750000000135,0.0,0.4216178718106198,0.0031162815535509996,0.040424548818858,0.010607435949714,0.01963397435741856,0.061215123280297434,3.8109632724153797,0.43134972866013294,0.008750012494559999,0.4141997041707953,0.44849975314947055,49.297041453175716,0.014742994225360004,0.00038866279391400015,0.013981215149288564,0.015504773301431444,37.9326101088921
2009-04-28,1.3719999999999999,1.4547666666666712,0.9431065692092632,4.0915312500000125,0.0,0.4084597578440071,0.0031357603438409995,0.040315544668684,0.010616699395235001,0.0195068138540234,0.0611242754833446,3.797370837002268,0.430655057037492,0.008771577634507,0.4134627648738583,0.4478473492011257,49.096647716293106,0.014757149224356999,0.000389049625241,0.01399461195888464,0.015519686489829359,37.93127731516004
2009-04-29,1.365,1.4493000000000045,0.9418339888221872,4.076156250000013,0.0,0.4077792443623728,0.00313353017124,0.04034704749682,0.010611658111514998,0.0195481975982506,0.061145897395389386,3.8021435550243634,0.430385322684692,0.008759171686847,0.41321734617847183,0.4475532991909121,49.135390659254114,0.014753040747283001,0.00038893484250300016,0.01399072845597712,0.015515353038588881,37.9319082146229
2009-04-30,1.3880000000000001,1.4454000000000042,0.9602878096028754,4.065187500000012,0.0,0.4176930642210546,0.003117837216541,0.040580480548362996,0.010619430635084,0.019766396503598363,0.061394564593127636,3.8213423998735183,0.43071369958778394,0.008719500863406998,0.4136234778955063,0.4478039212800617,49.39660037140026,0.014764190818781999,0.00038923856317000003,0.0140012832349688,0.0155270984025952,37.930956014580815
2009-05-01,1.385,1.443766666666671,0.9592962851799659,4.060593750000012,0.0,0.4171578884286807,0.0031070788042640005,0.040711653501184,0.010615246164442,0.01990577101887768,0.06151753598349032,3.8352057851995878,0.43038673859731397,0.008683099733375,0.41336786311989904,0.447405614074729,49.5660250155871,0.014756893436849999,0.00038903940489199996,0.01399437620326168,0.015519410670438319,37.931616312656274
2009-05-04,1.429,1.444266666666671,0.9894294682422422,4.062000000000012,0.0,0.4335515826440191,0.003089380144512,0.04106577322273,0.010639513240216999,0.02021232727190468,0.06191921917355533,3.859741728362427,0.43076131090474895,0.008629661858484001,0.4138471736621203,0.4476754481473776,49.91636033586135,0.014785091562173001,0.000389815751991,0.014021052688270641,0.01554913043607536,37.9284097336871
2009-05-05,1.391,1.4423000000000041,0.9644318103029856,4.056468750000012,0.0,0.4199328958051081,0.0030869282655290003,0.041261822846812006,0.010658566804251,0.020371031910480047,0.06215261378314396,3.87123556145985,0.4301917324488161,0.008593032225632,0.4133493892865774,0.4470340756110548,50.06285571298167,0.014804662091485003,0.000390358761611,0.014039558918727444,0.015569765264242563,37.92578404132212
2009-05-06,1.347,1.4386000000000043,0.9363269845683276,4.046062500000012,0.0,0.4048396954891881,0.003106994727637,0.041195400344912,0.010680963064861,0.02026071273778444,0.062130087952039566,3.856899428895014,0.429574787778923,0.008616453754479,0.4126865384201441,0.44646303713770186,49.85517244326069,0.014830097619783999,0.000391062475698,0.01406361516741592,0.015596580072152082,37.92257897746021
2009-05-07,1.3780000000000001,1.4355666666666709,0.959899691178858,4.037531250000012,0.0,0.4174835429966909,0.003068553248367,0.041780698474722,0.010697351932218,0.02081388868757472,0.06274750826186927,3.905704770625335,0.429767648798309,0.008505892880385,0.4130960987527544,0.4464391988438636,50.525871280294645,0.014845729252922,0.00039149645740300015,0.01407839619641212,0.015613062309431882,37.92046893957821
2009-05-08,1.29,1.4322666666666708,0.9006702662446446,4.028250000000011,0.0,0.3860130082498212,0.003142112771226,0.041545512174674,0.010784210425839,0.02040845974002956,0.06268256460931844,3.852438939352383,0.42852771770489,0.00861403161636,0.4116442157368244,0.4454112196729556,49.74763697070667,0.014958649878886001,0.00039460387132800003,0.014185226291083118,0.01573207346668888,37.908016027704896
2009-05-11,1.3090000000000002,1.4316000000000042,0.9143615535065636,4.026375000000011,0.0,0.3932001266450648,0.00310829723811,0.042021704231791,0.010788154685485,0.020876921048240404,0.0631664874153416,3.8951707179663284,0.4286215604686479,0.008518732171981,0.4119248454115652,0.44531827552573067,50.315182096981104,0.014964599709022,0.00039476465603,0.0141908609832032,0.0157383384348408,37.907648216280414
2009-05-12,1.339,1.4325333333333374,0.9347077438570338,4.029000000000012,0.0,0.4039770125954611,0.003080852138052,0.042438589085187994,0.010802156180831999,0.02126636297075728,0.06361081519961873,3.9287146357404334,0.42895859267582,0.008442702975818001,0.4124108948432167,0.4455062905084233,50.80820608097664,0.014977991427838,0.00039513599659400016,0.014203524874513759,0.01575245798116224,37.905914816535756
2009-05-13,1.2770000000000001,1.4312000000000042,0.8922582448295113,4.025250000000011,0.0,0.3816226752660735,0.0031799575662559997,0.041481630847662994,0.010841837017683998,0.02023163029300236,0.06273163140232363,3.8260703218469287,0.4282962350822659,0.008667014917565,0.4113088858438385,0.4452835843206933,49.41681065002518,0.015032828315719001,0.000396647790749,0.01425539864585096,0.01581025798558704,37.89969001800548
2009-05-14,1.26,1.4232666666666711,0.8852873670897909,4.002937500000011,0.0,0.3779990401742366,0.0031979192004640005,0.041282598081892996,0.010832667127989,0.02005057051103456,0.06251462565275144,3.8109357182434582,0.427981019266736,0.008708207101236,0.4109129333483134,0.44504910518515856,49.146858163946455,0.015033479301823999,0.00039665171731300016,0.014256041935890518,0.015810916667757483,37.900956041860304
2009-05-15,1.249,1.4124333333333374,0.8842895239893304,3.972468750000012,0.0,0.37748140924525664,0.003205083039052,0.041203614589192,0.010821934002167001,0.019992623944944686,0.06241460523343933,3.8074169165087617,0.427824722407236,0.00872353979422,0.4107265844105648,0.4449228604039072,49.042559843737145,0.015033158463503001,0.000396627593516,0.01425576838021164,0.01581054854679436,37.902452348888396
2009-05-18,1.215,1.400766666666671,0.8673821478714012,3.939656250000012,0.0,0.368751199941736,0.0032787364117899996,0.040345856149047996,0.010811926874804001,0.01915447947443216,0.061537232823663836,3.7316064579634514,0.427497939929353,0.008912342514181,0.4100297486015582,0.4449661312571477,47.96695585353928,0.015040065531061,0.000396799938451,0.01426233765169704,0.015817793410424958,37.90339683462937
2009-05-19,1.2830000000000001,1.3929000000000045,0.9210998635939378,3.917531250000013,0.0,0.3967563998121682,0.0031344400803850004,0.042646362442169,0.010872711069101,0.021335848746731046,0.06395687613760696,3.9223301503307932,0.428270617437195,0.008482130188116999,0.4116456422684857,0.4448955926059043,50.490927153790075,0.015132480336731001,0.000399316772176,0.01434981946326604,0.01591514121019596,37.89592972587771
2009-05-20,1.3259999999999998,1.3878000000000046,0.9554690877648044,3.903187500000013,0.0,0.41509483896831056,0.003092886201822,0.04338594818027101,0.01090664077,0.02200893227107101,0.06476296408947102,3.977938679305324,0.428798798356319,0.008361268596883999,0.4124107119064264,0.4451868848062117,51.28394015665785,0.015170968011276001,0.00040038044797300004,0.014386222333248919,0.01595571368930308,37.89138078063732
2009-05-21,1.2890000000000001,1.3820000000000046,0.9327062228654096,3.8868750000000127,0.0,0.4029116897189149,0.003127481897054,0.04301154149386,0.010921839210998001,0.021604736640303924,0.06441834634741607,3.938122569186765,0.4285114781264711,0.008439382838611,0.4119702877627936,0.4450526684901487,50.77521500339818,0.015184522220024999,0.00040076397121099997,0.014399024836451441,0.015970019603598562,37.88894040084003
2009-05-22,1.301,1.3768666666666711,0.9448990461434141,3.872437500000013,0.0,0.409419072676794,0.0031093082274820005,0.04327984200405301,0.010929031841058,0.02185893959557933,0.0647007444125267,3.96008014556786,0.428616252703854,0.008390221954041,0.4121714176739337,0.4450610877337744,51.08521026639125,0.015189344582535,0.000400900830691,0.01440357895438064,0.01597511021068936,37.88803469510963
2009-05-25,1.38,1.3740666666666714,1.004318082577261,3.8645625000000132,0.0,0.4417518925786593,0.0031096775247929998,0.043771828403094,0.01101416214323,0.0221840706023632,0.0653595862038248,3.974140550491072,0.42979195195493103,0.008369046572728,0.4133886206723841,0.4461952832374779,51.35494804814247,0.015297277902648999,0.00040387776193699995,0.014505677489252482,0.016088878316045517,37.876009387782815
2009-05-26,1.396,1.371933333333338,1.0175421546236418,3.858562500000013,0.0,0.44909223033605616,0.003109512498175,0.043788525207527,0.011020396501383001,0.022188548064816318,0.06538850235023767,3.973407417966612,0.429888286182035,0.008369898554033,0.4134832850161303,0.4462932873479397,51.36123017582841,0.015301503781610003,0.000403997822174,0.014509668050148963,0.016093339513071042,37.875213532763006
2009-05-27,1.3980000000000001,1.3712333333333384,1.0195201400199296,3.8565937500000143,0.0,0.45019480555285385,0.0031253293375970003,0.043503963277791005,0.011017151682481002,0.021910345980128244,0.06509758057545377,3.9487486903689266,0.43016024140678494,0.008426307498912,0.4136446787089174,0.4466758041046525,51.04967288012088,0.015295280131108997,0.000403830377497,0.014503772591214876,0.016086787671003116,37.87550660731576
2009-05-28,1.3880000000000001,1.3693666666666715,1.0136072636985434,3.8513437500000136,0.0,0.4469024384078455,0.003132066632534001,0.043349702237024,0.011010955799915002,0.0217682288691906,0.06493117560485741,3.936960880122358,0.43034388844821403,0.008455880965998001,0.4137703617548579,0.4469174151415701,50.8928508074651,0.015287848534536,0.00040362462179100003,0.01449674427582564,0.016078952793246358,37.87640225394434
2009-05-29,1.33,1.362833333333338,0.9759080347315608,3.832968750000013,0.0,0.4261621061286016,0.003119803043274,0.043844946055621004,0.011044612576979999,0.0221975054047402,0.0654923867065018,3.969803897604153,0.4296491499899121,0.008372129060717,0.4132397770309068,0.4460585229489174,51.31898312531935,0.015332406779005,0.00040485244757400003,0.01453889598175996,0.01612591757625004,37.871592158747696
2009-06-01,1.354,1.359433333333338,0.9960032366427156,3.823406250000013,0.0,0.4371639766546663,0.0031149247146690004,0.04395644542107799,0.011054352310055,0.022289914893370188,0.06562297594878579,3.976392663104793,0.429827205462569,0.008359735865032,0.4134421231671063,0.4462122877580317,51.41636200020274,0.015343060793305,0.000405148024466,0.014548970665351641,0.01613715092125836,37.870259428133224
2009-06-02,1.311,1.3540666666666712,0.9681945743685656,3.808312500000013,0.0,0.4219710239904533,0.0031180273417449997,0.04409010036987901,0.011074048947825,0.02238496443214201,0.06579523630761601,3.9813893344346054,0.42942296560548404,0.008341095529329,0.4130744183679991,0.4457715128429688,51.48280152115764,0.015366789154381,0.00040580376701,0.0145714137710414,0.0161621645377206,37.86753698120489
2009-06-03,1.614,1.3574333333333377,1.1890086683201102,3.817781250000012,0.0,0.5494947942634317,0.003612810932455,0.04520481943721402,0.012133794937396004,0.02142258135991785,0.06898705751451017,3.72553019648418,0.43329515053760603,0.009023612948966999,0.4156088691576307,0.4509814319175813,48.017922863944854,0.016824295843943998,0.000446184131966,0.015949774945290637,0.017698816742597358,37.70706898472
2009-06-04,1.733,1.3652000000000044,1.2694110753003185,3.839625000000012,0.0,0.6002875647669039,0.004241053805832,0.039054293525981006,0.012141972698592,0.015256027036740687,0.06285256001522133,3.2164702141447608,0.435865225157403,0.010701545244159,0.4148901964788514,0.4568402538359546,40.72918585241808,0.016993286922004996,0.000450728488932,0.016109859083698278,0.017876714760311715,37.70182568729589
2009-06-05,1.8840000000000001,1.3798000000000044,1.365415277576456,3.880687500000012,0.0,0.6645227711988316,0.0057030917421319995,0.029500414777451,0.012110005911408001,0.005764803191091319,0.05323602636381068,2.436036364743729,0.4408252732947109,0.014929179802141,0.4115640808825145,0.4700864657069073,29.527762351116323,0.017223938988033,0.0004568598918780001,0.01632849359995212,0.018119384376113882,37.70070276297626
2009-06-08,1.932,1.3971000000000047,1.3828645050461623,3.929343750000013,0.0,0.6766542543845808,0.006329530400643,0.026443593036412995,0.011849074134753,0.003219407732297116,0.04966777834052888,2.231701205991642,0.442548713245041,0.01685614881269,0.40951066157216864,0.4755867649179134,26.254437959866518,0.017212997841354,0.000456095262745,0.0163190511263738,0.0181069445563342,37.73991805519785
2009-06-09,1.87,1.4137000000000046,1.322770036075542,3.976031250000013,0.0,0.6354788962631868,0.005257872414845,0.032561002345193,0.011719460403607001,0.009590859954123279,0.05553114473626272,2.778370438895944,0.4387614234771671,0.013278427346327,0.4127357058783662,0.4647871410759679,33.04317687881413,0.017333973113617,0.0004590105018380001,0.016434312530014518,0.018233633697219483,37.763783277709706
2009-06-10,1.89,1.4312000000000045,1.3205701509222991,4.025250000000012,0.0,0.6340032848987883,0.00538720980413,0.031693391697572994,0.011539055608221,0.009076842705459831,0.05430994068968616,2.746619201227503,0.439455099429859,0.013675996299303998,0.4126501466832232,0.4662600521764949,32.13331517589067,0.017324214551826998,0.0004584220792930001,0.016425707276412717,0.01822272182724128,37.79096892221863
2009-06-11,1.925,1.4491000000000045,1.3284107376992575,4.075593750000013,0.0,0.6392724747959324,0.005664645406958,0.030039142858357997,0.011364594262108998,0.007764538104624365,0.052313747612091635,2.643221760983762,0.44056811043509103,0.014514692083608,0.41211931395121937,0.4690169069189627,30.353252269997487,0.017316760787844,0.00045791570181,0.0164192460122964,0.0182142755633916,37.81648176594281
2009-06-12,1.89,1.4659333333333382,1.2892810041384286,4.122937500000013,0.0,0.613247911530772,0.005227277852878,0.032849933681079004,0.011247999746821998,0.010803854177307887,0.05489601318485012,2.920513373087574,0.43903787127193705,0.013128230065905,0.4133065403427633,0.4647692022011109,33.4422743254753,0.017365449480409998,0.000458972355914,0.016465863662818558,0.018265035298001442,37.83550197881685
2009-06-15,1.815,1.4788000000000043,1.2273464971598558,4.159125000000012,0.0,0.573392517672927,0.004698920502782001,0.037191084111942004,0.011217050037549999,0.015205666038343994,0.059176502185540006,3.3155851126135265,0.437035541523392,0.01151053107516,0.4144749006160785,0.4595961824307056,37.96832124162553,0.01747860798675,0.00046187875121099997,0.01657332563437644,0.018383890339123563,37.84241630710941
2009-06-16,1.795,1.4922666666666713,1.2028681200857718,4.197000000000013,0.0,0.5580682606936597,0.004582099082473,0.038256254546731004,0.011152502538814,0.016397349570655563,0.06011515952280645,3.4302843163305785,0.43651078487380995,0.011160101324315,0.4146369862781526,0.4583845834694674,39.11351449137352,0.017494879159273,0.0004621840052240001,0.016588998509033958,0.01840075980951204,37.85262787442706
2009-06-17,1.736,1.5052333333333376,1.1533095644086155,4.2334687500000125,0.0,0.5277439735240219,0.004341650020789001,0.040787668571313995,0.011139137864131001,0.018954958357617242,0.06262037878501077,3.661653986944017,0.435073077725904,0.010429441423372,0.4146313725360948,0.4555147829157131,41.71585611008177,0.017555085444394998,0.000463733345023,0.016646168088149917,0.018464002800640082,37.85599123459707
2009-06-18,1.754,1.517766666666671,1.1556453561153417,4.268718750000012,0.0,0.5291527553934225,0.004388161703778,0.04029128922534,0.011095059108552,0.018544973372578082,0.06203760507810192,3.6314623321189647,0.43548851730805604,0.010569023797492999,0.4147732306649697,0.4562038039511423,41.204232827194616,0.017549520031643995,0.000463511310124,0.016641037863800955,0.01845800219948704,37.86211824463544
2009-06-19,1.686,1.530966666666671,1.1012649959720406,4.3058437500000135,0.0,0.4968584331168816,0.004209767372572,0.042489741642029,0.011118028381588999,0.02069840601411456,0.06428107726994342,3.821697533385502,0.43443661426483604,0.010024885734897,0.4147878382244379,0.4540853903052341,43.33581706099149,0.017630486641266003,0.000465677075958,0.016717759572388326,0.018543213710143683,37.85989809570779
2009-06-22,1.676,1.5432000000000046,1.0860549507516817,4.3402500000000135,0.0,0.4880093580209905,0.00418143658572,0.042828462339394996,0.011104585811361999,0.02106347414912548,0.06459345052966453,3.856826636034617,0.4342093177070701,0.009939655499037,0.4147275929289576,0.4536910424851826,43.68454397128256,0.017636344096055998,0.00046580450809099994,0.016723367260197637,0.01854932093191436,37.862115522119495
2009-06-23,1.695,1.5550666666666713,1.089985423990394,4.373625000000013,0.0,0.4902885815360755,0.004198073078925,0.042649979128618995,0.011088483686193001,0.02091655110368072,0.06438340715355728,3.846331052615117,0.434227650747,0.009979718909811,0.4146674016837704,0.4537878998102296,43.51101014679802,0.01763490570665,0.00046573876416800003,0.016722057728880718,0.018547753684419282,37.864371753920004
2009-06-24,1.621,1.5665333333333382,1.0347689165035292,4.4058750000000115,0.0,0.458735888505157,0.0041061518517399994,0.044106480452037994,0.011133316080417,0.02228518093442068,0.06592777996965532,3.961666060089766,0.433315437093231,0.009668642899917,0.4143648970093937,0.4522659771770684,44.81657266470898,0.017717432276139002,0.00046798975830300007,0.016800172349865118,0.018634692202412883,37.85858976993266
2009-06-25,1.5530000000000002,1.5763000000000045,0.9852185497684424,4.433343750000012,0.0,0.4312444515167094,0.004072890290334,0.04488625777545298,0.011173383187004,0.022986426728925147,0.06678608882198082,4.0172485830130915,0.432263296315265,0.009511061384982,0.4136216160007003,0.4509049766298297,45.44848138587642,0.017779200666709,0.00046969044868299997,0.01685860738729032,0.018699793946127682,37.85301727248947
2009-06-26,1.547,1.5862333333333376,0.975266354256412,4.461281250000012,0.0,0.4258127806299983,0.0040668416928629995,0.044992114806855006,0.011176818542076,0.023085550464386047,0.06689867914932396,4.025484947928364,0.431946315453645,0.0094840411302,0.41335759483845297,0.45053503606883705,45.544542618883675,0.017780407895487,0.00046972828418,0.0168597404584942,0.0187010753324798,37.852538359559816
2009-06-29,1.578,1.5983333333333376,0.9872784150156388,4.495312500000012,0.0,0.4323723714366749,0.004067686401977,0.044974312246932,0.011181810200715,0.0230579642535306,0.0668906602403334,4.022095835972515,0.432192583120458,0.009494068780603,0.4135842083104761,0.4508009579304399,45.522377508309354,0.017783803363632,0.000469827101766,0.01686294224417064,0.01870466448309336,37.85180398656753
2009-06-30,1.5759999999999998,1.6081000000000043,0.98003855481624,4.522781250000012,0.0,0.4284136524363612,0.0040702615132940006,0.044958723156003,0.011184731831073998,0.02303664876709796,0.06688079754490804,4.019651417219944,0.432118604870129,0.009496769116975,0.413504937400858,0.45073227233940005,45.50164372194286,0.017784825948909,0.00046986002459699995,0.01686390030069888,0.018705751597119118,37.85132809319008
2009-07-01,1.56,1.6159000000000043,0.9654062751407858,4.544718750000012,0.0,0.4204603232266517,0.004073081874040999,0.044988013171865994,0.011190437326428,0.023054756012067117,0.06692127033166488,4.020219394430492,0.431817154131701,0.009488721779665001,0.4132192594435576,0.4504150488198444,45.50846406489977,0.017790572256143996,0.000470021316057,0.016869330476672276,0.018711814035615715,37.85056474754396
2009-07-02,1.442,1.6210000000000044,0.8895743368291154,4.559062500000013,0.0,0.3802259583684932,0.004190240506658,0.044639449304522,0.011289163115517002,0.02251268959810868,0.06676620901093533,3.954185872570353,0.430544794364187,0.009631703491991,0.4116666555198847,0.44942293320848936,44.70079407263668,0.017948082474722002,0.00047436848552099995,0.01701832024310084,0.01887784470634316,37.835739562243646
2009-07-03,1.454,1.6261000000000043,0.8941639505565441,4.573406250000012,0.0,0.3826155981560619,0.0041935401897640005,0.044581479252982,0.011276426349439,0.02247968360808156,0.06668327489788244,3.953511322778143,0.43067525101204296,0.009644212967483,0.4117725935957763,0.4495779084283096,44.656339761899396,0.017946203806401,0.0004742960627219999,0.01701658352346588,0.018875824089336118,37.837555942150885
2009-07-06,1.426,1.6276333333333377,0.8761186999528945,4.577718750000012,0.0,0.3732528455650813,0.004259842362113,0.04385986380028,0.011257765684652,0.02179464305836208,0.06592508454219792,3.895965241137975,0.43066559408849003,0.009799441702294,0.4114586883519937,0.4498724998249862,43.94797246333725,0.017940332494924,0.000474112312303,0.017011072362810117,0.01886959262703788,37.83983674200333
2009-07-07,1.436,1.6289666666666711,0.8815404448627941,4.5814687500000115,0.0,0.37605670933861984,0.004256754155249,0.043896868329731005,0.011240382326430001,0.02186571896992821,0.0659280176895338,3.905282494396588,0.430604898964342,0.009790332310418001,0.4114158476359228,0.4497939502927613,43.982664256056985,0.017940127790347,0.000474074235437,0.017010942288890482,0.018869313291803518,37.84244417715552
2009-07-08,1.4069999999999998,1.6292666666666706,0.8635787061663712,4.582312500000012,0.0,0.3667977306662762,0.004327247218348,0.04325487034667701,0.011225971519014999,0.021251966169407614,0.06525777452394642,3.853107080612868,0.430253397275156,0.009936258694809,0.4107783302333303,0.4497284643169817,43.30134817242112,0.017947977266464,0.0004742592587940001,0.017018429119227758,0.01887752541370024,37.844231680583604
2009-07-09,1.4580000000000002,1.6316000000000042,0.8936013728855091,4.588875000000012,0.0,0.3823223777916666,0.00425248337165,0.04408301764208901,0.01122441699491,0.02208316033206541,0.06608287495211261,3.927421590099603,0.430757558057947,0.009768302656386,0.4116116848514305,0.4499034312644636,44.097482767525776,0.017972290044226003,0.000474892094326,0.017041501539347043,0.018903078549104963,37.844997335090135
2009-07-10,1.4269999999999998,1.6348333333333374,0.8728718523804646,4.597968750000012,0.0,0.3715774893123624,0.004321262460910999,0.043475146635029,0.011215952722485,0.0214918792989584,0.0654584139710996,3.87618847107596,0.430359095201205,0.009906195433743,0.4109429521510688,0.4497752382513413,43.44342871889069,0.017983380722578,0.000475174809141,0.01705203809666164,0.01891472334849436,37.84582089924813
2009-07-13,1.445,1.6378666666666708,0.8822451970042309,4.606500000000012,0.0,0.3764217510503178,0.004306173130186,0.043631996960696,0.011197936394287,0.02168404162789348,0.06557995229349853,3.896431933919235,0.43025343537325705,0.009868658015020999,0.4109108656638159,0.4495960050826982,43.59796790185477,0.017982102029987998,0.00047510603404400003,0.01705089420326176,0.01891330985671424,37.84860797693198
2009-07-14,1.465,1.6430000000000042,0.8916615946439418,4.620937500000012,0.0,0.3813120073469293,0.004292403870570999,0.043762101985181004,0.011184969089302,0.021839562570149084,0.06568464140021292,3.912581397032126,0.430417605197207,0.009841964443445,0.4111273548880548,0.4497078555063592,43.73289577202936,0.017983506859838003,0.00047511765754599996,0.017052276251047844,0.018914737468628158,37.850638834898355
2009-07-15,1.508,1.639466666666671,0.9198113207547144,4.611000000000012,0.0,0.3960753677583241,0.0042406434570070005,0.044354733361182994,0.01118991482531,0.022422500303575395,0.06628696641879059,3.9638133134719697,0.430874224099885,0.009728531215792001,0.4118063029169327,0.4499421452828373,44.28975089276336,0.01800491680771,0.000475687976009,0.01707256837473236,0.01893726524068764,37.85026680465212
2009-07-16,1.436,1.6295666666666713,0.8812158651584241,4.5831562500000125,0.0,0.3758886310239466,0.004334451885214001,0.043660022953730004,0.011205373465389,0.021697490961567558,0.06562255494589242,3.896346970369625,0.4301723765087711,0.009895872784005,0.4107764658521213,0.4495682871654209,43.469877382022105,0.018045143003671,0.000476784583308,0.01711064522038732,0.01897964078695468,37.847580721853966
2009-07-17,1.4709999999999999,1.6158000000000043,0.910384948632254,4.544437500000012,0.0,0.3911073155586669,0.004273943361554,0.044353145562522005,0.011208749157337,0.022383997214141485,0.06632229391090252,3.957011165112157,0.430535395144062,0.009758366652259001,0.4114089965056344,0.4496617937824897,44.11961657993351,0.018068039052138,0.00047739147268699997,0.017132351765671478,0.019003726338604518,37.84742729158759
2009-07-20,1.4909999999999999,1.6011000000000044,0.9312347760914343,4.503093750000012,0.0,0.402129225605142,0.004241994730913,0.04471999355452401,0.011209677682675,0.02274902529648101,0.066690961812567,3.989409403237585,0.430670996061911,0.00968558478281,0.4116872498876034,0.4496547422362186,44.46515163712737,0.018077515249632,0.000477641709428,0.017141337499153118,0.01901369300011088,37.847438556607145
2009-07-21,1.4469999999999998,1.5870000000000044,0.9117832388153724,4.463437500000013,0.0,0.3918427097675402,0.004272155291175,0.04449495348367,0.011209619562633,0.022524099140909318,0.06646580782643068,3.9693544669432788,0.430117186991489,0.009730691109693,0.4110450324164907,0.4491893415664873,44.20212111789596,0.018084324362294,0.000477822261109,0.017147792730520358,0.01902085599406764,37.84738768826419
2009-07-22,1.466,1.572866666666671,0.9320561183401832,4.423687500000012,0.0,0.40256591129175456,0.004242537618991,0.044834152286817,0.011212952595808998,0.02285676519903137,0.06681153937460263,3.998425205469377,0.430374134245706,0.009666577055272,0.4114276432173729,0.4493206252740391,44.52187488755269,0.018095492554638,0.00047812234563400003,0.01715837275719536,0.01903261235208064,37.84699192555132
2009-07-23,1.499,1.5586666666666713,0.9617194183062421,4.383750000000013,0.0,0.4184662813796092,0.004215287769689,0.0451966421088,0.011227870957201,0.02319001503268604,0.06720326918491397,4.0253973599341535,0.43081359738926395,0.009608794939961,0.4119803593069405,0.4496468354715876,44.83534096430708,0.018119299178527,0.0004787752755080001,0.017180899638531318,0.01905769871852268,37.84510208741587
2009-07-24,1.51,1.5460000000000045,0.9767141009055601,4.348125000000013,0.0,0.4266010948256885,0.004203714732297,0.045334950186179,0.011232425808213,0.02331939560208152,0.06735050477027649,4.0360783111545375,0.430901773683553,0.009583703754576,0.412117714324584,0.449685833042522,44.96192544326047,0.018123927922179,0.000478904551765,0.0171852750007196,0.0190625808436384,37.84455139419683
2009-07-27,1.55,1.5371666666666712,1.0083486934836792,4.323281250000013,0.0,0.44398347661548027,0.004205776079758,0.045398656140684,0.011251401986853002,0.023345908246452118,0.06745140403491587,4.034933263759616,0.43135410829879,0.009593347392424,0.4125511474096389,0.4501570691879411,44.96387868112026,0.018150623029708,0.000479644904867,0.01721051901616868,0.019090727043247317,37.84179263770458
2009-07-28,1.5030000000000001,1.5274333333333383,0.9840036662811223,4.295906250000013,0.0,0.43057981400106177,0.004202315166842,0.045547924101074,0.011262856877848,0.02347272462049192,0.06762312358165608,4.044082651059773,0.431019505263403,0.009563420343931,0.41227520138929824,0.4497638091375077,45.06959746226462,0.018165905983054,0.000480069745676,0.01722496928152904,0.01910684268457896,37.84013916034626
2009-07-29,1.5130000000000001,1.5200000000000045,0.9953947368421024,4.275000000000013,0.0,0.43682904740162143,0.004200066924342,0.045576655236740996,0.011266916935014,0.023493498044113558,0.06765981242936844,4.045175401542337,0.431135738012467,0.009561564684794,0.4123950712302708,0.4498764047946633,45.09050058492149,0.018169222282725,0.000480164557107,0.017228099750795273,0.01911034481465472,37.839573983137115
2009-07-30,1.514,1.5120000000000047,1.0013227513227485,4.252500000000013,0.0,0.4400967200462393,0.0042011735360650004,0.04556008161272599,0.011269235242501998,0.023472380537422077,0.0676477826880299,4.0428725314825895,0.431225580675632,0.009567499315827,0.4124732820166111,0.4499778793346529,45.07192176771628,0.018170204314209997,0.000480194134858,0.01722902380988832,0.019111384818531682,37.83928831114253
2009-07-31,1.4369999999999998,1.5037000000000047,0.9556427478885384,4.229156250000013,0.0,0.4151883582753958,0.004197930406843,0.045958176433397,0.011305372487798998,0.02379964635731097,0.06811670650948304,4.065162513043724,0.430289230179715,0.009495804348284,0.4116774536570784,0.4489010067023516,45.31361582417986,0.018222553965973,0.000481645803042,0.01727852819201068,0.019166579739935317,37.83393076592663
2009-08-03,1.527,1.498733333333338,1.0188603709799355,4.215187500000013,0.0,0.4498268997577397,0.004211564140335,0.046187994679524,0.011372064216373998,0.02389874881543097,0.06847724054361704,4.061531292887203,0.43150302577684796,0.00952361220683,0.4128367458514613,0.4501693057022348,45.30875642620115,0.018323489410499,0.00048443701257300004,0.01737399286585592,0.019272985955142083,37.82429693632339
2009-08-04,1.579,1.4948666666666712,1.0562814966775154,4.204312500000013,0.0,0.4709108476426909,0.004260436555239001,0.045766161081689,0.011391847038603999,0.023438140886025163,0.06809418127735284,4.017448700513652,0.432193878182895,0.009647365628060999,0.4132850415518953,0.4511027148138946,44.79916018998978,0.018359827428084,0.00048543899099,0.0174083670057436,0.0193112878504244,37.821081060308416
2009-08-05,1.6019999999999999,1.4942333333333375,1.0721217123608506,4.202531250000012,0.0,0.4799712712443441,0.004298117270845,0.045348473783558,0.011386061084396002,0.02303179405814184,0.06766515350897417,3.982806121223542,0.432600805232855,0.009749858314632001,0.41349108293617626,0.4517105275295337,44.369958134020244,0.018365135012153998,0.000485570602504,0.01741341663124616,0.019316853393061842,37.82176045551653
2009-08-06,1.62,1.496466666666671,1.0825500066824043,4.208812500000012,0.0,0.4859812650353914,0.00433384997414,0.044856295861354006,0.0113656971166,0.022579529512818008,0.06713306220989,3.946638327695585,0.43322017731373297,0.009869232712099002,0.4138764811980189,0.452563873429447,43.89603426643514,0.018354094944025002,0.000485242809063,0.017403019038261518,0.019305170849788483,37.82455834732304
2009-08-07,1.7469999999999999,1.503133333333338,1.1622388787865312,4.227562500000013,0.0,0.5331402368582051,0.004611612732934,0.04269473433452898,0.011437251803063,0.020277720800525503,0.06511174786853248,3.732953953422149,0.435121590735793,0.010533268061154,0.4144763853359311,0.4557667961356549,41.30926776092284,0.018511810036159,0.000489567480073,0.017552257775215917,0.01947136229710208,37.81258108360523
2009-08-10,1.682,1.5066000000000046,1.1164210805787833,4.237312500000013,0.0,0.5057546985658343,0.0044652738272059995,0.04444446514465701,0.011435629155411001,0.022030632000051453,0.06685829828926257,3.886490593622411,0.43413255090304703,0.010101735300061,0.41433314971492746,0.4539319520911666,42.97603708745158,0.018564106920906,0.000490935605949,0.01760187313324596,0.019526340708566042,37.813730957711975
2009-08-11,1.624,1.5082000000000046,1.0767802678689795,4.241812500000013,0.0,0.4826516089509546,0.0043763737163380004,0.045619234998794,0.011441236572293996,0.02319441131709777,0.06804405868049024,3.9872643757114417,0.433356449323937,0.009833285490126999,0.4140832097632881,0.4526296888845859,44.070361809290546,0.018603036039411,0.000491967493582,0.017638779751990283,0.019567292326831718,37.8135471999461
2009-08-12,1.5919999999999999,1.5092666666666712,1.0548169088740635,4.2448125000000125,0.0,0.4700772512263454,0.004342684406814,0.046073372180722,0.011437904017636,0.02365508030615544,0.06849166405528856,4.028130688077278,0.432924911465988,0.009728047738181998,0.4138579378991513,0.4519918850328247,44.502753596365736,0.01861403039599,0.0004922472884890001,0.01764922571055156,0.019578835081428443,37.814388888010825
2009-08-13,1.537,1.5124333333333375,1.0162431401935041,4.253718750000012,0.0,0.4483687901669581,0.004301335943845,0.04677967507624599,0.011457501830386005,0.024322971488689414,0.06923637866380256,4.082886109796236,0.4322221804901321,0.009581773973304,0.4134419035024563,0.4510024574778079,45.10878483403504,0.018651501638089003,0.0004932717813640001,0.017684688946615564,0.01961831432956244,37.811815600946495
2009-08-14,1.4709999999999999,1.5130000000000043,0.972240581625906,4.255312500000012,0.0,0.4241672176007629,0.0042948728903259995,0.047172857428477995,0.011489257113937,0.024653913485161483,0.06969180137179452,4.105823114642877,0.4315734337786569,0.00951345981206,0.41292705254701934,0.4502198150102945,45.364509053958884,0.01870159280227,0.0004946566912380001,0.017732065687443517,0.019671119917096483,37.807216870909755
2009-08-17,1.4880000000000002,1.5150666666666708,0.9821349995599729,4.261125000000011,0.0,0.4295583667731077,0.004289532081167001,0.047235013372367005,0.011490405435135001,0.024713818719502404,0.06975620802523161,4.110822167156312,0.4315753492043979,0.009501491676521999,0.4129524255184148,0.45019827289038106,45.42185205200979,0.018702311767549,0.000494678285686,0.01773274232760444,0.01967188120749356,37.80701985251866
2009-08-18,1.496,1.517066666666671,0.9861135524696756,4.2667500000000125,0.0,0.4317343716431025,0.004291298534159,0.047196113644130996,0.011490757948333,0.024674228065398325,0.06971799922286367,4.10731074976457,0.431724355338323,0.009512146301331998,0.41308054858771226,0.4503681620889337,45.38663953032886,0.018701685689962,0.000494662691498,0.01773214681462592,0.01967122456529808,37.80694604912264
2009-08-19,1.476,1.519366666666671,0.971457405497902,4.273218750000012,0.0,0.4237417289355676,0.00429354390288,0.047226088723937,0.011494861757767,0.02469615967871368,0.06975601776916032,4.108452082255424,0.431482236743658,0.009504241599497,0.4128539232086439,0.4501105502786721,45.39891291973152,0.018707269367667,0.000494818245009,0.01773742560744936,0.01967711312788464,37.80634517093026
2009-08-20,1.465,1.5196000000000045,0.9640694919715688,4.273875000000013,0.0,0.4197368625519109,0.004295305178034001,0.047233574910909,0.011496043477763,0.024701329694493526,0.06976582012732448,4.10868095638932,0.4312872604511789,0.009499820101616999,0.4126676130520096,0.4499069078503482,45.39951871065299,0.018708360579702998,0.000494850522981,0.017738453554660243,0.01967826760474576,37.80608428381078
2009-08-21,1.567,1.524266666666671,1.0280353393981774,4.287000000000013,0.0,0.4549553073079324,0.0043084234350570004,0.047519554763583,0.011563011235868998,0.02485605274127977,0.07018305678588624,4.10961762418563,0.432223824128376,0.009515834727156999,0.4135727880631483,0.4508748601936037,45.42153542188732,0.018813938393109998,0.000497771596712,0.017838306063554483,0.019789570722665517,37.79632770809543
2009-08-24,1.526,1.5269666666666712,0.9993669366281706,4.294593750000013,0.0,0.4390174444235497,0.0042831905677090006,0.047955599707698006,0.01157332216342,0.02527188826739481,0.0706393111480012,4.143633006196977,0.43156658958761496,0.009423141996040002,0.41309723127537656,0.45003594789985335,45.798587113404544,0.018830301140722,0.000498223447263,0.017853783184086522,0.01980681909735748,37.79489151735005
2009-08-25,1.51,1.528466666666671,0.9879181750774167,4.298812500000013,0.0,0.4327229437807049,0.00428183481329,0.048004803676086005,0.011577360994546999,0.025313176126773886,0.07069643122539812,4.146437491125743,0.431409669949964,0.009412230866048001,0.4129616974525099,0.4498576424474181,45.83500724638358,0.018833552056074,0.000498315368695,0.0178568539334318,0.0198102501787162,37.79444351752987
2009-08-26,1.476,1.5274000000000043,0.9663480424250332,4.295812500000012,0.0,0.4209703176248793,0.00428797580244,0.048027340112137,0.011586577850287999,0.025317647525572518,0.07073703269870149,4.145084142419398,0.43112071505191796,0.009408558362198,0.4126799406620099,0.4495614894418261,45.82218640255021,0.0188451618416,0.0004986415529880001,0.01786782439774352,0.019822499285456482,37.7930032679372
2009-08-27,1.482,1.5289333333333377,0.9693032179297084,4.300125000000012,0.0,0.4225723218512281,0.0042834072356720005,0.048083500132276,0.011588201805048,0.02537062459438192,0.07079637567017008,4.149349566153579,0.43107140512077,0.009396889594557,0.4126535015154383,0.44948930872610177,45.87383950647606,0.018845051257274,0.0004986411811540001,0.017867714542212157,0.01982238797233584,37.79280967863525
2009-08-28,1.4809999999999999,1.5292666666666712,0.9684380313004024,4.301062500000013,0.0,0.4221030373753265,0.0042840723843089994,0.048078014864818,0.011590058557353998,0.02536150009240416,0.07079452963723183,4.1482115579400585,0.43105505307451203,0.009397914472954001,0.41263514070752216,0.4494749654415018,45.86709682398287,0.018845081920112,0.00049864744261,0.0178677329325964,0.0198224309076276,37.792396610898045
2009-08-31,1.4709999999999999,1.5286000000000044,0.9623184613371684,4.299187500000013,0.0,0.4187900042477052,0.004290395671365,0.048006894886909006,0.011591049826175,0.025288437227606004,0.07072535254621201,4.1417210353542036,0.43104042186139596,0.009411610282071,0.4125936657085368,0.4494871780142552,45.798796267894716,0.018844710773595,0.0004986387865640001,0.01786737875192956,0.019822042795260442,37.79230834297681
2009-09-01,1.416,1.527566666666671,0.9269644532699036,4.296281250000012,0.0,0.39986187731093575,0.004324700363982001,0.0478545205642,0.011610762828164001,0.02509742542099856,0.07061161570740143,4.121565591549381,0.43045721724482394,0.009448709334395,0.4119377469494098,0.4489766875402382,45.557250414918,0.018877065761343004,0.0004995363089619999,0.017897974595777483,0.019856156926908525,37.78917652768274
2009-09-02,1.393,1.5251333333333374,0.9133627660969508,4.289437500000012,0.0,0.3926740719065046,0.004345775537019,0.04768125073741,0.01160906657027,0.0249274802596808,0.0704350212151392,4.107242425460531,0.43009879867471,0.009480262088635,0.4115174849809854,0.4486801123684345,45.367817329680605,0.018880851450587,0.000499634621904,0.01790156759165516,0.019860135309518842,37.78931767905257
2009-09-03,1.355,1.520333333333337,0.8912519184389365,4.275937500000011,0.0,0.38109875019722544,0.004392467523809,0.047287877483347,0.011608928316493,0.024534377983020723,0.07004137698367327,4.073405933273347,0.42960143184662103,0.009559419284404,0.4108649700491892,0.4483378936440528,44.940118124906014,0.018892613758051003,0.000499949314244,0.01791271310213276,0.01987251441396924,37.78905825010352
2009-09-04,1.324,1.514133333333337,0.8744276153575179,4.258500000000011,0.0,0.37237990458274506,0.004437266542643,0.046889311253778,0.011599700443948998,0.02415389838363796,0.06962472412391804,4.042286391821147,0.4291035012311501,0.00963848497922,0.4102120706718789,0.4479949317904213,44.5198080565849,0.018897559007155,0.0005000644309080001,0.01791743272257532,0.01987768529173468,37.79024829426985
2009-09-07,1.3,1.5058000000000042,0.8633284632753331,4.235062500000011,0.0,0.3666693381921821,0.004482186427191,0.046464240249082,0.011584699310588,0.023758229600329518,0.06917025089783449,4.0108283351483465,0.428801734685105,0.00972523155202,0.40974028084314573,0.4478631885270642,44.091673539232474,0.018900036403246997,0.00050010368533,0.017919833180000202,0.0198802396264938,37.79223580557912
2009-09-08,1.3019999999999998,1.499100000000004,0.868521112667598,4.216218750000012,0.0,0.3693369219769851,0.004477674040560001,0.04651867233826901,0.011567425606851998,0.023846518148839098,0.06919082652769892,4.021523363912064,0.428734522551177,0.009712838405628999,0.40969735927614415,0.44777168582620985,44.14101261096817,0.018900100630574,0.000500071362545,0.0179199607599858,0.0198802405011622,37.79480699388267
2009-09-09,1.3230000000000002,1.4927666666666708,0.8862738092579749,4.198406250000011,0.0,0.3785110203741957,0.0044419619433159994,0.04690971859636098,0.011559494735152,0.024253108915463062,0.06956632827725891,4.058111506700249,0.4289408816051479,0.009637179756549,0.41005200928231184,0.4478297539279839,44.508963456206075,0.018908085011363,0.0005002635376479999,0.01792756847757292,0.01988860154515308,37.796248553824455
2009-09-10,1.271,1.4846666666666706,0.8560844185002222,4.175625000000012,0.0,0.3629597535059637,0.004546062127982,0.045998595170091,0.011557783651144,0.023345339213848758,0.06865185112633324,3.979880274496795,0.42842993044797895,0.009835192326882,0.4091529534872903,0.4477069074086677,43.560910270863296,0.018930403228266002,0.0005008579333969999,0.017948721678807882,0.019912084777724118,37.7959536347116
2009-09-11,1.253,1.4785333333333377,0.8474614482820789,4.158375000000012,0.0,0.3585619032068971,0.004593701281782,0.04555637381993402,0.011534832409639999,0.022948102297039613,0.06816464534282841,3.949461266715911,0.428143398715142,0.009928611236895,0.4086833206908278,0.4476034767394562,43.12218380795873,0.018931305813603,0.000500839642549,0.01794966011420696,0.01991295151299904,37.79913610126717
2009-09-14,1.296,1.4708333333333374,0.8811331444759183,4.1367187500000115,0.0,0.3758457999824032,0.0045133566174630005,0.046421536787587,0.011531947811513999,0.02381891907701956,0.06902415449815444,4.025472326646907,0.4287962086649621,0.009761485203664,0.4096636976657807,0.4479287196641436,43.927353237601146,0.018956800776456,0.000501500379151,0.01797386003332004,0.01993974151959196,37.80017237182752
2009-09-15,1.308,1.4618000000000042,0.8947872485976169,4.111312500000011,0.0,0.3829405669345721,0.004494982318837,0.046584725120802,0.011521074674431002,0.02400341875891724,0.06916603148268677,4.043435741648958,0.42910370117102004,0.009731562533068,0.4100298386062067,0.4481775637358333,44.09401878813617,0.018958190738843,0.0005015142525959999,0.01797522280375484,0.019941158673931158,37.801898232628666
2009-09-16,1.318,1.4523333333333377,0.9075051641037386,4.084687500000012,0.0,0.38959446977115936,0.004472175758297,0.046833333267217996,0.011514129100323,0.024265640230584924,0.06940102630385109,4.067466402292204,0.42909216875914497,0.009680886047490999,0.4101176321060626,0.4480667054122273,44.323646271032,0.018960171263113997,0.0005015499384999999,0.017977133383654,0.019943209142573998,37.80315738814157
2009-09-17,1.339,1.4429666666666707,0.9279493635796596,4.058343750000011,0.0,0.4003843642167068,0.004435359756047,0.047250401329548,0.011514844337824,0.02468130642741296,0.06981949623168304,4.103433788882503,0.429151470343383,0.009599934819085,0.4103355980979764,0.4479673425887896,44.70358168372234,0.018967167290391003,0.000501732775354,0.01798377105069716,0.01995056353008484,37.8033252401943
2009-09-18,1.338,1.4293333333333371,0.936100746268654,4.020000000000011,0.0,0.4047191177714415,0.00442316736545,0.047387339893778004,0.011515307933657,0.02481733634381028,0.06995734344374571,4.1151604600405465,0.4291539096880779,0.009573103439616999,0.4103906269464285,0.4479171924297272,44.829131158460015,0.018968560922323997,0.0005017708642069999,0.01798509002847828,0.019952031816169717,37.803233059983924
2009-09-21,1.311,1.4169666666666707,0.9252158366463544,3.985218750000011,0.0,0.3989349224691325,0.004442925017303,0.047199772429504,0.011515712881908,0.024628975180964317,0.06977056967804368,4.098727791629772,0.42902794947866296,0.009610509242529,0.4101913513633061,0.4478645475940198,44.641541738506376,0.018970432518468996,0.0005018221277480001,0.017986861148082917,0.01995400388885508,37.803100878827024
2009-09-22,1.3230000000000002,1.4069333333333374,0.9403430629264568,3.9570000000000114,0.0,0.4069825590821966,0.004421105721382,0.047449428824735004,0.011518396910032,0.024873370881072287,0.07002548676839772,4.119447280324889,0.4291045692944861,0.009563767170536999,0.4103595856402336,0.4478495529487386,44.867734820689535,0.018975468609082998,0.0005019599549069999,0.017991627097465282,0.019959310120700718,37.80275383239562
2009-09-23,1.306,1.3974000000000042,0.9345928152282784,3.9301875000000113,0.0,0.4039158103450684,0.004432312400998,0.04733478797887202,0.01151848767237,0.02475855214102681,0.06991102381671721,4.109462051378293,0.429052213171257,0.009586315353327,0.4102630350787361,0.4478413912637779,44.75673888845596,0.018975379419165,0.00050195802923,0.0179915416818742,0.0199592171564558,37.80272117226307
2009-09-24,1.2409999999999999,1.3875333333333373,0.8943929274972346,3.902437500000011,0.0,0.3827349675478055,0.0045099274779519995,0.046756920049723,0.01153723807527,0.0241439334221938,0.0693699066772522,4.052696125769252,0.4285674414670689,0.009717477153808001,0.4095211862456052,0.44761369668853257,44.102747522190796,0.019012853850806,0.000502990417268,0.018026992632960717,0.019998715068651283,37.799634343095455
2009-09-25,1.258,1.3804333333333374,0.9113080433680218,3.8824687500000112,0.0,0.3915927324613528,0.004481085932628,0.047077745695655995,0.011534246443507,0.024470622666382284,0.06968486872492972,4.081562321928566,0.428698771395556,0.009656591947031999,0.4097718511793733,0.4476256916117387,44.394417176065424,0.019019784002255,0.000503165702092,0.018033579226154683,0.02000598877835532,37.80023941058113
2009-09-28,1.268,1.3731000000000042,0.9234578690554192,3.861843750000012,0.0,0.3980038759541208,0.00446702014049,0.047225616843091,0.011532305295426998,0.02462229846405408,0.06982893522212791,4.095071681966148,0.428863239779564,0.009630686634566999,0.4099870939758127,0.4477393855833153,44.53091000181207,0.019023358028205,0.000503255350711,0.01803697754081144,0.020009738515598563,37.80060758682881
2009-09-29,1.291,1.3662666666666707,0.9449107055723598,3.842625000000012,0.0,0.409425315694242,0.004441566082319001,0.047530040329893,0.011537924246574,0.02491570880660796,0.07014437185317804,4.119461985894696,0.429066067181237,0.009578080805817,0.4102930288018357,0.4478391055606383,44.79666395387557,0.019034621082865,0.0005035606165919999,0.01804764227434468,0.020021599891385317,37.800059130264174
2009-09-30,1.304,1.3605333333333374,0.9584476675813378,3.8265000000000113,0.0,0.41670007402221015,0.004430261183184,0.047660553000320995,0.011541515006963,0.02503918358667352,0.07028192241396848,4.129488457240265,0.4291912959923711,0.009556518840107999,0.4104605190657594,0.4479220729189828,44.91084077510161,0.019039241929251,0.000503689565382,0.018052010381102282,0.02002647347739972,37.79955599199394
2009-10-01,1.281,1.3544000000000045,0.9458062610750121,3.809250000000012,0.0,0.4099049555671828,0.004443238603585,0.04754713046197402,0.011543669276588,0.02492153867986153,0.0701727222440865,4.118892296958393,0.429078003478394,0.009578936619097998,0.4103032877049619,0.4478527192518261,44.79390777290577,0.019041891882115,0.000503765763533,0.01805451098559032,0.02002927277863968,37.79909882835084
2009-10-02,1.265,1.3443333333333374,0.9409868584180482,3.7809375000000114,0.0,0.4073264972414956,0.004451785991293001,0.04744634098924098,0.011541934116411004,0.024824150121075417,0.07006853185740655,4.110779052340968,0.4291008701501379,0.00959920593684,0.4102864265139316,0.4479153137863443,44.701704804906214,0.019040493279287,0.0005037264532740001,0.01805318943086996,0.020027797127704042,37.799272115888115
2009-10-05,1.2690000000000001,1.3357666666666703,0.9500162203977714,3.7568437500000114,0.0,0.4121628052352848,0.004443813004638,0.047535129601222,0.011542246207054,0.02491232703539616,0.07015793216704784,4.118360390906485,0.42914613578419797,0.009583195659179,0.4103630722922072,0.4479291992761889,44.781109668061674,0.019042230934775,0.0005037722263030001,0.01805483737122112,0.02002962449832888,37.79928694070101
2009-10-06,1.286,1.3283000000000038,0.9681547843107704,3.7358437500000106,0.0,0.4219494496741704,0.004435604958531,0.04762717559793,0.011547311105189,0.02499444583175956,0.07025990536410043,4.124525195872377,0.42946640948608505,0.009574909772134,0.4106995863327024,0.4482332326394677,44.853311384299076,0.019050151783233996,0.000503990090946,0.01806233120497984,0.02003797236148816,37.79866335758857
2009-10-07,1.294,1.3222333333333371,0.9786472382584992,3.7187812500000113,0.0,0.4276546795027809,0.004429058163757,0.047699413540642,0.011547903983312,0.02506552173335048,0.07033330534793351,4.130568942170954,0.42943741747151204,0.009559859147659,0.4107000935421004,0.4481747414009236,44.92089379545685,0.01904987579454,0.0005039839028640001,0.01806206734492656,0.02003768424415344,37.79857984806709
2009-10-08,1.3030000000000002,1.3162666666666705,0.9899209886547784,3.7020000000000106,0.0,0.4338212302937468,0.004432891907156,0.04762464877725799,0.011548892764872,0.024988818958108863,0.0702604785964071,4.123741534956413,0.429761479757177,0.00958199354653,0.4109807724059782,0.4485421871083758,44.850946483136454,0.019050360676974,0.000503999062086,0.01806252251528544,0.02003819883866256,37.79840501708657
2009-10-09,1.423,1.3143333333333371,1.0826781638346406,3.6965625000000113,0.0,0.4860553491996722,0.004547746155909001,0.047314879734939,0.011678589823751001,0.024424843680387043,0.07020491578949098,4.051420629459304,0.43128802764919294,0.009794905167894002,0.4120900135201207,0.4504860417782652,44.031873740125455,0.019266848166066004,0.000509993998916,0.018267259928190643,0.020266436403941362,37.77857819311164
2009-10-12,1.383,1.311400000000004,1.0545981393930122,3.688312500000011,0.0,0.4699527942814343,0.004502942562989,0.047922353803167,0.011678916068721002,0.02503167830847384,0.07081302929786018,4.103322048140758,0.43091827890121104,0.009668313573111,0.4119683842979135,0.4498681735045086,44.570159588085566,0.019286113941671002,0.0005105003143369999,0.01828553332557048,0.020286694557771517,37.77884831806029
2009-10-13,1.3559999999999999,1.3094000000000041,1.0355888193065492,3.682687500000012,0.0,0.4591972023345794,0.004479712972032,0.048250712908606,0.011677408607835,0.0253629920372494,0.0711384337799626,4.131970930282656,0.430550649975231,0.009595793014479,0.4117428956668522,0.44935840428360985,44.86868873949026,0.019293858170681,0.000510699784395,0.0182928865932668,0.0202948297480952,37.77925654217773
2009-10-14,1.3980000000000001,1.309566666666671,1.0675286990607546,3.683156250000012,0.0,0.477335658464547,0.004534387952748,0.047715175148117,0.01168465289261,0.024813255478601404,0.0706170948176326,4.0835766014319965,0.43120612486439797,0.009733233879094999,0.4121289864613718,0.4502832632674241,44.302451807977235,0.01931790627488,0.000511355669322,0.01831564916300888,0.02032016338675112,37.7778275158464
2009-10-15,1.446,1.3126000000000042,1.1016303519731794,3.691687500000012,0.0,0.4970719601943235,0.004622844912943,0.04684151169435402,0.011684593614378999,0.023939708210171173,0.06974331517853685,4.008826771408684,0.432003855430976,0.009952607034076999,0.4124967456441851,0.451510965217767,43.40609992455308,0.019343894735963003,0.0005120504098999999,0.018340275932559,0.020347513539367004,37.77732497029806
2009-10-16,1.4669999999999999,1.3173666666666708,1.1135851825611662,3.705093750000012,0.0,0.5040840629788432,0.004672513518002,0.04631529317886099,0.011662577177955,0.02345664191006919,0.06917394444765279,3.971274313743393,0.432368393347784,0.010077600606569,0.4126162961589088,0.4521204905366592,42.903902449353424,0.019346145831459997,0.000512069218918,0.01834249016238072,0.02034980150053928,37.78033343290276
2009-10-19,1.47,1.3230333333333375,1.1110831170794349,3.721031250000012,0.0,0.5026124030622275,0.004682618411137,0.046211091685686,0.011636344300611999,0.02340385685648648,0.06901832651488551,3.9712722906672533,0.432301877157166,0.010094154236402,0.4125173348538181,0.4520864194605139,42.82695380244748,0.019343767103468003,0.0005119512132930001,0.018340342725413718,0.020347191481522284,37.7843954681852
2009-10-20,1.415,1.3268000000000044,1.0664757310822996,3.7316250000000126,0.0,0.4767324104859596,0.0045877153671219995,0.047491485121564,0.011649295061404,0.02465886680121216,0.07032410344191584,4.076769012308058,0.431487711628562,0.009818533300334,0.4122433863599073,0.4507320368972166,43.94624924416009,0.019391898069903,0.0005132419719269999,0.018385943804926082,0.02039785233487992,37.78314933421339
2009-10-21,1.445,1.3308666666666709,1.0857586535089878,3.7430625000000126,0.0,0.4878377499990275,0.0046318820534700005,0.047042182423217,0.011639659492788999,0.024228449817350558,0.06985591502908342,4.041542834853465,0.431685475729144,0.009919839377853,0.4122425905485521,0.4511283609097359,43.51738564365651,0.019397072583694,0.0005133634925839999,0.01839088013822936,0.02040326502915864,37.78428513892624
2009-10-22,1.421,1.335866666666671,1.06372891506138,3.757125000000012,0.0,0.47516046345706797,0.004594362771375,0.04752212086927,0.011635006128283,0.02471750885783532,0.07032673288070468,4.084408752802475,0.431329583616158,0.009814163082585,0.4120938239742914,0.4505653432580246,43.94970615288861,0.019408642836694998,0.0005136562821469999,0.018401876523686883,0.02041540914970312,37.785272975837
2009-10-23,1.431,1.341800000000004,1.0664778655537306,3.773812500000012,0.0,0.4767336329619432,0.004601928631147999,0.047439484093710994,0.011625304442181005,0.024653887387036225,0.07022508080038578,4.080708968066343,0.43132216158510106,0.009829814828256001,0.4120557245217193,0.4505885986484828,43.878971183186856,0.019407553876049997,0.000513606887472,0.018400884376604882,0.02041422337549512,37.78678664450604
2009-10-26,1.416,1.345800000000004,1.0521622826571524,3.785062500000012,0.0,0.4685680920341312,0.004582636703983,0.047686714127113,0.011620982489118999,0.02490958844843976,0.07046383980578624,4.103501074178716,0.43110836561899296,0.009775020755014999,0.4119493249391636,0.4502674062988224,44.10306396514071,0.019412418014794,0.000513726606398,0.018405513866253918,0.020419322163334083,37.787449147097675
2009-10-27,1.3430000000000002,1.3469666666666709,0.9970551114850622,3.788343750000012,0.0,0.4377432122110605,0.004531604712118,0.04870066855599702,0.011666097993591001,0.025835116488558657,0.07156622062343537,4.174546500702332,0.43018549700232595,0.009587159582596,0.41139466422043786,0.44897632978421415,44.871006192832404,0.019487285573489,0.0005157927040590001,0.01847633187353336,0.02049823927344464,37.78123540740047
2009-10-28,1.334,1.3475000000000044,0.9899814471243013,3.789843750000012,0.0,0.4338544027773157,0.004523944957938,0.048810079286666995,0.011668956673646001,0.025938924206320844,0.07168123436701315,4.182900035690551,0.429973647688615,0.009561971729267,0.4112321830992517,0.4487151122779783,44.96704862372244,0.019487867942339,0.0005158147002,0.018476871129947,0.020498864754731,37.78075331077153
2009-10-29,1.4080000000000001,1.3498000000000046,1.0431174988887209,3.796312500000013,0.0,0.4634431512425529,0.004558588134817999,0.048701669155910995,0.011713137170893999,0.025743920300958758,0.07165941801086324,4.157867225949444,0.4307323061053169,0.009634031759732,0.4118496038562422,0.4496150083543917,44.70945465487236,0.019557836884536998,0.0005177590543640001,0.018543029137983558,0.02057264463109044,37.774012293318826
2009-10-30,1.341,1.3499000000000043,0.993406919031036,3.796593750000013,0.0,0.4357356977980175,0.004519387920285999,0.049522158630187996,0.011752024762337,0.02648819009600748,0.07255612716436853,4.213925653807052,0.4299362155810879,0.009487223270342,0.4113412579712176,0.4485311731909583,45.31739196284407,0.019618762242705003,0.0005194484795460001,0.01860064322279484,0.02063688126261516,37.76844675694935
2009-11-02,1.347,1.3511000000000046,0.9969654355710128,3.799968750000013,0.0,0.4376938173217587,0.0045141647842399995,0.049583222017675004,0.011755946735899,0.026541566415312964,0.07262487762003704,4.21771407540181,0.429909922402485,0.009475332926386998,0.4113382698667665,0.4484815749382035,45.37148464781095,0.019618906916201,0.000519459300231,0.01860076668774824,0.02063704714465376,37.767938522734624
2009-11-03,1.3359999999999999,1.351533333333338,0.9885068810733452,3.801187500000013,0.0,0.4330456484037962,0.004510138490417,0.049654431913601,0.011761342398597,0.02660220081235088,0.07270666301485113,4.221833718532241,0.42976062309000795,0.009460157778966999,0.4112187138432327,0.44830253233678335,45.42848366075741,0.019620824519639,0.0005195211310609999,0.018602563102759442,0.02063908593651856,37.767134667998704
2009-11-04,1.3559999999999999,1.3532000000000046,1.0020691693762898,3.8058750000000128,0.0,0.4405089226080657,0.004508785930426,0.049676229257482,0.011768399676917,0.026610165890724683,0.07274229262423933,4.221154160401096,0.42990465344236106,0.009461138523781,0.4113608219357503,0.4484484849489718,45.43899789245967,0.019625475510666998,0.0005196579119459999,0.01860694600325284,0.020644005018081158,37.76614395648028
2009-11-05,1.351,1.356866666666671,0.9956763130742362,3.816187500000013,0.0,0.4369840180884815,0.004502392294069,0.049768890869997,0.011773372046000001,0.026693081659837,0.07284470008015699,4.227241836539574,0.42976339874189706,0.009441645237642,0.4112577740761187,0.4482690234076754,45.51785074792976,0.019626612853678,0.000519698979269,0.018608002854310763,0.02064522285304524,37.765348089148006
2009-11-06,1.325,1.3591000000000046,0.97490986682363,3.822468750000013,0.0,0.4256187645599244,0.004501574305861,0.049866395695054,0.011784686079194,0.02676841097983376,0.07296438041027424,4.231457279383273,0.42946524114895596,0.009423299896951,0.4109955733509321,0.44793490894698,45.574824726519616,0.019637229090376,0.000520002364271,0.01861802445640484,0.02065643372434716,37.76373039750104
2009-11-09,1.295,1.3600000000000043,0.952205882352938,3.8250000000000126,0.0,0.4133391645390687,0.0045103282412810005,0.04987655669783,0.011796911697201,0.02675460977131604,0.07299850362434396,4.227933375958203,0.42910723277865603,0.00942212119942,0.4106398752277928,0.4475745903295192,45.54252951077277,0.019650120566924,0.0005203703959119999,0.01863019459093648,0.02067004654291152,37.761795677241736
2009-11-10,1.291,1.3600000000000043,0.9492647058823496,3.8250000000000126,0.0,0.4117593853795501,0.004500382311386,0.050006105502687005,0.011800176548828001,0.02687775946698413,0.07313445153838988,4.237742146972465,0.428877092119971,0.009393910962326,0.410465026633812,0.44728915760613003,45.654796371815046,0.019648646595013,0.000520337773166,0.01862878455960764,0.02066850863041836,37.761330444001004
2009-11-11,1.2770000000000001,1.3591000000000046,0.93959237730851,3.822468750000013,0.0,0.40658166579129534,0.004503501894104999,0.050011230423410005,0.011806182754571,0.026871112224450846,0.07315134862236916,4.2360203516285315,0.42863950855234795,0.009391060812491999,0.4102330293598637,0.4470459877448323,45.64335351573836,0.019651017368512,0.0005204132277769999,0.01863100744206908,0.02067102729495492,37.76041099583751
2009-11-12,1.265,1.3585666666666714,0.9311283951223068,3.820968750000013,0.0,0.4020726796380471,0.0045138719661499994,0.04992327773622701,0.011810695549094998,0.026774314460000816,0.07307224101245323,4.226954926465158,0.4284821094118521,0.009406548842736999,0.4100452736800876,0.44691894514361663,45.55146808626833,0.019652712741655,0.000520467577453,0.01863259628984712,0.02067282919346288,37.75972527976249
2009-11-13,1.2570000000000001,1.3583000000000045,0.9254214827357696,3.820218750000013,0.0,0.3990438924367905,0.004522456667275999,0.049847347658251,0.011813244427969,0.02669338857943176,0.07300130673707024,4.2196153615708605,0.428353003781661,0.009419744375917,0.4098903048048637,0.4468157027584583,45.473952018998396,0.019653465401595002,0.000520493404497,0.01863329832878088,0.02067363247440912,37.75929768135548
2009-11-16,1.247,1.3575666666666713,0.9185552581825296,3.818156250000013,0.0,0.39541194857902506,0.004539389710151,0.049671533247909,0.011813663035193002,0.02651675369893072,0.07282631279688727,4.204583548721241,0.42827080316345795,0.009452227369069,0.4097444375200828,0.4467971688068332,45.30898236376646,0.019653583444803002,0.0005205000928719999,0.018633403262773882,0.02067376362683212,37.75903926620669
2009-11-17,1.2409999999999999,1.3560666666666712,0.915146747947492,3.8139375000000126,0.0,0.3936138777553259,0.0045458125565020005,0.04961760823125799,0.011812742474571002,0.026464632981098826,0.07277058348141716,4.20034622257027,0.42813965363288997,0.00946109336511,0.4095959106372744,0.4466833966285057,45.252661305695675,0.019653793884711997,0.00052050338827,0.0186336072437028,0.0206739805257212,37.75920450785857
2009-11-18,1.249,1.3545666666666714,0.9220660973989192,3.809718750000013,0.0,0.39726738671219575,0.004540674411647,0.049669655104625,0.011812318855475,0.026517510147894004,0.07282180006135601,4.204903009505268,0.428213767873317,0.009452641111145,0.4096865912954728,0.4467409444511612,45.300965395630854,0.019654683833523,0.000520524628204,0.01863445556224316,0.02067491210480284,37.75937346391285
2009-11-19,1.235,1.3523000000000047,0.913258892257632,3.803343750000013,0.0,0.3926193781240525,0.004547686252413001,0.049632515191228,0.011811900140074,0.026481190916682964,0.07278383946577302,4.2019077881333,0.427903563947501,0.0094563435314,0.4093691306259569,0.446437997269045,45.250425021745116,0.019655375134382,0.000520543284553,0.018635110296658118,0.02067563997210588,37.759348199553045
2009-11-20,1.273,1.3473000000000048,0.9448526682995586,3.7892812500000135,0.0,0.4093942401407416,0.004514623070197001,0.050069511178214995,0.011828483081063998,0.026885684339329568,0.07325333801710042,4.232961304934308,0.428354733304996,0.009391701129951,0.409946999090292,0.4467624675197,45.60991958517029,0.019680186275404,0.0005212312887230001,0.01865857294950692,0.020701799601301082,37.75710841074724
2009-11-23,1.295,1.3443666666666716,0.963278867372489,3.7810312500000136,0.0,0.4193092264801754,0.004497711716781,0.05028164903626098,0.011837513335378998,0.02708012289891815,0.07348317517360382,4.247653000397014,0.4285164768757049,0.009358773420486,0.4101732809715524,0.4468596727798575,45.78767511752288,0.019688576729202,0.0005214715084519999,0.01866649257263608,0.02071066088576792,37.7558052742533
2009-11-24,1.27,1.3415000000000048,0.9467014535967168,3.7729687500000133,0.0,0.4103846310603583,0.004503031953274999,0.05029467324264,0.011846073705141002,0.02707636878056364,0.07351297770471636,4.245682957452111,0.4281982456407151,0.009355072301111999,0.4098623039305356,0.4465341873508947,45.77177298670472,0.019695451783115003,0.000521672074351,0.01867297451738704,0.020717929048842964,37.75446827897592
2009-11-25,1.296,1.3381000000000047,0.968537478514308,3.763406250000013,0.0,0.4221569671766032,0.004498664829387,0.050347858299944,0.011856123850839999,0.0271098555522976,0.0735858610475904,4.2465698683111786,0.42859687172497896,0.009356410994923,0.41025830617492987,0.4469354372750281,45.80782865968015,0.019705470710952,0.000521958039982,0.018682432952587282,0.020728508469316717,37.75297859501669
2009-11-26,1.199,1.3298666666666714,0.9015941447764156,3.740250000000013,0.0,0.3864963681517836,0.004563715364491,0.05031759499755002,0.011926084756001001,0.026942468875788057,0.07369272111931198,4.2191210298276225,0.4275167271669821,0.009399808403546999,0.4090931026960299,0.4459403516379342,45.48142991996228,0.019816445815755,0.0005250495907169999,0.01878734861794968,0.020845543013560317,37.74204602025164
2009-11-27,1.215,1.3214666666666717,0.9194329532842264,3.7166250000000143,0.0,0.3958754776971912,0.004540279942814999,0.050592067510919006,0.011928592558655,0.02721202609595521,0.07397210892588281,4.241243655707869,0.42772854684255707,0.009355085432965,0.4093925793939457,0.4460645142911685,45.72150087858807,0.019824244405596998,0.0005252582280709999,0.018794738278577843,0.02085375053261616,37.74190168978925
2009-11-30,1.226,1.3133333333333383,0.9335025380710624,3.6937500000000143,0.0,0.4033353978564092,0.004526051877025,0.050756599935155994,0.011931823989386001,0.027370224915959442,0.07414297495435256,4.253884400264864,0.427893307839155,0.009329447930193,0.4096075898959767,0.4461790257823333,45.86480476024087,0.019829134909631,0.000525393663633,0.01879936332891032,0.020858906490351683,37.74148087839562
2009-12-01,1.212,1.3065666666666718,0.9276220118886612,3.674718750000016,0.0,0.4002106765178916,0.004536132022689999,0.050657293237073,0.011932504115228998,0.02726958517122416,0.07404500130292184,4.24531956979773,0.42780003694104796,0.00934685744742,0.4094801963441048,0.4461198775379912,45.76939782676488,0.019829612969474997,0.00052540814382,0.0187998130075878,0.0208594129313622,37.7413506104361
2009-12-02,1.193,1.2981666666666716,0.9189883168571028,3.6510937500000136,0.0,0.3956406290589409,0.00454544866895,0.050589719597224005,0.011932713236423,0.02720160165383493,0.07397783754061309,4.239582280650752,0.42755904994471,0.009356988036454001,0.40921935339326015,0.4458987464961599,45.69408962360143,0.01983113460464,0.000525449840632,0.01880125291700128,0.020861016292278718,37.74125153564244
2009-12-03,1.2329999999999999,1.291900000000005,0.95440823593157,3.633468750000014,0.0,0.4145237397317582,0.004511644262829,0.05107570632709599,0.011953463635258002,0.027646917601990305,0.07450449505220166,4.272879216066077,0.428013926055767,0.009289411797289,0.4098066789330805,0.4462211731784535,46.07546047002219,0.019862484005026,0.000526321743399,0.01883089338796396,0.02089407462208804,37.73829269670364
2009-12-04,1.295,1.2873666666666717,1.0059294166386124,3.6207187500000138,0.0,0.4426434248026385,0.004515726908829999,0.051259655342205,0.011995802929209999,0.0277478816009534,0.0747714290834566,4.273132498482889,0.42883632747643,0.009301190619794002,0.41060599386163377,0.4470666610912263,46.10553046443521,0.019926336291224,0.0005281026612699999,0.0188912550751348,0.0209614175073132,37.731936898996786
2009-12-07,1.265,1.2823333333333384,0.986482973745772,3.606562500000015,0.0,0.431936661056092,0.0045076290782399995,0.05143647316595599,0.012003363520021001,0.02790988066671483,0.07496306566519714,4.2851716587740185,0.428526680424028,0.009267473021389,0.4103624333021055,0.4466909275459504,46.23986273658225,0.019935567644931,0.000528362557337,0.01889997703255048,0.02097115825731152,37.730848577525
2009-12-08,1.171,1.2766000000000048,0.9172802757324108,3.5904375000000144,0.0,0.3947389862361929,0.004548649312095,0.051700803856505995,0.012077901951046001,0.028028116032455842,0.07537349168055615,4.280611323561044,0.4274795912875061,0.009257660652383001,0.4093345764088354,0.4456246061661768,46.175768084289246,0.020052917351634,0.000531636267884,0.01901091026658136,0.02109492443668664,37.7192425781059
2009-12-09,1.16,1.2708000000000048,0.9128108278249886,3.5741250000000138,0.0,0.3923834883331344,0.004556530872182001,0.051631430093281,0.012075691334303999,0.02796307507804516,0.07529978510851684,4.275650036417462,0.427327897733817,0.00926843318609,0.4091617686890806,0.44549402677855343,46.105732129045144,0.02005325399095,0.000531640713176,0.01901123819312504,0.02109526978877496,37.7195603985296
2009-12-10,1.186,1.2634000000000047,0.9387367421244226,3.5533125000000134,0.0,0.4061249215368693,0.004527803863156,0.052007322022714,0.012085455909998,0.028319828439117917,0.07569481560631007,4.303298312452588,0.4276384466744029,0.009213600625335,0.4095797894487463,0.44569710390005945,46.41382495986628,0.020069863370518998,0.000532097903867,0.01902695147893968,0.021112775262098326,37.7183657831984
2009-12-11,1.212,1.2591000000000048,0.9625923278532248,3.5412187500000134,0.0,0.41893803663338736,0.00450926539393,0.05226420807140402,0.012096508577888,0.02855505125874353,0.07597336488406449,4.3206027371352915,0.42787788592212794,0.009178707583646998,0.4098876190581799,0.4458681527860761,46.61635442929247,0.02008375901864,0.0005324890383600001,0.0190400805034544,0.0211274375338256,37.71675578618414
2009-12-14,1.188,1.253800000000005,0.9475195405965826,3.5263125000000137,0.0,0.41082319202132894,0.0045177218867749995,0.052221879945073,0.012102658481735999,0.028500669320870437,0.07594309056927556,4.31490982116704,0.427656132785963,0.009185331055138999,0.40965288391789056,0.4456593816540354,46.55859763995056,0.020089232492448997,0.00053264749866,0.0190452433950754,0.0211332215898226,37.715811194024965
2009-12-15,1.204,1.249400000000005,0.9636625580278496,3.5139375000000137,0.0,0.4195167357172505,0.004510111591301,0.052316978308725,0.012109106403841002,0.028583129757196638,0.07605082686025336,4.320465653198701,0.42787137181023,0.009175333441336,0.4098877182652114,0.44585502535524857,46.63278719470127,0.020095627891428,0.000532831284389,0.01905127857402556,0.02113997720883044,37.714804817592224
2009-12-16,1.151,1.2425666666666717,0.926308447568202,3.4947187500000143,0.0,0.39951402303035305,0.00454272704548,0.052167098101801,0.012130482706773998,0.028391351996523963,0.07594284420707803,4.30049647345598,0.427411990237349,0.009209619087663,0.4093611368255295,0.4454628436491685,46.40930164092201,0.020128434886518002,0.0005337503313219999,0.019082284237126882,0.02117458553590912,37.71133000832226
2009-12-17,1.09,1.2338666666666718,0.8834017722066098,3.4702500000000143,0.0,0.377021113289416,0.004623875883035999,0.051531019440388,0.01215056033109,0.0277159211914516,0.0753461176893244,4.241040580534885,0.426890800068129,0.009336026149346002,0.4085921888154109,0.4451894113208472,45.72510758209889,0.020170926387694,0.0005349272857320001,0.01912246890765928,0.02121938386772872,37.707791181573036
2009-12-18,1.094,1.2261666666666715,0.8922114992524091,3.4485937500000143,0.0,0.3815983319728354,0.004616324299907,0.051602504096655,0.012139843765593001,0.02780841031609272,0.07539659787721728,4.2506728334435495,0.42702314607778796,0.009325237131115998,0.4087456813008007,0.44530061085477535,45.79220239375354,0.020171548902692002,0.000534919508775,0.019123106665493002,0.021219991139891002,37.70950315288157
2009-12-21,1.0979999999999999,1.219600000000005,0.9002951787471265,3.4301250000000136,0.0,0.3858168345524732,0.0046072400302090005,0.051710173433989995,0.012131681685363,0.02793207733067852,0.07548826953730148,4.2624077003584775,0.4270190348767561,0.009306453528923,0.408778385960067,0.4452596837934452,45.88418494216476,0.020172607088281003,0.0005349296944900001,0.019124144887080603,0.021221069289481403,37.71076329483217
2009-12-22,1.1159999999999999,1.2137666666666718,0.919451844121601,3.4137187500000143,0.0,0.39588545670541664,0.004581845139582,0.05202054780288,0.012131658881773002,0.028242496394604917,0.07579859921115509,4.2879995481111335,0.427195115893118,0.009257760505094,0.4090499053031337,0.44534032648310223,46.144541723462325,0.020181377165696998,0.0005351582875639999,0.01913246692207156,0.02123028740932244,37.711042946893976
2009-12-23,1.113,1.2083000000000048,0.9211288587271336,3.3983437500000138,0.0,0.3967717299133389,0.004579901922853,0.052052045678506,0.012127965574043999,0.028281233153379763,0.07582285820363224,4.291902492690586,0.427080340001296,0.009250265808539,0.4089498190165596,0.4452108609860325,46.16952083766633,0.020180493183486,0.0005351253738119999,0.01913164745081448,0.02122933891615752,37.71171050949313
2009-12-24,1.107,1.2030333333333385,0.9201740045994808,3.3835312500000136,0.0,0.3962670097344073,0.004579690633875,0.052069086616457004,0.012124794546292,0.02830448930572468,0.07583368392718932,4.294430426648306,0.42691426957123396,0.009244538115644001,0.4087949748645718,0.44503356427789625,46.18016219206978,0.020179406169273998,0.000535090344179,0.01913062909468316,0.021228183243864843,37.71214784345594
2009-12-25,1.1079999999999999,1.1980666666666715,0.9248233264704204,3.3695625000000136,0.0,0.3987269678999016,0.004576474885557,0.052106325390945,0.012123210156193,0.02834483348480672,0.07586781729708328,4.298063361074993,0.426928967979182,0.009238600498309999,0.4088213110024944,0.4450366249558696,46.211433004089926,0.020179879692416,0.000535099692996,0.01913108429414384,0.02122867509068816,37.7123738932136
2009-12-28,1.146,1.194700000000005,0.9592366284422827,3.3600937500000136,0.0,0.4171256978081797,0.004547444206609,0.052541453836402,0.012141723372689,0.02874367602593156,0.07633923164687244,4.327347298538103,0.42730982353847896,0.009181477397147,0.4093141278400708,0.4453055192368871,46.540421007982815,0.020208597158492998,0.000535896962323,0.019158239112339926,0.02125895520464608,37.709855773210116
2009-12-29,1.205,1.193500000000005,1.0096355257645542,3.356718750000013,0.0,0.4446969929479213,0.004554666424534,0.052684687588275,0.012181366676123,0.028809208903073917,0.07656016627347609,4.325022716173794,0.428049214922322,0.00919869573053,0.4100197712904832,0.4460786585541608,46.5336855856243,0.020269700905827998,0.000537604854104,0.01921599539178416,0.021323406419871842,37.70371630962056
2009-12-30,1.236,1.1930666666666714,1.0359856951273991,3.355500000000013,0.0,0.4594205788055998,0.004584303596483,0.052351318265047006,0.012187698438463998,0.02846342932565757,0.07623920720443644,4.2954228420868885,0.4285830802402221,0.009275900384458,0.4104023154866844,0.4467638449937598,46.203933039033615,0.020283738513554,0.0005379933079219999,0.01922927163002688,0.02133820539708112,37.70258517133628
2009-12-31,1.234,1.1930333333333385,1.0343382414573452,3.355406250000014,0.0,0.4584936567690381,0.00458317333417,0.052369243840375,0.012182722243182,0.02849110824373828,0.07624737943701172,4.298648758054322,0.4285132881853271,0.009270357128106,0.4103433882142393,0.4466831881564148,46.224032393117845,0.020283058135176002,0.0005379661568530001,0.019228644467744117,0.02133747180260788,37.703223291647646
2010-01-01,1.232,1.1916666666666709,1.03384615384615,3.3515625000000133,0.0,0.4582169555457948,0.0045831517502590005,0.052371600551640994,0.012178463908247,0.028501811291476876,0.07624138981180513,4.300345342911262,0.428474029508055,0.009268489120091998,0.4103077908326747,0.4466402681834353,46.22911285284072,0.020282537589426997,0.000537942389399,0.01922817050620496,0.02133690467264904,37.703921440550985
2010-01-04,1.2429999999999999,1.1899333333333382,1.0445963359291794,3.3466875000000136,0.0,0.464279293447373,0.004600602688856,0.052158771651625996,0.012175085212622,0.02829560463488688,0.07602193866836512,4.284058036616645,0.42869048773929497,0.009312344946714,0.4104382916437355,0.4469426838348544,46.034644355668284,0.020284904209456,0.000537998000066,0.01923042812932664,0.02133938028958536,37.70442307771581
2010-01-05,1.195,1.187433333333338,1.0063722875670174,3.3396562500000133,0.0,0.4428885994030967,0.004567631628182,0.052780001724944,0.012193998748581002,0.028879764177725236,0.07668023927216276,4.328358794614953,0.42816949166062496,0.009206262936069,0.41012521630592974,0.4462137670153202,46.50850129242962,0.020319737401293,0.0005389596872790001,0.01926337641422616,0.02137609838835984,37.70177599716683
2010-01-06,1.199,1.1842000000000046,1.0124978888701195,3.330562500000013,0.0,0.4462859297791738,0.004568654702738,0.052767527661286,0.012193832506208,0.028867615949118318,0.07666743937345369,4.327394823114307,0.4281834586272361,0.009208816905626,0.4101341774922092,0.4462327397622631,46.49711933849425,0.020319942728307998,0.00053896444209,0.019263572421811603,0.0213763130348044,37.701824353247396
2010-01-07,1.1640000000000001,1.1830333333333378,0.9839114141613328,3.3272812500000133,0.0,0.43052936282377824,0.0045603905715290004,0.05300312432281799,0.012206313936268,0.029078749007732708,0.07692749963790327,4.342271106540316,0.4278512468773089,0.009169627897633,0.4098787761979482,0.4458237175566696,46.659608400005204,0.020338932329089,0.000539495286359,0.01928152156782536,0.02139634309035264,37.69992591842029
2010-01-08,1.146,1.180733333333338,0.9705832533453748,3.320812500000013,0.0,0.42326702797475374,0.004564069772612,0.05298267853120701,0.012208897052781999,0.02905324030775429,0.07691211675465974,4.339677720448473,0.42777445167392797,0.009172909873503,0.40979554832186216,0.4457533550259939,46.634542099842044,0.02034138453964,0.000539566287732,0.01928383461568528,0.02139893446359472,37.69950977693644
2010-01-11,1.115,1.1770333333333378,0.9472968763274864,3.310406250000013,0.0,0.4107038068680777,0.004575976062491,0.052933183173343,0.012216238772921,0.028989355178417837,0.07687701116826816,4.3330180554982,0.42754465226962296,0.009182523630167,0.4095469059544957,0.4455423985847503,46.560691754174464,0.020352914708919,0.000539889190329,0.01929473189587416,0.02141109752196384,37.69831860595045
2010-01-12,1.107,1.173533333333338,0.9433051184457156,3.300562500000013,0.0,0.4085659739983689,0.004580244490125,0.05288534543760599,0.012215233290896,0.028943488187449826,0.07682720268776215,4.329458486643958,0.42752585342847294,0.009190628032397,0.4095122224849748,0.4455394843719711,46.51758856102645,0.020352754316833,0.000539883366284,0.01929458291891636,0.021410925714749642,37.69842819367973
2010-01-13,1.091,1.170133333333338,0.9323723792160401,3.2910000000000137,0.0,0.4027341095969308,0.004591358887492,0.052789258447015,0.012215121065793,0.028847621158060718,0.07673089573596928,4.321632029898237,0.427378895013936,0.009206124963571,0.4093348900853369,0.4454228999425352,46.42332107212453,0.020355413675242,0.0005399539239990001,0.01929710398420396,0.02141372336628004,37.698427163001625
2010-01-14,1.071,1.1647333333333378,0.9195237822677542,3.275812500000013,0.0,0.3959234586510267,0.004608321890519,0.052626587264642,0.012213625105328998,0.028687882058197164,0.07656529247108683,4.308842527160984,0.427249151742681,0.009233927657107,0.4091506535347513,0.4453476499506107,46.269493070356646,0.020358445210873,0.000540032566735,0.0192999813800724,0.0214169090416736,37.698550911392815
2010-01-15,1.035,1.1560666666666712,0.8952770889798707,3.251437500000013,0.0,0.3831960290481705,0.004651305928663,0.052259587687674004,0.012215475591723998,0.028317255527894963,0.07620191984745303,4.278145971089468,0.42686059942066495,0.009299034545341,0.4086344917117966,0.4450867071295333,45.90375456068549,0.020372459948249,0.000540413600527,0.01931324929121608,0.021431670605281918,37.69790384325359
2010-01-18,1.047,1.1488000000000045,0.9113857938718628,3.2310000000000128,0.0,0.3916336289597008,0.004630892488545,0.052506545119625006,0.012211106921696002,0.028572775553100845,0.07644031468614917,4.299900529601904,0.426941338762241,0.009259173573892,0.4087933585574127,0.4450893189670693,46.110091290012406,0.020377606436108,0.0005405379260880001,0.019318152100975518,0.021437060771240482,37.69875424573389
2010-01-19,1.089,1.1460666666666708,0.9502065034029398,3.223312500000012,0.0,0.412264976716275,0.004593708965122,0.053062576615567,0.012231049550343,0.029089719496894723,0.07703543373423928,4.338350228830573,0.427410107035699,0.009186986655115999,0.4094036131916716,0.4454166008797264,46.523427439366934,0.020414008692509998,0.000541542587535,0.019352585220941403,0.0214754321640786,37.696035662559936
2010-01-20,1.048,1.1423333333333379,0.9174204843886744,3.212812500000013,0.0,0.3948129691317135,0.004625744182679,0.052893877512602994,0.012244253421578002,0.028895140806310112,0.07689261421889587,4.319894050819765,0.426837429259997,0.009217699063366998,0.4087707390957977,0.4449041194241963,46.306288188161105,0.020438769774066,0.0005422316789380001,0.019375995683347517,0.02150154386478448,37.693795047334746
2010-01-21,1.033,1.137233333333338,0.9083448134361132,3.1984687500000133,0.0,0.39003532893450177,0.004639910906942,0.052769368496428,0.012239479014608002,0.028779989627796317,0.07675874736505968,4.311406427793759,0.42654181111236794,0.009235223020876,0.4084407739914511,0.4446428482332849,46.186411540703496,0.020438855309248,0.000542223819788,0.019376096622463517,0.02150161399603248,37.694499141032274
2010-01-22,1.206,1.137033333333338,1.060654920700063,3.1979062500000133,0.0,0.4734042039831783,0.004658726456723,0.05514469013086702,0.012578227722181999,0.03049136379539029,0.07979801646634374,4.384138318120798,0.4286470433093979,0.009117710486153,0.41077633075653797,0.4465177558622578,47.01257447912674,0.020987725129514998,0.0005575627469859999,0.01989490214542244,0.022080548113607563,37.64190710902311
2010-01-25,1.2009999999999998,1.1374666666666713,1.05585511663345,3.1991250000000133,0.0,0.4706680940828602,0.0046587499244379995,0.055141871161145994,0.012567851027299001,0.030508883147639963,0.07977485917465205,4.38753379884678,0.428663155264895,0.009117805852445,0.4107922557941028,0.4465340547356872,47.01384984524154,0.020987635971318,0.000557535184654,0.01989486700939616,0.02208040493323984,37.64360806097519
2010-01-26,1.2009999999999998,1.1373666666666713,1.055947949942846,3.1988437500000133,0.0,0.4707209424208138,0.0046662258663,0.055033612521855,0.012557322761884,0.030421259908562363,0.07964596513514764,4.38259122309913,0.4287783671723879,0.009137585679994,0.4108686992395996,0.4466880351051761,46.92468910153593,0.020986659579872,0.000557485119239,0.01989398874616356,0.022079330413580442,37.64523725495017
2010-01-27,1.209,1.1393000000000046,1.0611779162643686,3.204281250000013,0.0,0.4737027884034192,0.0046782217136580005,0.05488254949490401,0.012545594677728998,0.030293183926555174,0.07947191506325285,4.374647109581116,0.428769013026546,0.009160762523545,0.4108139184803978,0.4467241075726942,46.804947942325455,0.020984529222240002,0.0005574023445930001,0.01989202062683772,0.02207703781764228,37.64700566081274
2010-01-28,1.198,1.1429000000000045,1.0482106920990422,3.214406250000013,0.0,0.4663258166470003,0.004664550156389,0.055082831125477,0.012538743281174998,0.030506894294374007,0.07965876795658,4.393010518699782,0.428602462620261,0.009124070378714001,0.4107192846779816,0.4464856405625405,46.97491852103113,0.020987965287743996,0.0005574755062760001,0.01989531329544304,0.02208061728004496,37.648228579459186
2010-01-29,1.197,1.1463333333333379,1.0441988950276202,3.224062500000013,0.0,0.4640545095735928,0.004660491002156,0.055140307340077,0.012531443305681001,0.030578678460942244,0.07970193621921176,4.400156150814773,0.428486672607534,0.009110816470594,0.4106294723251697,0.44634387288989824,47.03054594398842,0.020986938169016995,0.0005574296834,0.019894375989553,0.022079500348481006,37.64948081164757
2010-02-01,1.198,1.1496666666666713,1.0420411713540114,3.2334375000000133,0.0,0.4628350293141315,0.00466324909987,0.055099929605799,0.012525352137968,0.03055023941538172,0.07964961979621628,4.399072297438509,0.42853022629647597,0.009117980845215999,0.4106589838398527,0.4464014687530994,46.99836878044203,0.020986526078403,0.0005574044068689999,0.01989401344093976,0.02207903871586624,37.65044879407027
2010-02-02,1.199,1.1524333333333379,1.0404072542157137,3.2412187500000127,0.0,0.4619125771099336,0.0046639903346,0.055092389005065995,0.012519703664328002,0.030553769822983117,0.07963100818714887,4.400454713799643,0.428511400480455,0.009118296562845,0.4106395392172788,0.4463832617436312,46.994676859551106,0.020986296750944,0.000557386079776,0.01989382003458304,0.022078773467304958,37.65127532314351
2010-02-03,1.21,1.1556666666666713,1.0470147101240224,3.250312500000013,0.0,0.4656481631664972,0.004676356715436,0.05493371443572402,0.012514186759185,0.030405908387721427,0.07946152048372662,4.389715088390007,0.428642945950581,0.009147746219687001,0.4107133633599945,0.4465725285411675,46.85776536170996,0.02098703732899,0.000557394805232,0.01989454351073528,0.02207953114724472,37.65201457208497
2010-02-04,1.143,1.1568666666666714,0.9880135999538944,3.253687500000013,0.0,0.4327752447356975,0.004631490525089,0.056001548815783,0.012561880811279,0.03138026242567617,0.08062283520588984,4.45805446311041,0.427768086747198,0.00898823075189,0.4101511544734936,0.4453850190209024,47.59202323074213,0.021066607092674,0.0005596110111100001,0.0199697695108984,0.0221634446744496,37.645090383176495
2010-02-05,1.08,1.155933333333338,0.9343099371359328,3.251062500000013,0.0,0.4037651869323978,0.004649746416485,0.05623482398165098,0.012605226305758001,0.03152858042236531,0.08094106754093666,4.461230811537408,0.4270344972172809,0.008967032252604,0.4094591140021771,0.4446098804323848,47.62272345939782,0.021133857754136003,0.000561500178277,0.020033317404713084,0.022234398103558917,37.63820310619185
2010-02-08,1.093,1.1541666666666714,0.9470036101082993,3.2460937500000133,0.0,0.4105465890494221,0.004637176627241,0.056398295594239,0.012608369134928002,0.03168589208978012,0.08111069909869789,4.4730841071273035,0.427088685855553,0.008943622306779,0.4095591861342661,0.4446181855768399,47.753434928916384,0.021137267215873,0.000561596779405,0.0200365375282392,0.0222379969035068,37.63779991452802
2010-02-09,1.133,1.1517666666666715,0.9837061904899678,3.239343750000013,0.0,0.4304171384789344,0.0046263932234810005,0.056640454868004016,0.012630576500722999,0.03188452492658694,0.0813963848094211,4.484391893336023,0.4275288085682991,0.008926552164912,0.4100327663250716,0.44502485081152665,47.89405816153626,0.021168852931876998,0.0005624882121030001,0.020066376036155117,0.02227132982759888,37.63430499769293
2010-02-10,1.129,1.148200000000005,0.9832781745340492,3.2293125000000136,0.0,0.4301831230997876,0.004621354295603,0.056712023592583,0.012633332546448,0.03195069180154492,0.08147335538362108,4.489078664245935,0.427440775235044,0.008913731303666,0.4099698618798586,0.4449116885902293,47.95306933463733,0.021168504365185,0.000562484441076,0.02006603486067604,0.02227097386969396,37.63393761557069
2010-02-11,1.129,1.1447000000000047,0.9862846160566048,3.219468750000013,0.0,0.4318280383469738,0.004618275523104,0.056752546109814,0.01263683178964,0.0319843558021196,0.0815207364175084,4.49104230036059,0.42743024007972596,0.008907491526254998,0.40997155668826624,0.4448889234711858,47.985478158453816,0.021168749933038,0.0005624972105850001,0.0200662554002914,0.0222712444657846,37.63351983738791
2010-02-12,1.062,1.139033333333338,0.9323695531298432,3.203531250000013,0.0,0.4027326064627596,0.004632119086955,0.057047851084957,0.01268178933302,0.032191543992237816,0.0819041581776762,4.4984070927925375,0.426625266237318,0.008876602744203002,0.4092271248586801,0.4440234076159559,48.0617730151231,0.021235514358529002,0.000564380172097,0.02012932922121888,0.02234169949583912,37.626258696584564
2010-02-15,1.06,1.132933333333338,0.9356243380016438,3.1863750000000133,0.0,0.4044652550620662,0.004628101186805,0.05710302754068401,0.012684430237981001,0.03224154427424125,0.08196451080712677,4.5018204577847465,0.4265977434921849,0.008868049261361999,0.4092163669399154,0.4439791200444545,48.10502636141933,0.021235880009767,0.0005643955546390001,0.02012966472267456,0.02234209529685944,37.6258810602312
2010-02-16,1.0590000000000002,1.1284000000000047,0.93849698688408,3.1736250000000132,0.0,0.4059969758629218,0.0046299908332059995,0.057069494334277,0.012686395352523996,0.032204159443329966,0.08193482922522402,4.498479887190549,0.426651280816752,0.008874069148336999,0.4092581052860115,0.44404445634749257,48.078426445066974,0.021235309756208003,0.000564384806748,0.020129115534981926,0.022341503977434084,37.62558719209724
2010-02-17,1.044,1.123233333333338,0.9294595958097122,3.159093750000013,0.0,0.4011860607356025,0.004634805275412,0.057048612846094,0.012689190526946,0.03217779941327984,0.08191942627890816,4.495843349892798,0.426435614977932,0.008875190623009002,0.4090402413568343,0.4438309885990296,48.048051370567045,0.021237090650903998,0.0005644408695599999,0.0201307865465664,0.0223433947552416,37.62500519754132
2010-02-18,1.062,1.119833333333338,0.9483554100312508,3.1495312500000128,0.0,0.4112714845497909,0.004618867680575,0.05726814210961,0.012696990884649,0.03238203997569797,0.08215424424352204,4.510371207625814,0.4266073305267771,0.008847502042851,0.4092662265227891,0.44394843453076505,48.21782786379818,0.021245573556340002,0.0005646822624630001,0.020138796321912518,0.022352350790767483,37.623943531858174
2010-02-19,1.069,1.1172666666666713,0.9567993317023648,3.142312500000013,0.0,0.4158114240300794,0.004612928284369,0.057343694389127,0.012701868010866998,0.03244803308782769,0.08223935569042631,4.514587487451856,0.426667325226454,0.008837830603594998,0.4093451772434078,0.4439894732095002,48.277382127338285,0.021247403930111,0.0005647410228099999,0.0201405115254034,0.0223542963348186,37.62326990944192
2010-02-22,1.284,1.1229000000000045,1.1434678065722637,3.1581562500000127,0.0,0.5218298339849028,0.004856826949011,0.058238133932976,0.013181522130421999,0.03240235055734888,0.08407391730860311,4.418164560719951,0.429062389673061,0.009078545377942,0.4112684407322947,0.4468563386138273,47.26113841051714,0.02203282878141,0.000586845345203,0.02088261190481212,0.02318304565800788,37.54452337656785
2010-02-23,1.215,1.1265000000000045,1.0785619174434045,3.1682812500000126,0.0,0.4836785976778982,0.004717751721188,0.060580392527434995,0.013215146499897,0.03467870538763688,0.08648207966723312,4.5841635223571195,0.428199399670365,0.008740726853116998,0.4110675750382557,0.4453312243024744,48.98899220465279,0.022125169427777,0.000589365623734,0.020970012805258363,0.02328032605029564,37.54065140007287
2010-02-24,1.197,1.1300333333333379,1.0592607887672891,3.178218750000013,0.0,0.4726087126963879,0.004690067548885,0.061016580331334,0.013211285806596,0.03512246015040585,0.08691070051226216,4.618519440467466,0.4279396564394529,0.008674996527898,0.4109366632447729,0.444942649634133,49.3302395065211,0.022132717632135,0.000589551241199,0.02097719719938496,0.02328823806488504,37.541635205682866
2010-02-25,1.1520000000000001,1.1327333333333378,1.0170090047672256,3.1858125000000133,0.0,0.4487952480455389,0.004642354479512,0.061943608043760014,0.013235127015147,0.0360027590940719,0.08788445699344813,4.6802428093714585,0.42735876887157703,0.00854850656,0.41060369601397695,0.444113841729177,49.9922139466181,0.02217142996018,0.00059063667759,0.021013782072103603,0.0233290778482564,37.538186843786704
2010-02-26,1.1540000000000001,1.136700000000005,1.015219495029467,3.1969687500000137,0.0,0.4477990756557035,0.004643843051369,0.061918964533583,0.013238654926989,0.03597120087668455,0.08786672819048144,4.677134110305485,0.42738080840934,0.008552345030111999,0.4106182121503205,0.4441434046683596,49.972353419392405,0.022171144526979002,0.0005906377971310001,0.02101349444460224,0.02332879460935576,37.537632428338384
2010-03-01,1.137,1.1397000000000048,0.9976309555146048,3.2054062500000136,0.0,0.438060454215471,0.004637403929745,0.062066462888374,0.013246672762931,0.036102984273029236,0.08802994150371876,4.68543792083855,0.427208337369639,0.008531550030905,0.4104864993090652,0.4439301754302128,50.07394152552814,0.022177664865895997,0.000590830432773,0.021019637217660918,0.02333569251413108,37.536429465585755
2010-03-02,1.14,1.1414000000000049,0.9987734361310626,3.2101875000000137,0.0,0.4386901637656783,0.004637876671359,0.062056471463923,0.01325081811089,0.0360848679665786,0.0880280749612674,4.683218118654998,0.42723578825724395,0.008533623853984,0.41050988550343537,0.4439616910110527,50.06498945436929,0.022177722503363997,0.0005908435669229999,0.021019669112194918,0.023335775894533083,37.53569260108233
2010-03-03,1.16,1.1451333333333382,1.0129824765674986,3.2206875000000137,0.0,0.4465551810957405,0.004639640641281,0.062041396546168,0.013256895235396998,0.03605788188478988,0.08802491120754613,4.679934135747911,0.4273462001268979,0.008539570413081,0.4106086421172591,0.4440837581365367,50.04305596828432,0.022182110969532,0.0005909756266350001,0.0210237987413274,0.0233404231977366,37.53473065517072
2010-03-04,1.159,1.1493333333333382,1.008410672853824,3.2325000000000137,0.0,0.4440178309595742,0.004636227625177,0.062098602701765,0.013260313527520001,0.0361083881878258,0.0880888172157042,4.6830418129169,0.427290115516122,0.008531020886486001,0.4105693145786095,0.44401091645363455,50.08663338205901,0.022182715440844,0.0005910011545449999,0.0210243531779358,0.0233410777037522,37.5341321590816
2010-03-05,1.1840000000000002,1.1486000000000047,1.030820128852512,3.230437500000013,0.0,0.45651710044087795,0.004654669610535,0.061868033411605,0.013268336643236,0.03586209359086244,0.08787397323234758,4.662832657561998,0.42760190800284004,0.00857313736057,0.4107985587761228,0.4444052572295572,49.876945862257536,0.022193581818986,0.0005913139141280001,0.02103460654729512,0.023352557090676882,37.53265615560285
2010-03-08,1.181,1.147933333333338,1.0288053893954312,3.228562500000013,0.0,0.4553869304226417,0.004656301445982,0.061841501983125,0.013267203814238999,0.035837782507216566,0.08784522145903344,4.661231021170616,0.42762605521079294,0.008577180051185001,0.4108147823104704,0.4444373281111155,49.856252598047384,0.022193338328684,0.000591304825542,0.02103438087062168,0.02335229578674632,37.5328212624178
2010-03-09,1.166,1.1467666666666712,1.0167717931575695,3.2252812500000125,0.0,0.44866314159552656,0.0046470460074559995,0.062004035614175,0.013269112052312,0.03599657599164348,0.08801149523670652,4.672809707969091,0.427477216286522,0.008552940209671,0.4107134534755669,0.4442409790974772,49.98014785642666,0.022196522865418,0.0005913938496980001,0.02103739092000992,0.02335565481082608,37.5325561413153
2010-03-10,1.194,1.1462666666666712,1.0416424334069982,3.223875000000013,0.0,0.4626098373774639,0.004664501153649,0.061809922950702,0.013276379523555001,0.0357882190845342,0.08783162681686979,4.655630915117934,0.42771159903423706,0.008589510896374,0.410876157677344,0.4445470403911301,49.79463955448097,0.022209419800317997,0.000591757629801,0.02104957484590804,0.023369264754727958,37.531277472137276
2010-03-11,1.216,1.1468666666666711,1.060280183688887,3.2255625000000125,0.0,0.4731903169555301,0.004691952917212,0.061450687491792,0.013275982143124,0.03542976249126896,0.08747161249231504,4.628711219201282,0.42797887435313703,0.008648172543567,0.4110284561677456,0.4449292925385283,49.48778163214138,0.022216792429128,0.00059195708607,0.0210565565404308,0.0233770283178252,37.531086208669045
2010-03-12,1.229,1.1479333333333377,1.0706196643242891,3.228562500000012,0.0,0.4791085851017006,0.004721116002707,0.061026886797530995,0.013265987752853998,0.035025550801937165,0.08702822279312482,4.6002520079518385,0.428270557705988,0.008714375435809,0.4111903818518024,0.4453507335601736,49.14529570829843,0.022216316239259997,0.000591923598537,0.02105614598612748,0.023376486492392518,37.53240501674739
2010-03-15,1.209,1.1483000000000043,1.0528607506749066,3.2295937500000127,0.0,0.468964951464483,0.00470259308045,0.06132757253149501,0.013260501011572999,0.03533699054881193,0.0873181545141781,4.624830726830983,0.428097093009849,0.008669674812974001,0.4111045303764199,0.445089655643278,49.37867939051211,0.022222746013146,0.000592076859939,0.02106227536766556,0.02338321665862644,37.533549302084296
2010-03-16,1.182,1.147733333333338,1.0298559479553862,3.228000000000013,0.0,0.4559760828782652,0.0046744054095290005,0.061805313453198,0.013262616040336002,0.03581058601413944,0.08780004089225657,4.660114811831191,0.42772610227596497,0.008598311993559999,0.41087341076858735,0.4445787937833426,49.74535729761103,0.022232534113886003,0.000592338324602,0.021071550997666083,0.023393517230105926,37.53350609017174
2010-03-17,1.14,1.1454000000000046,0.9952854897852238,3.2214375000000133,0.0,0.4367689277293176,0.004653937781152,0.06228499984828401,0.013280472681908,0.036255273391744336,0.08831472630482369,4.689968598266306,0.42730866047065,0.008534241877068001,0.4105815463915967,0.4440357745497033,50.06990270792229,0.022258857207349,0.0005930806269780001,0.021096419178472117,0.02342129523622588,37.53091265307153
2010-03-18,1.165,1.146133333333338,1.0164611447184695,3.223500000000013,0.0,0.4484901635407131,0.0046672082104920005,0.062113714996254996,0.013288030211319,0.03606917578206977,0.08815825421044024,4.674411030714473,0.42762358053276295,0.008567439109221,0.4108313998786898,0.4444157611868361,49.91264893525833,0.022268099790296002,0.000593349684764,0.02110513440815856,0.02343106517243344,37.52947100519826
2010-03-19,1.179,1.149433333333338,1.0257228199402564,3.2327812500000133,0.0,0.4536602285177985,0.004672160879641,0.062045475725545,0.013288619506253,0.035999781493289126,0.08809116995780088,4.669068573778609,0.427701371931879,0.008579016624674,0.4108864993475179,0.4445162445162401,49.85435868043388,0.022269695102805003,0.000593390410913,0.02110664989741552,0.023432740308194484,37.52958371627874
2010-03-22,1.146,1.1512000000000049,0.9954829742876956,3.237750000000014,0.0,0.4368776079279861,0.004658883911442001,0.062376019896627014,0.013301680262168,0.03630472658277773,0.0884473132104763,4.689333878670534,0.427400150218559,0.008535261080204,0.4106710385013592,0.4441292619357588,50.074642849514596,0.02228933467743,0.000593949567431,0.02112519352526524,0.02345347582959476,37.527318647325814
2010-03-23,1.13,1.151100000000005,0.9816697072365522,3.237468750000013,0.0,0.42930419168073297,0.0046548040256230005,0.06248179365043701,0.013306892170084,0.03640028499707237,0.08856330230380165,4.695446002854326,0.427214471516695,0.008519226265466,0.4105167880363816,0.4439121549970084,50.14709765938266,0.022293610965795,0.000594075092429,0.02112922378463416,0.02345799814695584,37.52658754743069
2010-03-24,1.137,1.1513666666666715,0.9875220752149576,3.238218750000014,0.0,0.432505876577437,0.004655242736177,0.062469790552455,0.013310035455056999,0.03638212106054328,0.08855746004436672,4.693435322797623,0.427287931097041,0.008522680432129,0.4105834774500682,0.4439923847440138,50.13539279101234,0.022294436467796,0.000594106673895,0.0211299873869618,0.0234588855486302,37.52598219716055
2010-03-25,1.162,1.1524666666666716,1.0082721119916656,3.2413125000000136,0.0,0.44394103013860176,0.004662015868547,0.062396356057910995,0.013317492714796,0.03629407033691085,0.08849864177891116,4.685293049838869,0.4275364955852321,0.00854121403682,0.4107957160730649,0.4442772750973993,50.05570563413849,0.022304016606242996,0.000594382028181,0.02113902783100824,0.02346900538147776,37.52471566898966
2010-03-26,1.15,1.1554000000000049,0.9953262939241778,3.249562500000014,0.0,0.4367913822039237,0.004651515149602999,0.062588041568513,0.013320716367313001,0.03647943748857952,0.08869664564844648,4.698549225332366,0.42728930184042796,0.008511435961566999,0.4106068873557567,0.44397171632509935,50.201787779385526,0.022306627057602002,0.000594458465292,0.02114148846562968,0.02347176564957432,37.52428194736722
2010-03-29,1.131,1.1577666666666715,0.9768807762070612,3.2562187500000137,0.0,0.42669189128973295,0.004642131044600001,0.062798962948471,0.013328602226290004,0.03667490258494259,0.0889230233119994,4.7115940503201665,0.42696997469600795,0.008479966443667,0.4103492404664207,0.4435907089255953,50.350432107529784,0.02231328936749,0.0005946550206919999,0.02114776552693368,0.023478813208046317,37.52308244453213
2010-03-30,1.127,1.1600333333333384,0.9715238067871572,3.262593750000013,0.0,0.4237777968065321,0.004635832444317,0.062908969862304,0.013333910064521,0.036774506135842835,0.08904343358876518,4.71796866469762,0.42681617366609,0.008463002000532,0.4102286897450473,0.4434036575871327,50.43318832244986,0.022313648210122,0.000594676072364,0.02114808310828856,0.023479213311955443,37.52235754404407
2010-03-31,1.112,1.1623000000000052,0.9567237374171859,3.2689687500000137,0.0,0.4157706886104083,0.004636258915863,0.062964490895002,0.013342502097214,0.03681318678446256,0.08911579500554144,4.719091699310893,0.426596288421275,0.008454307803494,0.4100258451264268,0.4431667317161233,50.45904387878871,0.022318768154542003,0.0005948363818950001,0.0211528888460278,0.0234846474630562,37.52085251315453
2010-04-01,1.1079999999999999,1.1638333333333386,0.9520263497064256,3.273281250000015,0.0,0.4132426615279435,0.004637066134008,0.06296995721361799,0.013347825322541999,0.03680821958143567,0.08913169484580033,4.717619214515151,0.426510134627219,0.008452797284554999,0.4099426519494912,0.4430776173049468,50.45786859298353,0.022319425788016004,0.000594868180953,0.021153484153348126,0.023485367422683884,37.519952323310726
2010-04-02,1.109,1.1651666666666718,0.9517951652124118,3.2770312500000145,0.0,0.4131184081521712,0.004635487449231,0.062999490106859,0.013352522904428996,0.036828545214178166,0.08917043499953982,4.7181712817705055,0.42646413424876506,0.008448522756750001,0.4099050296455351,0.4430232388519951,50.47795295432578,0.022319654831112003,0.000594887002719,0.021153676305782763,0.023485633356441243,37.51915024046373
2010-04-05,1.112,1.1594333333333386,0.9590892102463804,3.2609062500000148,0.0,0.4170461557769332,0.004627416478798001,0.06311670680185699,0.013358239665556,0.03693455705736723,0.08929885654634677,4.724926965085149,0.42646071123646506,0.008433533253254001,0.4099309860600872,0.4429904364128429,50.567265039470776,0.02232086233608,0.0005949315588,0.021154796480832003,0.023486928191327996,37.51836998040787
2010-04-06,1.147,1.1571666666666718,0.9912141725478856,3.2545312500000145,0.0,0.4345310172944227,0.004617897084103,0.06333539236636099,0.013378357014808,0.0371138126173373,0.08955697211538467,4.734168201391017,0.42672875981867103,0.008417556921541999,0.4102303482524487,0.44322717138489337,50.69508454722832,0.022343505445768,0.000595586547991,0.021176155811705642,0.023510855079830358,37.515127769639136
2010-04-07,1.109,1.1542333333333383,0.9608109278886376,3.2462812500000138,0.0,0.4179755330301104,0.004622418909303,0.063428114662928,0.013396257480629,0.03717145000089515,0.08968477932496084,4.734763776722395,0.42642921098312897,0.00840794929957,0.40994963035597176,0.4429087916102862,50.717386105661106,0.022362946300037,0.000596152448556,0.02119448750086724,0.02353140509920676,37.51212689674882
2010-04-08,1.078,1.1517666666666715,0.9359534627962801,3.2393437500000144,0.0,0.4046406282431324,0.004626301706607,0.063510397164908,0.013409229295125,0.037228307746463,0.08979248658335301,4.736319721820141,0.4260073287416979,0.008395975932943,0.4095512159131296,0.4424634415702662,50.73946520858542,0.022375766495316002,0.000596529092294,0.02120656947441976,0.02354496351621224,37.50993335338831
2010-04-09,1.1320000000000001,1.1510333333333382,0.9834641336769818,3.237281250000014,0.0,0.4302847885147256,0.0046093122692569995,0.06395789439170599,0.013446834332817,0.03760209909938467,0.09031368968402732,4.7563532656615655,0.42650276202277104,0.008363812111197,0.4101096902848249,0.4428958337607172,50.99382391096138,0.022426219273715,0.0005979695861709999,0.02125419888481984,0.023598239662610158,37.50394634167608
2010-04-12,1.1540000000000001,1.1516000000000048,1.002084056964219,3.2388750000000144,0.0,0.4405171458712197,0.004609619904241,0.063973499846773,0.013457582015888,0.037596639095632524,0.09035036059791347,4.753714283238068,0.426672594269248,0.008367863449251,0.41027158190871604,0.44307360662978,50.98943079759056,0.022434168802043,0.000598210249262,0.021261676713489483,0.023606660890596518,37.50214716269147
2010-04-13,1.131,1.1513000000000049,0.9823677581863935,3.2380312500000143,0.0,0.4296855400019506,0.0046031615215450005,0.064148303276245,0.013468776448571999,0.03774950143704388,0.09054710511544613,4.762741702721487,0.4264372559666471,0.008344523149045999,0.41008199059451694,0.4427925213387773,51.103849596893,0.022442863069427995,0.000598469957043,0.02126986195362372,0.02361586418523228,37.500400488453046
2010-04-14,1.1159999999999999,1.1498333333333384,0.9705754457167662,3.2339062500000137,0.0,0.4232627891229845,0.004595792179355999,0.064301678878357,0.013477427015103002,0.03788592192875512,0.09071743582795888,4.771064892898363,0.426216526409885,0.008322491232767,0.4099044435936617,0.4425286092261083,51.21261344581242,0.022445872173497,0.0005985720605269999,0.021272670934864082,0.023619073412129918,37.499030866474094
2010-04-15,1.109,1.148166666666672,0.9658876469734315,3.2292187500000145,0.0,0.4207209675904536,0.004586341457231,0.064460549654874,0.013485411442057,0.03802914322844228,0.09089195608130572,4.780020982811103,0.42604861570209895,0.008299794295371,0.4097810188831718,0.4423162125210261,51.33243072538905,0.022446041924648996,0.000598596923665,0.0212727919542656,0.0236192918950324,37.49775689994138
2010-04-16,1.06,1.1440333333333388,0.9265464292998412,3.2175937500000162,0.0,0.3996402014907181,0.004607391568153,0.064432244030428,0.013513770258305,0.03794525432415019,0.0909192337367058,4.767895472459208,0.42558524779841994,0.008309992513044,0.40929766247285376,0.44187283312398623,51.21367403525406,0.022480318941900005,0.000599589740711,0.021305123050106442,0.023655514833693558,37.49283454255385
2010-04-19,1.052,1.1397333333333388,0.923022929340192,3.2055000000000162,0.0,0.3977736589331444,0.004608115492427,0.06444402459131501,0.013518230079349,0.03794829363579097,0.09093975554683906,4.767193945734345,0.425458241532781,0.008307272355158001,0.4091759877166713,0.4417404953488907,51.2151550284265,0.022480784939845,0.000599614115572,0.02130554127332388,0.02365602860636612,37.49208758769978
2010-04-20,1.068,1.136466666666672,0.9397547955651976,3.196312500000015,0.0,0.4066683893955831,0.00460379770164,0.064488127320999,0.013524553148671998,0.037980003149601885,0.09099625149239612,4.768226100492768,0.425703886366989,0.008306511472249001,0.40942312388138097,0.4419846488525971,51.24941893949386,0.022484425834363997,0.000599726501816,0.02130896189080464,0.02365988977792336,37.49113265176805
2010-04-21,1.0490000000000002,1.1316333333333388,0.9269787033491372,3.1827187500000163,0.0,0.3998694349160451,0.004604234768323,0.06454171683639401,0.013529992487314,0.03802293156125857,0.09106050211152944,4.7702699685094245,0.4253994184768111,0.00829661246643,0.4091380580426083,0.4416607789110139,51.27386872631356,0.022486788153134,0.000599804880792,0.02131117058678168,0.02366240571948632,37.49017200967474
2010-04-22,1.0390000000000001,1.1257333333333388,0.9229539263294994,3.1661250000000147,0.0,0.39773713996617066,0.004607493432282001,0.06451525266448599,0.013533774661614999,0.03798905432772059,0.09104145100125137,4.766981442912956,0.425290815813753,0.008299040819806,0.4090246958069333,0.4415569358205728,51.24577948800701,0.02248726104222,0.0005998272698589999,0.02131159959329636,0.02366292249114364,37.48956103233244
2010-04-23,1.073,1.1205333333333387,0.957579723940976,3.151500000000015,0.0,0.4162320502604701,0.004585717631012,0.064923971048922,0.013555734068946999,0.038354732273785885,0.09149320982405812,4.789410202258823,0.4256365956338921,0.008261775029815,0.4094435165754547,0.4418296746923295,51.51878308206746,0.022514155868226002,0.000600600233499,0.02133697941056796,0.02369133232588404,37.486092432992
2010-04-26,1.0390000000000001,1.114866666666672,0.9319500089696782,3.135562500000015,0.0,0.40250948505224177,0.004592992118454001,0.064963634755228,0.013570502619356,0.03836544962129024,0.09156181988916576,4.787120755761025,0.425246803336449,0.008256798707818001,0.4090634778691257,0.44143012880377225,51.50262448977809,0.022528565163401997,0.000601024664962,0.021350556820076482,0.02370657350672752,37.48359506151103
2010-04-27,0.9590000000000001,1.1074333333333388,0.8659663486139079,3.1146562500000154,0.0,0.3680235914605158,0.004685194983925001,0.064360411344035,0.013629003611521001,0.03764756426545385,0.09107325842261617,4.722312296522534,0.42441585924402403,0.008360641537686,0.40802900183015933,0.4408027166578885,50.76355173594858,0.022625544416386,0.000603783881528,0.02144212800859112,0.02380896082418088,37.472918884676716
2010-04-28,0.965,1.1016000000000057,0.8759985475671707,3.098250000000016,0.0,0.3731907975282872,0.004678637588183,0.064450286120177,0.013618879104298,0.03775728307575292,0.09114328916460107,4.7324222226069335,0.42446577869284396,0.008349951795744999,0.4080998731731838,0.4408316842125041,50.83451845903181,0.022626817003031,0.0006037875189400001,0.0214433934659086,0.0238102405401534,37.47480080867851
2010-04-29,0.95,1.0944333333333391,0.8680291170468691,3.0780937500000163,0.0,0.3690838670824028,0.004702075796455,0.064163530943699,0.01360838536937,0.037491095619733815,0.0908359662676642,4.714999553739776,0.424267484227409,0.008385546930226001,0.4078318122441661,0.4407031562106521,50.5950879242161,0.022627616549345003,0.000603783674227,0.021444200547860084,0.023811032550829926,37.476363663354185
2010-04-30,0.9179999999999999,1.0857333333333388,0.8455114822546931,3.0536250000000162,0.0,0.35757006558584664,0.0047675564116599995,0.06338949687095201,0.013597092167341002,0.03673919622296365,0.09003979751894038,4.661989202603781,0.42392739445285,0.008488348126872,0.4072902321241809,0.4405645567815191,49.94227240878864,0.022637700467049,0.000604033549495,0.0214537947100388,0.0238216062240592,37.4775548245493
2010-05-03,0.961,1.079566666666672,0.8901719825856008,3.0362812500000147,0.0,0.3805368069163095,0.004697856027187,0.06448909213001401,0.013609164170738,0.03781513035536753,0.0911630539046605,4.738651934898068,0.424453522507336,0.008364792087155999,0.4080585300165102,0.44084851499816174,50.742865821982825,0.022679738864105,0.000605172822885,0.0214936001312504,0.0238658775969596,37.47646623648668
2010-05-04,0.8440000000000001,1.0700333333333387,0.7887604747515615,3.009468750000015,0.0,0.3291267174460536,0.004977059890377,0.06230536234815001,0.013722864914084998,0.03540854711654341,0.08920217757975661,4.540259103199448,0.423097752624499,0.008732274582290001,0.4059824944432106,0.4402130108057874,48.45218146055258,0.022908650223304,0.000611631044572,0.021709853375942882,0.02410744707066512,37.45501544862173
2010-05-05,0.74,1.0568000000000055,0.7002271006812983,2.9722500000000154,0.0,0.2863091963413265,0.005529296060143,0.05711688818690201,0.013728609142886004,0.03020881426684545,0.08402496210695858,4.160427876738025,0.421715417448209,0.009590550603087,0.4029179382661585,0.4405128966302595,43.9719714645441,0.023081122521926,0.0006163234103840001,0.02187312863757336,0.024289116406278642,37.44969302325482
2010-05-06,0.6729999999999999,1.0405000000000055,0.6468044209514622,2.9264062500000154,0.0,0.2613321740514266,0.006164492005716,0.051607069638731,0.01357293201851,0.0250041228824514,0.0782100163950106,3.802204974455812,0.420484456014005,0.010636090526278999,0.3996377185824982,0.4413311934455119,39.53374174233477,0.023131735370237005,0.000617305544375,0.021921816503262002,0.024341654237212004,37.47210045497022
2010-05-07,0.706,1.0257000000000056,0.6883104221507226,2.884781250000016,0.0,0.28068341302590016,0.0059189988197109996,0.05386830622607,0.013409999023435,0.0275847081401374,0.0801519043120026,4.017025365321151,0.42100272657421095,0.010200579512749,0.4010095907292229,0.44099586241919897,41.27243222289811,0.023171984896221003,0.000617889164509,0.021960922133783364,0.024383047658658643,37.50184697712023
2010-05-10,0.75,1.0130000000000057,0.7403751233958498,2.849062500000016,0.0,0.3054991763180362,0.005645030928873001,0.056720266159587994,0.013327166293672,0.030599020223990882,0.08284151209518513,4.255988475698638,0.42152559249587795,0.009712472664665002,0.4024891460731346,0.4405620389186214,43.400440552016256,0.023235084826842996,0.0006193017280700001,0.0220212534398258,0.0244489162138602,37.518197953757856
2010-05-11,0.748,1.0003666666666724,0.7477258338609134,2.813531250000016,0.0,0.3090529097425824,0.005679678514329001,0.056358936605095986,0.013237424186718999,0.030413585199126743,0.08230428801106522,4.25754556250014,0.42150013025300304,0.009771308457253,0.4023483656767872,0.4406518948292189,43.136508492898166,0.023231225711368996,0.00061895284674,0.0220180781317586,0.0244443732909794,37.533110694499186
2010-05-12,0.742,0.9880333333333392,0.7509868088121141,2.778843750000016,0.0,0.3106334955562705,0.00572238174168,0.055949494963082,0.013153892331783,0.03016786599278732,0.08173112393337667,4.253455445115239,0.42124203651871295,0.009837889404017,0.4019597732868396,0.4405242997505863,42.81833421980816,0.023226423795275005,0.000618597750709,0.022013972203885363,0.02443887538666464,37.54689338694329
2010-05-13,0.7090000000000001,0.9747333333333388,0.7273784282880748,2.7414375000000155,0.0,0.2992466062041022,0.00593525322511,0.054052789045682996,0.013070509060018998,0.02843459128804577,0.07967098680332024,4.135476957896124,0.420631030891562,0.010181457980369,0.4006753732500388,0.4405866885330853,41.313437790796186,0.023233216001714,0.0006185735915630001,0.022020811762250517,0.024445620241177482,37.55934026053903
2010-05-14,0.6709999999999999,0.9601333333333388,0.6988612692681532,2.700375000000016,0.0,0.28566278838002823,0.006249613940048,0.051445933101605994,0.012965131322707999,0.026034275709098317,0.07685759049411367,3.968022522957467,0.4200321261116911,0.010697023762830998,0.3990659595365424,0.4409982926868399,39.26626091746835,0.023241993183011,0.000618550234529,0.022029634723334163,0.02445435164268784,37.57494846104165
2010-05-17,0.695,0.9462333333333388,0.7344911403107013,2.661281250000016,0.0,0.3026636112970004,0.006079566138933,0.052975067403964994,0.012877074228313998,0.02773600191646956,0.07821413289146043,4.1139055708385985,0.4203072273816221,0.01039876312753,0.3999256516516633,0.4406888031115809,40.41896350815996,0.023269415655423,0.000619020404958,0.02205613566170532,0.02448269564914068,37.590708592229134
2010-05-18,0.6940000000000001,0.9311333333333388,0.7453282737882108,2.618812500000016,0.0,0.3078924103535567,0.006078762040904,0.05299345017557,0.012796697265681002,0.02791192353483524,0.07807497681630476,4.141181828040287,0.42016854867391995,0.010392002224358,0.3998002243141783,0.4405368730336617,40.43191481320901,0.023268073934862004,0.00061876662905,0.022055291341924004,0.024480856527800004,37.60395736046808
2010-05-19,0.652,0.9159000000000056,0.7118681078720341,2.575968750000016,0.0,0.2918355670494747,0.006377041976276999,0.050699841278089984,0.012720301672905,0.025768049999196185,0.07563163255698377,3.9857420509203116,0.41930065121801,0.010865251519022,0.3980047582407269,0.4405965441952932,38.5909751360952,0.023286579548413996,0.000619080283779,0.02207318219220716,0.02449997690462084,37.61479756106825
2010-05-20,0.611,0.9003333333333391,0.678637541651236,2.532187500000016,0.0,0.27614006923573725,0.006771287738088,0.047924954036079,0.012614376543059998,0.0232007760116814,0.0726491320604766,3.7992328731017637,0.4183493003732121,0.011498451212129,0.3958123359974393,0.44088626474898496,36.38310000671493,0.023303223807064,0.00061927167775,0.022089451318674,0.024516996295454,37.63004936984193
2010-05-21,0.696,0.8858000000000056,0.7857304131858157,2.4913125000000163,0.0,0.3276305785424586,0.006114686746734,0.054084795565999995,0.012684275615213998,0.029223615360180567,0.07894597577181944,4.263924658111928,0.420033745953219,0.010309603387164,0.3998269233143776,0.4402405685920605,40.74198882142916,0.023572019420444002,0.0006265323701259999,0.02234401597499704,0.02480002286589096,37.62298732578378
2010-05-24,0.687,0.8702333333333391,0.7894434442869678,2.447531250000016,0.0,0.3294642533773072,0.006149098579518001,0.053753383666789,0.012640381864392999,0.02897823521257872,0.07852853212099928,4.252512641110083,0.42007858239740903,0.010370637065142,0.3997521337497307,0.4404050310450873,40.50653588190555,0.023566978031493997,0.000626280339761,0.022339468565562442,0.02479448749742556,37.63007799427708
2010-05-25,0.6509999999999999,0.8542333333333391,0.7620868615132427,2.402531250000016,0.0,0.31603246371570953,0.006325752542784,0.052385309157895,0.012599568859354,0.027690154193561158,0.07708046412222884,4.157706485250535,0.419485967436627,0.010641431571118999,0.3986287615572338,0.44034317331602013,39.42006906054915,0.023580313211081,0.000626542444295,0.0223522900202628,0.0248083364018992,37.63561978251376
2010-05-26,0.688,0.8399666666666723,0.8190801222270669,2.3624062500000163,0.0,0.3442220722356531,0.0061085193548569994,0.054499647458654994,0.01259991666488,0.029803810795490195,0.07919548412181979,4.325397453664499,0.420060094196705,0.010264104441226,0.39994244949190205,0.440177738901508,40.925157825704154,0.023651055760674,0.000628398222148,0.02241939524526392,0.024882716276084082,37.637050722090585
2010-05-27,0.735,0.8275000000000056,0.8882175226586043,2.3273437500000163,0.0,0.3795206083186857,0.005946935975776,0.056361302024446995,0.012644555031991,0.03157797416174464,0.08114462988714936,4.457357485641199,0.4208502571798221,0.009978771603551,0.4012918648368621,0.4404086495227821,42.17455553648062,0.023753681790456005,0.000631223794646,0.02251648315294984,0.02499088042796216,37.63115711403055
2010-05-28,0.718,0.8161000000000056,0.8797941428746416,2.295281250000016,0.0,0.3751527479854832,0.005971724544856,0.056145273771722,0.01264061167718,0.0313696748844492,0.08092087265899481,4.4416579834565075,0.4207310218284001,0.010015820914593,0.4011000128357978,0.4403620308210024,42.00664383040292,0.023754109200392,0.000631225283898,0.02251690764395192,0.024991310756832082,37.63174544231007
2010-05-31,0.7140000000000001,0.8048333333333388,0.887140194657273,2.263593750000016,0.0,0.37896090539028576,0.005960979167075,0.05625541650832,0.012636633909869,0.03148761404497676,0.08102321897166323,4.451772276506682,0.420690346983821,0.009996224364566,0.4010977472292717,0.4402829467383704,42.084924431575324,0.023754847319433,0.0006312333696849999,0.0225176299148504,0.0249920647240156,37.632432726588476
2010-06-01,0.7070000000000001,0.7928000000000055,0.8917759838546861,2.229750000000016,0.0,0.3813715608297196,0.005963238388582,0.05622155255292298,0.012632833407610001,0.031461199074007386,0.08098190603183858,4.450430931754097,0.4207575072452221,0.010003366653557,0.4011509086042504,0.4403641058861938,42.06159004435042,0.023754092058168,0.000631203207033,0.02251693377238332,0.024991250343952682,37.63303448635457
2010-06-02,0.713,0.7816000000000056,0.9122313203684684,2.198250000000016,0.0,0.3920784810232574,0.005935404750627,0.056506998029849986,0.01263610296721,0.03174023621411839,0.08127375984558158,4.471869070431309,0.42089821385941,0.009959189254351,0.4013782029208821,0.440418224797938,42.26229697116348,0.023762647459239,0.000631435504834,0.02252503386976436,0.02500026104871364,37.63273885825474
2010-06-03,0.735,0.7714666666666722,0.952730729346692,2.1697500000000156,0.0,0.4136213355358785,0.005917148706377,0.056726464565174,0.012653023634677001,0.031926538241207086,0.08152639088914093,4.483233905428532,0.42157839359072,0.009946058886418002,0.4020841181733407,0.4410726690080993,42.38647673466031,0.023791305218015,0.0006322401445479999,0.022552114534700917,0.02503049590132908,37.63017173646744
2010-06-04,0.758,0.7609666666666721,0.9961014499101948,2.1402187500000154,0.0,0.4372180455220734,0.005922136428479,0.056789964108267,0.012675420254913,0.03194614040863752,0.08163378780789649,4.480321990606581,0.422130335754011,0.009963711731006,0.4026014607612392,0.4416592107467828,42.36677526913906,0.023830232434526998,0.0006333347502230001,0.02258889632408992,0.02507156854496408,37.62659861332047
2010-06-07,0.813,0.7534333333333387,1.079060301729851,2.119031250000015,0.0,0.4839660681073591,0.00603767935404,0.056198995113779994,0.012745769313441999,0.031217287259433683,0.08118070296812632,4.409227386103129,0.4233235949176351,0.010159273999578,0.40341141787846224,0.443235771956808,41.6686856693913,0.023969861849858998,0.000637246018883,0.02272085965284832,0.025218864046869682,37.614769083825344
2010-06-08,0.795,0.7479666666666721,1.0628815900886772,2.103656250000016,0.0,0.4746760548510402,0.006018816290109001,0.056411083557391994,0.012734704337044,0.031451063056785765,0.08137110405799823,4.429712859001929,0.42320879000002704,0.010118470937185,0.4033765869631444,0.4430409930369096,41.82536992271707,0.023974253883924,0.000637329475657,0.02272508811163628,0.025223419656211717,37.616734828131
2010-06-09,0.753,0.7409000000000054,1.0163314887299155,2.0837812500000155,0.0,0.4484179761776909,0.005965461830075,0.057128643860796004,0.012746977500666999,0.032144567959488675,0.08211271976210333,4.481740385735212,0.422882597828464,0.009996414493974001,0.40328962542027497,0.44247557023665296,42.3034277023408,0.024009819520332,0.00063830148947,0.022758748600970803,0.0252608904396932,37.6151707561526
2010-06-10,0.758,0.7345000000000055,1.0319945541184403,2.0657812500000152,0.0,0.4571764851746627,0.00598535200536,0.056924747408351,0.012744533676631002,0.031945461402154235,0.08190403341454776,4.466601042667612,0.423150712624325,0.010040838500030002,0.4034706691642662,0.4428307560843838,42.142965711784576,0.024014466256451,0.0006384198548069999,0.02276316334102928,0.025265769171872718,37.615475263870735
2010-06-11,0.728,0.7281666666666722,0.999771114671542,2.0479687500000154,0.0,0.4392403861961622,0.005959608555423999,0.057317524153998996,0.012752168819537,0.03232327326770648,0.08231177504029152,4.4947275216576745,0.422798191729809,0.009970612219299,0.4032557917799829,0.44234059167963496,42.40443640074904,0.02403527719079,0.000638990000859,0.02278285678910636,0.02528769759247364,37.61448091281985
2010-06-14,0.789,0.7224333333333389,1.0921422968670609,2.0318437500000157,0.0,0.4915415313895477,0.0061006187871190005,0.056628702071185,0.012835721093152999,0.03147068872860512,0.08178671541376488,4.411805278426798,0.42394890762987003,0.010195364710819001,0.4039659927966647,0.4439318224630752,41.58251515808769,0.024204270828159,0.000643726259398,0.02294256735973892,0.02546597429657908,37.60025395078362
2010-06-15,0.8029999999999999,0.7210666666666723,1.113627958579873,2.028000000000016,0.0,0.5041092417322413,0.006173908154641,0.055932795197157006,0.012816707553403,0.030812048392487124,0.08105354200182689,4.364053323687334,0.42439850449985994,0.010338270633515998,0.4041354940581686,0.4446615149415514,41.05120861549045,0.024211977520648,0.000643887000107,0.02294995900043828,0.02547399604085772,37.6028363930706
2010-06-16,0.804,0.7232000000000056,1.1117256637168056,2.034000000000016,0.0,0.5029901282420369,0.006189004343012,0.055787714811208,0.012788780668342,0.030721704701257683,0.08085372492115832,4.362238766773609,0.424340678852008,0.010359417536944,0.40403622047959775,0.44464513722441823,40.96182795400391,0.024208451404421003,0.000643715454147,0.022946769114292883,0.02547013369454912,37.60737954708127
2010-06-17,0.8190000000000001,0.7280666666666723,1.1248969874553527,2.047687500000016,0.0,0.5107645811582264,0.0062511792582759995,0.055169841293292,0.012760747121156,0.030158776935826238,0.08018090565075775,4.323402130728332,0.424801390074303,0.010488580621817,0.4042437720555417,0.4453590080930643,40.50132285685073,0.024207771091938002,0.000643625793099,0.02294626453746396,0.02546927764641204,37.61156148727113
2010-06-18,0.865,0.7333666666666723,1.179491841279933,2.0625937500000155,0.0,0.5436499574003328,0.0064811354001090005,0.053328383935762995,0.012751184371158998,0.028336062568291367,0.07832070530323464,4.182229852811491,0.4258530283200821,0.010913095500891,0.40446336113833575,0.4472426955018285,39.02220302986405,0.024264124429755,0.000645119998107,0.022999689233465282,0.02552855962604472,37.61180013168447
2010-06-21,0.894,0.7381666666666722,1.2111086023933078,2.0760937500000156,0.0,0.5632008926840666,0.00667946143721,0.051727061920558,0.012700955384917001,0.026833189366120686,0.07662093447499532,4.072690624674202,0.426507294805564,0.011280579857834,0.40439735828420936,0.4486172313269186,37.80898678797751,0.024278556202606005,0.000645381142383,0.023013609163535325,0.025543503241676684,37.61894268082604
2010-06-22,0.873,0.7423333333333388,1.176021553659623,2.0878125000000156,0.0,0.5415271232415054,0.0065615561294350006,0.052818178802318004,0.012654668865328001,0.02801502782627512,0.07762132977836088,4.173809632192836,0.4258017272396021,0.01102112050245,0.4042003310548001,0.4474031234244041,38.63506683780086,0.024295667781098998,0.000645693550666,0.023030108421793642,0.02556122714040436,37.62724245275064
2010-06-23,0.903,0.7477000000000055,1.2077036244482993,2.102906250000016,0.0,0.5610768878122281,0.0067636662591980005,0.05115148811565401,0.012604885965821998,0.02644591162264289,0.07585706460866512,4.0580682962424515,0.426832744389634,0.011423365074953996,0.40444294884272414,0.4492225399365438,37.3648869303384,0.024304074149452997,0.000645798675883,0.02303830874472232,0.025569839554183682,37.63413437820152
2010-06-24,0.858,0.7526666666666721,1.139946855624438,2.1168750000000154,0.0,0.5197224796037225,0.006521165662774,0.05352930289824501,0.012604407823474,0.028824663564235974,0.07823394223225405,4.246871701386565,0.426028943662363,0.010917093060963,0.4046314412628755,0.4474264460618505,39.02402785094448,0.024389784256641005,0.0006480463047100001,0.023119613499409403,0.02565995501387261,37.63586657215633
2010-06-25,0.905,0.7604666666666723,1.1900587358639343,2.1388125000000158,0.0,0.5501417994303343,0.006756873738949001,0.051739197115409,0.012586237735915001,0.027070171153015604,0.0764082230778024,4.11077545180731,0.427002646224389,0.011352165399034999,0.4047524020422804,0.4492528904064976,37.61420233189107,0.024435882223802996,0.000649242642085,0.0231633666453164,0.0257083978022896,37.63751891794504
2010-06-28,0.929,0.7682666666666722,1.2092155501561872,2.1607500000000157,0.0,0.5620194612086696,0.006901442943797,0.05059293136457901,0.012531332997485002,0.02603151868950841,0.07515434403964961,4.0373144161705445,0.427639081569223,0.011633706370168004,0.4048370170836937,0.4504411460547523,36.75862772897757,0.024439007367728,0.000649186546986,0.02316660173563544,0.02571141299982056,37.645585049751055
2010-06-29,0.905,0.7753000000000055,1.1672900812588591,2.1805312500000156,0.0,0.5362057812777041,0.006752560734955999,0.051886644014443,0.012496926728461,0.027392667626659442,0.07638062040222655,4.151952327308801,0.4272360957989649,0.011334102169413999,0.4050212555469135,0.4494509360510164,37.69474541635053,0.024469551256034998,0.000649885843085,0.0231957750035884,0.0257433275084816,37.65207615519905
2010-06-30,0.9109999999999999,0.7839333333333389,1.1620886129772856,2.204812500000016,0.0,0.5330491852261668,0.006731097471957,0.05185015470591599,0.012441907546253,0.02746401591526011,0.07623629349657186,4.167379842131437,0.427847334584724,0.011349206544316,0.4056028897578646,0.4500917794115834,37.69843582580568,0.024439503518093,0.000648934784212,0.02316759134103748,0.02571141569514852,37.66095471020457
2010-07-01,0.946,0.7951000000000056,1.189787448119725,2.236218750000016,0.0,0.5499746038148274,0.006893262250914001,0.050600677664887,0.012406370320279,0.02628419183714016,0.07491716349263385,4.078604487742547,0.428505558061385,0.011658870776482,0.4056541713394803,0.4513569447832898,36.75360729837946,0.02445112200162,0.000649160580013,0.023178767264794526,0.02572347673844548,37.66575290376126
2010-07-02,0.917,0.8024666666666723,1.1427265930048935,2.2569375000000163,0.0,0.5213858347419084,0.006742109414723001,0.052001398760667,0.012391339165505999,0.02771437399627524,0.07628842352505877,4.196592318724166,0.42782111925502897,0.011328213603431999,0.4056178205923022,0.4500244179177557,37.76598272523857,0.024494383682631002,0.000650251445443,0.02321989084956272,0.02576887651569928,37.66909532348881
2010-07-05,0.852,0.8079666666666723,1.0544989479763944,2.272406250000016,0.0,0.4698963698470235,0.006521669143225,0.054564492548906,0.012454634890041,0.030153408164425643,0.07897557693338636,4.381059182436466,0.426705380876551,0.010816882167961001,0.4055042918273475,0.44790646992575456,39.44809366052178,0.024644981524923996,0.000654396870591,0.02336236365856564,0.02592759939128236,37.66060418759233
2010-07-06,0.85,0.8146000000000057,1.0434569113675352,2.291062500000016,0.0,0.4636349950280146,0.006550469425726999,0.054254359034619004,0.012431283338293998,0.02988904369156277,0.07861967437767524,4.364340958064375,0.426103317640666,0.010842043835974998,0.40485291172215504,0.447353723559177,39.301014097252214,0.024611664369777,0.000653450575799,0.02333090124121096,0.02589242749834304,37.66415591519178
2010-07-07,0.882,0.8210666666666724,1.0742124066255203,2.309250000000016,0.0,0.4811732806283467,0.006609222976969999,0.05378414378198002,0.012431486403748998,0.02941843043063198,0.07814985713332805,4.326445127732995,0.426630906928585,0.010960556124748002,0.4051482169240789,0.4481135969330911,38.92420257447541,0.024629663845986003,0.000653933781716,0.023347953633822645,0.025911374058149358,37.66384997170215
2010-07-08,0.9229999999999999,0.8273333333333391,1.115632554391612,2.3268750000000162,0.0,0.5052898953437766,0.006725466517023001,0.052907478033591,0.012430882900423998,0.028542947548759964,0.07727200851842203,4.256131962419784,0.4273152758582179,0.011178794968237,0.40540483772047337,0.4492257139959624,38.2255222564141,0.024661752927319,0.000654795890401,0.02337835298213304,0.025945152872504963,37.66326772791857
2010-07-09,0.9690000000000001,0.8357000000000058,1.1595070001196524,2.3504062500000162,0.0,0.531486183497746,0.0068973271998269995,0.05163281508581599,0.012419679497199,0.027290243271305945,0.07597538690032603,4.15733877009165,0.428182693174674,0.011502153358817,0.4056384725913927,0.4507269137579553,37.226307093745405,0.024697208420928,0.0006557207608019999,0.02341199572975608,0.025982421112099918,37.66421607686019
2010-07-12,0.9209999999999999,0.8426000000000058,1.0930453358651715,2.369812500000016,0.0,0.4920665827135379,0.006716369600317,0.053506315729156,0.012438663493576,0.029126535281747037,0.07788609617656496,4.3016129310669955,0.42727833964135997,0.011100212543849,0.40552192305541607,0.449034756227304,38.49280704792615,0.024783078466048998,0.0006580317449780001,0.023493336245892126,0.02607282068620588,37.66243597696978
2010-07-13,0.935,0.8502000000000057,1.0997412373559092,2.391187500000016,0.0,0.4959683855171722,0.006748420473239999,0.05322685387291299,0.012421387478742999,0.028880934414576707,0.07757277333124928,4.285097294002031,0.42747650542739707,0.011162968429757,0.4055970873050734,0.4493559235497208,38.294160564663116,0.024782926357671,0.000657981580194,0.02349328246049076,0.02607257025485124,37.66507620224647
2010-07-14,0.982,0.8591666666666723,1.1429679922405356,2.416406250000016,0.0,0.5215304152495769,0.006898789160916,0.052117533347367004,0.012415032127174,0.027784070378105964,0.07645099631662805,4.197937855778388,0.428242966493414,0.011442577105516,0.4058155153666026,0.4506704176202254,37.425394869044254,0.02481723983223,0.0006588892152630001,0.023525816970314518,0.026108662694145482,37.66526945251626
2010-07-15,0.992,0.8677333333333391,1.1432083589428321,2.440500000000016,0.0,0.5216743981177926,0.0069325273351599995,0.051846796364414,0.012382233535754001,0.027577618634336158,0.07611597409449182,4.187192578358799,0.42823730331007204,0.011496325065485001,0.4057045061817214,0.4507701004384226,37.249929944636776,0.024812984367883997,0.000658686415102,0.02352195899428408,0.02610400974148392,37.670405520706225
2010-07-16,0.958,0.8744000000000056,1.0956084172003588,2.459250000000016,0.0,0.4935583309986698,0.006817668447079,0.052993906072705016,0.012381185537376,0.02872678241944805,0.07726102972596198,4.280196424868227,0.42749825988914,0.011237091242441998,0.4054735610539537,0.4495229587243263,38.04349814963813,0.024855818881772,0.000659808306084,0.023562594601847363,0.02614904316169664,37.67127308431267
2010-07-19,0.9990000000000001,0.8806000000000057,1.134453781512598,2.476687500000016,0.0,0.5164436160702097,0.006946627802832,0.05204011203127098,0.012373588742675,0.027787878095627987,0.07629234596691398,4.205741205200448,0.428206697253285,0.01147926430002,0.40570733922524577,0.4507060552813242,37.30262550471527,0.024883579282028,0.0006605347663819999,0.02358893113991928,0.026178227424136717,37.67186914072696
2010-07-20,0.956,0.8859666666666722,1.0790473682230264,2.4917812500000163,0.0,0.4839586069544916,0.006818029569924,0.053334794790797994,0.012382942192719,0.029064228093068762,0.07760536148852724,4.3071181275608,0.4276118478547271,0.011202253477851,0.4056554310381392,0.4495682646713151,38.17194894761013,0.024939607540534,0.000662034328257,0.02364202025715028,0.026237194823917717,37.67116972042346
2010-07-21,0.9059999999999999,0.8910666666666722,1.0167589405955344,2.5061250000000155,0.0,0.4486559843230665,0.006737651760145001,0.05440815358776999,0.012414566859516,0.030075602543118626,0.07874070463242135,4.382605869657328,0.426735241222744,0.010985832292548,0.4052030099293499,0.4482674725161381,38.84414306162362,0.025014713012575,0.0006641061191540001,0.02371306501903316,0.02631636100611684,37.66674073784658
2010-07-22,0.879,0.8951000000000057,0.9820131828845876,2.517468750000016,0.0,0.42949181577268414,0.006712922870308,0.054693139441985006,0.012421023328526001,0.03034793371807405,0.07903834516589596,4.403271614213662,0.4265750795040061,0.010929922255515,0.4051524318831967,0.4479977271248155,39.028189728319724,0.025029374187199,0.000664509560341,0.02372693544893064,0.02633181292546736,37.66593542213034
2010-07-23,0.893,0.9006000000000056,0.991561181434593,2.532937500000016,0.0,0.4347215650620551,0.006712984355026001,0.054676146486717016,0.012421994635898001,0.030329037000356936,0.07902325597307709,4.401559338039623,0.4267610652335821,0.010938818097510999,0.4053209817624605,0.4482011487047037,39.01345295527904,0.025031055181105002,0.0006645567502080001,0.023728523950697317,0.02633358641151268,37.66579027791661
2010-07-26,0.9590000000000001,0.9062666666666722,1.0581874356333614,2.548875000000016,0.0,0.4719966885632598,0.006786323882255,0.054340337619865994,0.012461090776256002,0.029916599698404236,0.07876407554132776,4.360801040259546,0.427579272439098,0.011067079591768,0.4058877964392327,0.4492707484389633,38.63523966676266,0.025114051196268996,0.000666874533108,0.023806977111377317,0.02642112528116068,37.65933462658464
2010-07-27,1.003,0.9129333333333388,1.0986563458448888,2.567625000000016,0.0,0.4953351684611451,0.006882512729556999,0.053633247655334004,0.012462155749508999,0.029207422386296363,0.07805907292437164,4.303689404415346,0.42807667749971895,0.011239973949483,0.4060463285587323,0.4501070264407056,38.08520192516985,0.025140929993887,0.00066760097341,0.0238324320860034,0.0264494279017706,37.65861793980832
2010-07-28,0.987,0.9190333333333388,1.0739545174277256,2.5847812500000162,0.0,0.4810249334442085,0.006841484224705,0.054032887590972,0.012448342282834998,0.029634136716615408,0.0784316384653286,4.340568917797176,0.4274722014721871,0.011135431092559,0.4056467565307715,0.4492976464136028,38.3884735057832,0.025141326508563,0.000667567481811,0.02383289424421344,0.02644975877291256,37.66110122734553
2010-07-29,0.997,0.9249666666666722,1.0778766802407231,2.6014687500000155,0.0,0.4832834844697891,0.0068605986959360005,0.05385866364018,0.012436661548647001,0.02948280700483188,0.07823452027552813,4.330636757260553,0.4276419081308329,0.011175362584165002,0.4057381974658695,0.4495456187957963,38.26649067626649,0.025140789970116,0.00066752279039,0.0238324453009516,0.0264491346392804,37.66281890605836
2010-07-30,0.9670000000000001,0.9283666666666722,1.0416143046928237,2.6110312500000155,0.0,0.4625939532706298,0.006809329490227,0.054434698741873,0.012441191674577001,0.030049963059702083,0.07881943442404392,4.375360509323984,0.427147731339901,0.011052099620583,0.4054856160835584,0.4488098465962437,38.64855964059675,0.025165706905894,0.0006681895865290001,0.02385605531629716,0.02647535849549084,37.662524848087905
2010-08-02,0.965,0.9307333333333392,1.0368168469307293,2.617687500000016,0.0,0.4598885436799286,0.00680067844851,0.054515253303422995,0.012434286428271001,0.030144051904011843,0.07888645470283416,4.384268740944789,0.426889044612998,0.011025725553831998,0.4052786225274873,0.4484994666985087,38.717546752706156,0.02516069528025,0.000668036688002,0.02385134337176608,0.026470047188733917,37.663642928800655
2010-08-03,0.9209999999999999,0.9323333333333388,0.9878441186985996,2.6221875000000154,0.0,0.4326823564664279,0.006764879086953,0.05509749750817,0.012457328309765,0.0306811340210306,0.07951386099530941,4.42289840470699,0.42616616487881104,0.010910420784084001,0.4047817401420064,0.4475505896156157,39.06047010583558,0.025206667639089998,0.0006693181700179999,0.023894804025854723,0.02651853125232528,37.66021717056723
2010-08-04,0.929,0.9332000000000056,0.9954993570510016,2.6246250000000155,0.0,0.4368866242646139,0.006760587760899,0.05513475355582298,0.012459122788048,0.030714872891248912,0.07955463422039706,4.425251640405647,0.4261560551919311,0.010903101215184001,0.4047859768101705,0.44752613357369175,39.085765304869966,0.025206890439852997,0.0006693282027169999,0.02389500716252768,0.02651877371717832,37.659985545981215
2010-08-05,0.93,0.9356000000000056,0.994014536126544,2.631375000000016,0.0,0.4360697755883216,0.00676146888592,0.05512447641424599,0.012460675219347999,0.030701552984323914,0.07954739984416807,4.423875547984035,0.4261732138862169,0.010905631098543,0.40479817693307263,0.4475482508393612,39.078271586057134,0.025206690920252003,0.0006693258716090001,0.02389481221189836,0.026518569628605642,37.659818616660544
2010-08-06,0.924,0.9362333333333388,0.9869334567593492,2.6331562500000154,0.0,0.4321833940185391,0.006758413304889,0.055167409529101,0.012462913610141998,0.03074009885322268,0.07959472020497932,4.426525871463022,0.426070250537794,0.010895319223223,0.40471542486027695,0.4474250762153111,39.10580698082215,0.025207760895721,0.0006693612966079999,0.02389581275436932,0.02651970903707268,37.659424026239435
2010-08-09,0.893,0.9350333333333388,0.9550461659120832,2.629781250000016,0.0,0.41486712401809184,0.006765409247629001,0.055236912313787995,0.012474328597666,0.03078722826236264,0.07968659636521336,4.428046919023885,0.425726218344268,0.010882002110668004,0.4043974942073587,0.4470549424811773,39.12204886699085,0.025226495825735,0.0006698909620840001,0.023913509540050358,0.02653948211141964,37.657614826247475
2010-08-10,0.89,0.9345333333333388,0.9523469824511286,2.628375000000016,0.0,0.4134150156898205,0.006753088977441,0.055354447042245,0.012473984694832,0.03090543704037428,0.07980345704411572,4.43759138691104,0.425428254764096,0.010850636335535001,0.4041610075464474,0.4466955019817446,39.20767792860819,0.025221485090181,0.000669757314073,0.02390876075459792,0.02653420942576408,37.65764786772734
2010-08-11,0.8240000000000001,0.9316333333333388,0.8844681383949284,2.6202187500000163,0.0,0.3775740457499616,0.006835892900478001,0.055194718443421,0.012520450355495,0.0306546357466508,0.0797348011401912,4.40836526452861,0.424516353052473,0.010903794098602,0.4031449166192131,0.4458877894857329,38.9329025487479,0.025311832859656002,0.000672291289006,0.02399414193320424,0.02662952378610776,37.650097916724725
2010-08-12,0.787,0.9263333333333388,0.8495861820798799,2.6053125000000152,0.0,0.3596437564500565,0.0069358255859809995,0.054541785991229004,0.012522179588703995,0.029998313997369176,0.07908525798508884,4.355614420386692,0.42411146866685706,0.011036969715654,0.4024790080241752,0.4457439293095389,38.42644127811038,0.025332833178153002,0.0006728619569249999,0.024014023742580003,0.026651642613726,37.649376543640436
2010-08-13,0.7759999999999999,0.9216333333333387,0.8419834352056081,2.592093750000015,0.0,0.35577804352148057,0.006977880322505999,0.054230083481304,0.012506866536863998,0.029716625069050567,0.07874354189355744,4.336024800573263,0.42396960805405104,0.011098298509453002,0.4022169429755231,0.44572227313257895,38.201315966853045,0.025332570110042998,0.00067281679403,0.0240138491937442,0.0266512910263418,37.651512766635015
2010-08-16,0.774,0.9190333333333388,0.8421892568278214,2.584781250000016,0.0,0.3558824995690645,0.006996096192580999,0.05409856681927999,0.012490034079469,0.029618100023520742,0.07857903361503922,4.331338607650835,0.423863091802681,0.011123464544918001,0.4020611012946417,0.4456650823107203,38.105312431308796,0.025331654880692,0.0006727444345890001,0.02401307578889756,0.02665023397248644,37.6542020688239
2010-08-17,0.7859999999999999,0.9169000000000054,0.8572363398407626,2.578781250000015,0.0,0.3635487186550336,0.006968786042568001,0.054320853937059994,0.012478065707496,0.029863845150367843,0.07877786272375216,4.3533072521351714,0.423908550083969,0.01108071545209,0.4021903477978726,0.4456267523700654,38.2564241376669,0.025335410389522,0.0006728084410650001,0.0240167058450346,0.0266541149340094,37.656201740573344
2010-08-18,0.759,0.9128000000000054,0.8315074496056042,2.567250000000015,0.0,0.3504757603490117,0.007066312298289002,0.053652541432551,0.012467430992657,0.029216376686943282,0.07808870617815873,4.303415953467272,0.42359938574818,0.01121829913682,0.4016115194400128,0.4455872520563472,37.759680017612325,0.025345404075721,0.0006730507264419999,0.024026224651894683,0.02666458349954732,37.65749456909155
2010-08-19,0.75,0.9070333333333388,0.8268714857961805,2.5510312500000154,0.0,0.3481382716679521,0.007099881411466,0.05342822524872799,0.012445816483508001,0.029034424941052312,0.07782202555640366,4.292866226938839,0.42327848106003396,0.011259374990731,0.4012101060782012,0.4453468560418668,37.59342604793592,0.025342765920409998,0.000672921361089,0.024023840052675563,0.02666169178814444,37.660813559839724
2010-08-20,0.7070000000000001,0.8983000000000054,0.7870421908048489,2.5264687500000163,0.0,0.3282780139090655,0.007286458582556,0.05227639067654402,0.012432918364608,0.027907870681912337,0.0766449106711757,4.204675776312953,0.42251914037294397,0.011510058638371,0.3999594254417369,0.4450788553041512,36.70868704042713,0.025372557021934,0.000673691352915,0.0240521219702206,0.0266929920736474,37.66199003764243
2010-08-23,0.6990000000000001,0.8909000000000055,0.7845998428555346,2.5056562500000155,0.0,0.3270729151908305,0.007339321290915,0.051917903781050004,0.012395603256668001,0.02762252139798072,0.07621328616411928,4.188412835262582,0.4223081275766379,0.011585658801179,0.399600236326327,0.4450160188269488,36.45093773464785,0.025370629328232003,0.0006735364603890001,0.024050497865869564,0.02669076079059444,37.66778908093172
2010-08-24,0.672,0.8821333333333389,0.7617896009673472,2.4810000000000154,0.0,0.3158874982965036,0.0074980947054070005,0.050921135732263,0.01235731477818,0.0267007987670302,0.0751414726974958,4.120728220193627,0.421682500998766,0.011807572899153,0.3985396581164261,0.44482534388110573,35.71288567094278,0.025377409440887,0.0006736210812750001,0.024057112121588,0.026697706760186,37.673122392261035
2010-08-25,0.667,0.8716333333333389,0.7652300279169327,2.451468750000016,0.0,0.3175665828436829,0.007524160177993,0.050763097258694004,0.012310498367584,0.02663452045822936,0.07489167405915864,4.123561511722665,0.421418130968825,0.011839082536209,0.39821352919785535,0.4446227327397947,35.595505790244715,0.025374043282285003,0.0006733998532189999,0.024054179569975763,0.026693906994594244,37.68050016790849
2010-08-26,0.687,0.8614666666666723,0.7974771707166022,2.422875000000016,0.0,0.3334432425268924,0.007388535642047,0.051749599168010994,0.012284185648268,0.02767259529740572,0.07582660303861627,4.212700837463257,0.421494325471412,0.011620835199198001,0.3987174884809839,0.4442711624618401,36.27057076762339,0.025389756933347996,0.0006737293978800001,0.0240692473135032,0.0267102665531928,37.68539270103676
2010-08-27,0.713,0.8533000000000057,0.8355795148247922,2.399906250000016,0.0,0.3525334440926283,0.007260002155813999,0.052746436373521,0.012280290388009,0.028677067213023363,0.07681580553401864,4.295210838419898,0.421785070463938,0.011417355082768999,0.3994070545017108,0.4441630864261652,36.942450103921615,0.025417950749734,0.0006744546120429999,0.02409601971012972,0.026739881789338282,37.686673492723905
2010-08-30,0.6829999999999999,0.8427666666666724,0.8104259779298286,2.370281250000016,0.0,0.3398901132600087,0.0073784930634140005,0.051991605514094,0.012269684439213,0.02794302401323652,0.07604018701495148,4.237403640792231,0.421381548934671,0.011582321855338999,0.39868019809820654,0.44408289977113546,36.38144011172052,0.025428351394313,0.0006747092568669999,0.02410592125085368,0.026750781537772318,37.68786501076221
2010-08-31,0.6679999999999999,0.8331666666666724,0.8017603520704085,2.343281250000016,0.0,0.3355711291045045,0.00745375490995,0.05147812780943101,0.012246067925538,0.02747583467537653,0.07548042094348549,4.203645457663963,0.4212290703427021,0.011694793385670001,0.39830727530678894,0.4441508653786153,36.01851323503158,0.025426588209005004,0.000674602292061,0.024104367716565444,0.02674880870144456,37.69122712483443
2010-09-01,0.6859999999999999,0.8258333333333391,0.8306760847628599,2.322656250000016,0.0,0.3500561775284844,0.007389773955804,0.05189466022564401,0.012230045535349999,0.02792377097635801,0.07586554947493003,4.243210712146967,0.421766206355439,0.011612881314981,0.39900495897807625,0.4445274537328017,36.31882518349338,0.025435647563299,0.000674790847988,0.02411305750124252,0.02675823762535548,37.69412053990164
2010-09-02,0.69,0.8195333333333391,0.8419425689416681,2.3049375000000163,0.0,0.3557573048781643,0.007382589650581998,0.05190221794313502,0.012213118652222,0.02796450538477989,0.07583993050149014,4.249710448337677,0.4220219775154169,0.011614590697404,0.39925737974850506,0.4447865752823288,36.33550148347012,0.025432839644205,0.0006746685139430001,0.024110489356876718,0.02675518993153328,37.69679348980935
2010-09-03,0.721,0.8138000000000057,0.885967068075688,2.288812500000016,0.0,0.3783517884195528,0.007289857835594,0.05264327418240701,0.012222443103175001,0.02868728570018401,0.07659926266463,4.307099140329203,0.42261908927346403,0.011480030351167,0.40011822978517664,0.4451199487617513,36.813412190194185,0.025470385981347002,0.0006756802305630001,0.024146052729443517,0.02679471923325048,37.6959171354458
2010-09-06,0.748,0.8067666666666724,0.9271577903565608,2.2690312500000163,0.0,0.3999644195301842,0.007235691724824002,0.053115609916888,0.012236421338421002,0.029132224093582838,0.07709899574019316,4.3407797466168825,0.4230930683589221,0.011403623346523999,0.40074196659973504,0.4454441701181091,37.10163476136463,0.025503457692387998,0.000676591745739,0.02417733787073956,0.026829577514036442,37.69401245729178
2010-09-07,0.71,0.7970000000000058,0.8908406524466684,2.241562500000017,0.0,0.3808847112168835,0.007290366332825,0.052847619716359005,0.012244586158683998,0.028848230845338368,0.07684700858737964,4.315998844834604,0.42275881623362704,0.011463965119561001,0.4002894445992875,0.4452281878679666,36.87718968302423,0.025524880863356005,0.000677186346443,0.024197595624327724,0.026852166102384285,37.69255094615058
2010-09-08,0.753,0.7892000000000059,0.9541307653319746,2.2196250000000166,0.0,0.4143744199352071,0.007227798258773002,0.053526503242505,0.012281606501773998,0.029454554499027962,0.07759845198598203,4.358265609207917,0.423577638558392,0.011372887940353998,0.4012867781952981,0.4458684989214857,37.24450999428607,0.025602593189477003,0.000679345483862,0.024271076041107485,0.02693411033784652,37.68714711097079
2010-09-09,0.818,0.7832333333333392,1.0443886453589741,2.2028437500000164,0.0,0.4641618219042122,0.0072796170269090014,0.053637850966251,0.012356356901456,0.029419391439397237,0.07785631049310476,4.340911434820208,0.424758100472635,0.011450917222463004,0.4023143027166075,0.4472018982286625,37.09380586905285,0.025756733316433,0.0006836490192180001,0.024416781238765718,0.027096685394100282,37.675375217972174
2010-09-10,0.862,0.7797333333333393,1.1055061559507442,2.1930000000000165,0.0,0.4993399300227718,0.007415421080674,0.052823184440279995,0.012378745689104,0.028560842889636163,0.07708552599092383,4.267248537691374,0.425684041389141,0.01168840327395,0.402774770972199,0.44859331180608303,36.41934928253815,0.025825805643781,0.0006855586021230001,0.02448211078361992,0.02716950050394208,37.67118604276495
2010-09-13,0.8809999999999999,0.7769333333333392,1.1339454264630082,2.1851250000000166,0.0,0.5161407173432092,0.0075210278142790014,0.052074666379202,0.012363166918323001,0.027842859219288925,0.07630647353911507,4.212081477443002,0.42617410886949897,0.011878129222028999,0.4028929755943221,0.4494552421446758,35.878891440169646,0.025838980373487003,0.000685870007834,0.02449467515813236,0.027183285588841644,37.673290971098986
2010-09-14,0.8740000000000001,0.7753666666666725,1.1272086324749495,2.1807187500000165,0.0,0.5121353002623862,0.007511200595693,0.05213954255515098,0.012333611765027,0.027965663495698068,0.0763134216146039,4.227435040804325,0.425825096390214,0.011842942273142,0.4026129295348557,0.4490372632455723,35.95602229320235,0.025827591624552,0.0006854822037670001,0.02448404650516868,0.027171136743935318,37.67799000853819
2010-09-15,0.903,0.7745000000000059,1.1659134925758463,2.1782812500000164,0.0,0.5353694058856434,0.0076873761112059985,0.050923147751733,0.012316784513635,0.0267822501050084,0.0750640453984576,4.134451462990061,0.42676334867972704,0.012170024114074,0.4029101014161421,0.4506165959433121,35.06676278366573,0.025850576823721,0.000686058136548,0.024505902876086918,0.02719525077135508,37.67986333316207
2010-09-16,0.9420000000000001,0.7749000000000059,1.2156407278358403,2.1794062500000164,0.0,0.5660350223030997,0.007970315199491,0.049128322208869,0.012293205151185,0.0250336401125464,0.0732230043051916,3.996380244588331,0.42799202412977705,0.01268433231746,0.40313073278755546,0.4528533154719986,33.741785804575485,0.025891162365859997,0.0006870877992169999,0.02454447027939468,0.02723785445232532,37.68246561117199
2010-09-17,0.9159999999999999,0.7746333333333393,1.1824949438443904,2.178656250000017,0.0,0.5454906507807217,0.007860587774343,0.049939070903671,0.012256539614008001,0.025916253260215318,0.07396188854712668,4.074483702283741,0.42755781823499395,0.012463056345460998,0.4031302277978904,0.4519854086720976,34.30601662895617,0.02591046229135,0.000687486074787,0.02456298958476748,0.02725793499793252,37.68870853036561
2010-09-20,0.94,0.776200000000006,1.2110280855449531,2.183062500000017,0.0,0.5631506146418732,0.008047145720505999,0.04874977049312,0.01221745330234,0.0248035620205336,0.0726959789657064,3.990174489456241,0.42822006495761,0.012797861983471999,0.4031362554700049,0.4533038744452152,33.46028153066723,0.025922132297316998,0.000687695578221,0.024574248964003842,0.02727001563063016,37.694196557697026
2010-09-21,0.93,0.7775333333333393,1.1960901997770637,2.1868125000000167,0.0,0.5538662503330868,0.008028341610184,0.04886523725697002,0.012171253886088999,0.025009579640235573,0.07272089487370445,4.014807160732995,0.428240507003989,0.012763532323963002,0.4032239836490216,0.4532570303589565,33.551880164081524,0.025923091671614,0.000687585303136,0.02457542447746744,0.02727075886576056,37.701637241780325
2010-09-22,0.8859999999999999,0.7796000000000058,1.136480246280135,2.1926250000000165,0.0,0.5176519793110679,0.007823102970584,0.050485632080068,0.012168298743238999,0.026635766543319558,0.07433549761681645,4.148947453161454,0.4274668564351369,0.012347502112349,0.4032657522949329,0.451667960575341,34.619703041606954,0.025986909960881002,0.0006892519401689997,0.02463597615814976,0.02733784376361224,37.70306392540042
2010-09-23,0.836,0.7812333333333392,1.070102828860341,2.1972187500000167,0.0,0.4788119178777336,0.00766508646618,0.05195015333294002,0.012190369923667,0.02805702828255269,0.07584327838332733,4.261573164575027,0.42660713597663796,0.012002479218568,0.4030822767082448,0.4501319952450313,35.543251373987424,0.026067296964031,0.0006914316392389999,0.024712090951122558,0.02742250297693944,37.70046883118103
2010-09-24,0.863,0.7841333333333391,1.100578132970575,2.205375000000016,0.0,0.4964571292698444,0.007747649810750998,0.051398347483297996,0.012185179354351998,0.027515395948768086,0.07528129901782793,4.218103483633957,0.427119361313689,0.01215539551215,0.403294786109875,0.450943936517503,35.13825287599827,0.026083399564946,0.000691849668574,0.024727374214540958,0.027439424915351042,37.700964168586715
2010-09-27,0.8540000000000001,0.7868000000000058,1.0854092526690309,2.2128750000000164,0.0,0.4876354235212736,0.007726510622679,0.0515788429335,0.01217220663562,0.0277213179276848,0.0754363679393152,4.237427483572346,0.4268810121410821,0.012103506600976999,0.4031581392031672,0.450603885078997,35.2692014152835,0.026086205738632004,0.0006918844764730001,0.024730112164744925,0.027442299312519083,37.70312331854872
2010-09-28,0.865,0.7894333333333391,1.095722670269806,2.220281250000016,0.0,0.4936248796802112,0.007764088635864998,0.051313856334659,0.012158448236056005,0.02748329779198923,0.07514441487732877,4.220428079176052,0.42699466992873497,0.012168078514855,0.4031452360396192,0.4508441038178508,35.09138023784677,0.026085777878511004,0.0006918360443419999,0.024729779231600683,0.02744177652542133,37.705144292276
2010-09-29,0.914,0.7946000000000057,1.1502642839164277,2.2348125000000163,0.0,0.5259102543886613,0.007954926758284001,0.050133385844904996,0.012161227478141,0.026297379987748646,0.07396939170206136,4.1223952051727615,0.42819641248106505,0.012522721743735001,0.4036518778633445,0.4527409470987857,34.19355801747127,0.026135638757904,0.0006931804336169999,0.024777005108014682,0.02749427240779332,37.703947616526015
2010-09-30,0.9670000000000001,0.8018333333333391,1.205986281438362,2.255156250000016,0.0,0.5600073285835511,0.008237505960534,0.048467052727221994,0.012149706983431005,0.024653627039697232,0.07228047841474677,3.989154042424042,0.4294753959456501,0.013033124946738998,0.4039304710500417,0.4550203208412586,32.95260328591498,0.026189084476973,0.0006945850928640001,0.024827697694959558,0.02755047125898644,37.704645184630095
2010-10-01,0.985,0.8111000000000056,1.2144001972629679,2.2812187500000163,0.0,0.5652584673575549,0.008331865995797001,0.047831326925351,0.012099645968913001,0.024116020826281517,0.07154663302442048,3.953117888592983,0.4300773216924939,0.013226546972582999,0.4041532896262312,0.4560013537587566,32.51622079322795,0.026183676082147,0.0006943036537179999,0.024822840920859717,0.02754451124343428,37.71213926636501
2010-10-04,0.9590000000000001,0.8197666666666722,1.169845077867678,2.3055937500000154,0.0,0.5377599796689292,0.008172246479497,0.048985824251529,0.012075364342856002,0.025318110139531242,0.07265353836352678,4.056674636116588,0.429262652216535,0.012887151903045001,0.4040038344865668,0.4545214699465032,33.30934992045235,0.02621787486612701,0.0006951255818350001,0.02485542872573041,0.02758032100652361,37.716745795659975
2010-10-05,0.937,0.8286000000000056,1.1308230750663697,2.3304375000000155,0.0,0.5142823023520398,0.008051385155588,0.04984082830514901,0.012058622863359,0.02620592749296537,0.07347572911733266,4.133210638554378,0.42896027905304795,0.012659516248911002,0.4041476272051824,0.4537729309009136,33.88441316546797,0.026240158992298,0.0006956585673130001,0.024876668200364518,0.027603649784231483,37.719881886404174
2010-10-06,0.9059999999999999,0.8365666666666721,1.0829979678846005,2.3528437500000154,0.0,0.4862402431633761,0.007941794157619,0.05077342486749,0.012062076486746,0.02713175495346784,0.07441509478151216,4.209343633600685,0.428243404659449,0.012415333576043002,0.4039093508504047,0.4525774584684933,34.49310500088415,0.026281665293552,0.0006967598933260001,0.02491601590263304,0.02764731468447096,37.719830813026455
2010-10-07,0.935,0.8448333333333388,1.1067271651213186,2.3760937500000154,0.0,0.5000554839047361,0.008016302132409999,0.05028505281916,0.012052622862369,0.026661912008916763,0.07390819362940322,4.172125303626904,0.428682966732144,0.012554667368544999,0.4040758186897958,0.4532901147744922,34.145306613712314,0.026290848552227998,0.0006969816042220001,0.02492476460795288,0.02765693249650312,37.721007832900476
2010-10-08,0.9179999999999999,0.8516666666666719,1.0778864970645723,2.3953125000000157,0.0,0.4832891438262131,0.007962892254019,0.050725420256359,0.012046421839303002,0.027114433451325116,0.07433640706139287,4.210828819795968,0.42828942834542105,0.012435216839268,0.40391640334045575,0.4526624533503864,34.44165340108678,0.026305521716063,0.0006973477980910003,0.02493872003180464,0.027672323400321358,37.72224102244382
2010-10-11,0.8959999999999999,0.8587666666666719,1.0433567519310574,2.415281250000015,0.0,0.4635783787693029,0.007914268232915,0.051184014641009995,0.012048563795283998,0.02756882960225336,0.07479919967976664,4.248142393622244,0.427729579098832,0.012312159060035,0.4035977473411633,0.4518614108565006,34.74042018245465,0.026326140457538,0.0006978943628989999,0.02495826750625596,0.02769401340882004,37.72224258722815
2010-10-12,0.879,0.8658000000000055,1.0152460152460088,2.4350625000000155,0.0,0.44781383151163867,0.007889335962172,0.05145436925528799,0.012049110871916001,0.027838111946332626,0.07507062656424335,4.270387234565021,0.42710290529024103,0.012230482524928001,0.4031311595413821,0.4510746510390998,34.921181925548126,0.026334653787209998,0.000698121120499,0.02496633639103196,0.02770297118338804,37.72218460945223
2010-10-13,0.8809999999999999,0.8723000000000055,1.0099736329244462,2.453343750000016,0.0,0.4448845494020006,0.007887010127897,0.051450799679215,0.012046467245108002,0.02783972387880332,0.07506187547962669,4.271028064274168,0.42720351080846103,0.012233203055844,0.4032264328190067,0.4511805887979152,34.92163980752201,0.026332959190389003,0.000698068419911,0.024964745087363443,0.027701173293414563,37.72260488986203
2010-10-14,0.892,0.8790333333333388,1.0147510522922845,2.472281250000015,0.0,0.44753846986874135,0.007890554493936998,0.051423432228649,0.012041598874052,0.027821898435507083,0.07502496602179091,4.270482081865195,0.427019864232588,0.012230580993091999,0.4030479254861277,0.4509918029790483,34.91411115087413,0.026326209104261002,0.0006978747836989997,0.02495837452821096,0.02769404368031104,37.72339926756463
2010-10-15,0.914,0.8854666666666721,1.0322240626411625,2.490375000000016,0.0,0.4573053942529453,0.007911707547998,0.051243972821476,0.012040428831450999,0.02764473231183204,0.07484321333111996,4.255992335390864,0.42746771526984995,0.012288303488876004,0.40338264043165306,0.4515527901080469,34.78655256657743,0.026329230371814998,0.000697953411508,0.02496124168525932,0.027697219058370682,37.7234782976681
2010-10-18,0.988,0.8934666666666721,1.1058051037158565,2.512875000000016,0.0,0.4995150764925389,0.008060557957763,0.050533059974762,0.0120778721631,0.026860430535086,0.074205689414438,4.183937310509632,0.428664939029151,0.012548517630966,0.4040698444724576,0.4532600335858443,34.16060379684443,0.026427697591039,0.0007006800647760001,0.02505436466407804,0.02780103051799996,37.71721063520144
2010-10-19,1.012,0.9035333333333389,1.1200472220172588,2.541187500000015,0.0,0.5078949428642284,0.008119839119855,0.05013735273089,0.012061841070594999,0.0264961442325238,0.07377856122925619,4.156691539661879,0.428978675739537,0.012658450352186002,0.4041681130492525,0.4537892384298216,33.88871969351801,0.026430310166273,0.000700708374338,0.025056921752570526,0.027803698579975483,37.7194152863402
2010-10-20,1.069,0.914066666666672,1.1694989424549562,2.570812500000016,0.0,0.5375492848085156,0.008317490611905,0.04900145389058799,0.012054310789642001,0.025375004742889663,0.07262790303828631,4.065056455379769,0.429683174102748,0.012995653595307,0.4042116930559463,0.4551546551495497,33.06360630125833,0.026467005769966,0.0007016718022719999,0.025091729037512882,0.02784228250241912,37.71992216909877
2010-10-21,1.109,0.923766666666672,1.2005196117345578,2.5980937500000154,0.0,0.5566102896085449,0.008481325763684,0.048033256220733005,0.012021768782123,0.024470589407771925,0.07159592303369408,3.995523212205053,0.43003939047545797,0.013271684811583001,0.40402688824475536,0.4560518927061607,32.402773014933594,0.026472015058966,0.0007017209765499999,0.025096641944927996,0.027847388173003997,37.72441745878433
2010-10-22,1.12,0.9323666666666719,1.2012441457223484,2.6222812500000154,0.0,0.5570598588895243,0.008520240140028001,0.047799822708311,0.011981877872668002,0.024315342077881715,0.07128430333874028,3.9893431744407164,0.4300358130781379,0.013330279072033996,0.4039084660969513,0.4561631600593245,32.26007578343291,0.026468014790832,0.000701503396962,0.025093068132786483,0.027842961448877518,37.73041571210353
2010-10-25,1.085,0.9391666666666719,1.1552795031055834,2.641406250000016,0.0,0.5289319679968165,0.008362541492814998,0.048915270929428004,0.011969221813772,0.02545559617443488,0.07237494568442111,4.086754485003121,0.429372815316956,0.013014566532636001,0.40386426491298943,0.4548813657209225,32.99171080652001,0.026505661202720004,0.0007024524715089999,0.025128854358562363,0.027882468046877645,37.73303145444623
2010-10-26,1.13,0.9477000000000054,1.1923604516197042,2.665406250000016,0.0,0.5515614810206751,0.008534573417268002,0.047937313408322996,0.011949933474643,0.02451544379802272,0.07135918301862329,4.011512993778799,0.429925933116836,0.013309612645985,0.4038390923307054,0.4560127739029666,32.301911749965704,0.026524949864397,0.000702919120138,0.02514722838892652,0.027902671339867482,37.73542233309259
2010-10-27,1.139,0.9555666666666719,1.1919628841525032,2.6875312500000152,0.0,0.5513161202455111,0.008574149775471,0.047695974676163995,0.011916507092626998,0.024339620774615087,0.07105232857771293,4.0025130103497055,0.430048895500837,0.013378040323328998,0.4038279364671122,0.4562698545345618,32.1458812432264,0.026523162788395997,0.0007027769372150001,0.0251457199914546,0.0279006055853374,37.74051392962821
2010-10-28,1.161,0.9628666666666722,1.205774423596199,2.708062500000016,0.0,0.5598754629968191,0.008673541249713002,0.047120736384762,0.011882722487688,0.02383060030889353,0.07041087246063048,3.9654831991224935,0.430325979156846,0.013550126251031998,0.4037677317048233,0.4568842266088688,31.758078942186057,0.026523634644898,0.000702698636229,0.02514634531788916,0.02790092397190684,37.74539080824688
2010-10-29,1.137,0.9702333333333388,1.1718830521867525,2.7287812500000155,0.0,0.5390014087442757,0.008562296925963001,0.047853931375153,0.011861489340684999,0.0246054122674104,0.0711024504828956,4.034394838683058,0.42987584666952794,0.013330836197296999,0.40374740772282586,0.4560042856162301,32.24672783517452,0.026543333954617,0.0007031513328169999,0.025165157342295682,0.02792151056693832,37.749105655925774
2010-11-01,1.13,0.9765666666666719,1.1571150629757248,2.746593750000016,0.0,0.5300401953994595,0.008540557371633999,0.047993997516734006,0.011838841209485,0.02478986874614341,0.07119812628732461,4.053943850372876,0.42979006792832897,0.013287374205438,0.4037468144856705,0.4558333213709874,32.34574877498669,0.026545734887821,0.000703147703693,0.025167565388582717,0.02792390438705928,37.752715038970884
2010-11-02,1.147,0.9838000000000054,1.1658873754828152,2.7669375000000147,0.0,0.5353535446564948,0.008619449234317,0.047498251204040005,0.011814155619335,0.024342506190143408,0.07065399621793661,4.020452475359596,0.430228298416372,0.013440162975451002,0.40388557898448796,0.456571017848256,32.01064594247793,0.026543491579721003,0.000703023179848,0.025165566147218918,0.027921417012223084,37.756211090302116
2010-11-03,1.119,0.9915666666666719,1.12851716139442,2.7887812500000155,0.0,0.5129120426141239,0.00851582654518,0.048217574629449984,0.011804625421181998,0.02508050880393327,0.0713546404549667,4.084634023450551,0.4297484078369179,0.013230648735308999,0.4038163363157123,0.4556804793581236,32.48128012725787,0.026567654692209,0.0007036286729019999,0.025188542493321083,0.02794676689109692,37.758061482416956
2010-11-04,1.087,0.9999333333333388,1.0870724714980942,2.8123125000000155,0.0,0.4885989051453207,0.008409938114327,0.04901843585924502,0.011806669321321999,0.02587736398945389,0.07215950772903612,4.151758173723228,0.4290129217667271,0.013001634983971,0.403529717198144,0.4544961263353103,32.996844035048426,0.026597529964953,0.0007044178672200001,0.0252168709452018,0.0279781889847042,37.75817054428767
2010-11-05,1.078,1.0071000000000054,1.0704001588720031,2.8324687500000154,0.0,0.4789825766622509,0.008382493856678,0.049222960360004016,0.01180280587272,0.026089460849472817,0.07235645987053521,4.170445645791175,0.42878063653134,0.012941556892271002,0.4034151850224889,0.4541460880401912,33.132075228709105,0.026602231262520003,0.0007045278539760001,0.025221356668727043,0.027983105856312963,37.75894893636988
2010-11-08,1.0979999999999999,1.0152333333333388,1.0815247726302597,2.8553437500000154,0.0,0.4853888026059777,0.008415932549455,0.049003488859089984,0.011797836267078001,0.025879729775617102,0.07212724794256288,4.153599672834338,0.429045348968791,0.013008545087961001,0.4035486005963874,0.4545420973411946,32.98180896231512,0.026603955855631,0.0007045631258889999,0.02522301212888856,0.02798489958237344,37.75950639209568
2010-11-09,1.111,1.0234333333333392,1.0855616714978933,2.8784062500000163,0.0,0.4877236791934839,0.008434413856883,0.048882229161891,0.011790593892695,0.0257726651322088,0.0719917931915732,4.145866578627117,0.429163004064659,0.013043956014763,0.4035968502757236,0.4547291578535945,32.9012918764022,0.026603825394492,0.0007045394346629999,0.025222928102552517,0.02798472268643148,37.76059094151192
2010-11-10,1.104,1.0297666666666718,1.0720875279189406,2.8962187500000147,0.0,0.4799516294765557,0.008397503087139,0.049140587311634,0.011784794897337,0.026042389312853485,0.07223878531041453,4.169829660993071,0.42877656488078997,0.012961897049257001,0.4033712466642463,0.4541818830973338,33.079769361797126,0.026603622301907,0.000704515365992,0.025222772184562682,0.027984472419251318,37.761592700578696
2010-11-11,1.087,1.0337666666666725,1.0514945345500215,2.907468750000016,0.0,0.4681888344153923,0.008384302022080998,0.049235674767419,0.011782868768375,0.026141251981404004,0.072330097553434,4.178581272123518,0.428718138465921,0.012936109792623999,0.4033633632723779,0.4540729136594641,33.14119509950082,0.026606596844651,0.0007045866130950001,0.0252256070829848,0.027987586606317203,37.761995970619296
2010-11-12,1.146,1.0391333333333388,1.102842112016418,2.922562500000016,0.0,0.4977804825384206,0.00850619179036,0.048585616579944,0.011796952889955,0.0254635889156322,0.0717076442442558,4.118488649837132,0.429708560000915,0.013165037955105,0.4039050856089092,0.4555120343929208,32.64013073614229,0.026652530118719,0.000705849870737,0.02526906437207448,0.028035995865363518,37.759488559373324
2010-11-15,1.159,1.0458000000000054,1.108242493784657,2.941312500000015,0.0,0.5009442318697147,0.008538534488149,0.048376115538075,0.011784578964068,0.02527834076850172,0.07147389030764828,4.105035545654773,0.42992214424208597,0.013228261513046999,0.4039947516765139,0.4558495368076582,32.50027555155836,0.026652138909297997,0.000705806069053,0.025268759013954117,0.02803551880464188,37.76127760571321
2010-11-16,1.169,1.0535333333333388,1.1095994431437013,2.9630625000000155,0.0,0.5017407604754729,0.008570121377047,0.048119465315942,0.011767112872238,0.02505592408635552,0.07118300654552848,4.089317901374791,0.4303469812138021,0.013308935491672,0.40426146765012505,0.4564324947774792,32.33519175768053,0.026643621717581,0.0007055333305730001,0.02526077638965792,0.028026467045504082,37.76380301683304
2010-11-17,1.1440000000000001,1.061466666666672,1.0777540509986128,2.9853750000000154,0.0,0.4832127919417464,0.008508328005465,0.048569226611256996,0.011763569540253,0.025512630312361124,0.07162582291015288,4.128783057307556,0.430006051777809,0.013179530672394,0.4041741716599168,0.4558379318957012,32.62681065559423,0.026660604087366,0.0007059694298580001,0.02527690400484432,0.028044304169887683,37.76453053035253
2010-11-18,1.203,1.0704000000000056,1.1238789237668103,3.0105000000000155,0.0,0.5101615028715794,0.008643131729627,0.047824633692059006,0.011766682616453,0.024761935763811124,0.07088733162030689,4.064410951748311,0.43103013598235496,0.0134406408939,0.40468647983031103,0.4573737921343989,32.06916540549505,0.026695939263672,0.0007069215423680001,0.025310373040630718,0.02808150548671328,37.76365220708398
2010-11-19,1.203,1.0799000000000056,1.1139920362996516,3.037218750000016,0.0,0.5043235702563532,0.008634038808993,0.04788934492789,0.011750674453824,0.02485802299839496,0.07092066685738505,4.075454997590152,0.43092836963930803,0.01341598155768,0.4046330457862552,0.4572236934923608,32.120524896861966,0.026696786307601,0.0007068974560300001,0.0253112672937822,0.0280823053214198,37.76613719552913
2010-11-22,1.1420000000000001,1.0881000000000056,1.0495358882455603,3.060281250000016,0.0,0.4670772206722881,0.008506463186880999,0.049002046396392995,0.011774626818228995,0.02592377783266417,0.07208031496012184,4.161664497131397,0.42981856989338896,0.013104705598665,0.4041333469200056,0.4555037928667723,32.798796329860714,0.026770359605937,0.000708902705751,0.025380910302665042,0.028159808909208963,37.763094129491776
2010-11-23,1.047,1.0937000000000057,0.9573009051842319,3.076031250000016,0.0,0.41608174848880336,0.008465314103692,0.049931403042605016,0.011841785064012,0.026721504317141497,0.07314130176806853,4.216543601551197,0.42865245240595296,0.012896095111865001,0.4033761059866976,0.4539287988252084,33.2389338546028,0.026920993020354,0.000713077766132,0.025523360598735282,0.02831862544197272,37.75323576050424
2010-11-24,1.092,1.1007333333333391,0.9920658954636252,3.095812500000016,0.0,0.434998775906933,0.008460973903042,0.049979940072157,0.011851661708636002,0.02675068312323044,0.07320919702108357,4.21712510033409,0.42915281330783395,0.012909111253170001,0.4038509552516208,0.4544546713640472,33.244179625647284,0.026942880252461,0.0007136849046449999,0.0255440578393568,0.0283417026655652,37.75178664578919
2010-11-25,1.081,1.1070333333333389,0.9764836951612368,3.1135312500000154,0.0,0.4264755947405378,0.008459409210984,0.050023987450790994,0.011853336793718,0.026791447335103715,0.07325652756647827,4.220245178328462,0.428986282997998,0.012894475643536001,0.4037131107366673,0.4542594552593286,33.26899789159308,0.026947027698102997,0.0007137992207349999,0.0255479812254624,0.0283460741707436,37.75155101790728
2010-11-26,1.067,1.1121333333333392,0.9594173360508284,3.127875000000016,0.0,0.4172232103485401,0.008458655234778002,0.050039240514345,0.011854095402188,0.026805213526056526,0.07327326750263348,4.221261835391261,0.428946800779106,0.012890073188794,0.40368225732906976,0.4542113442291423,33.27729753714798,0.0269486943628,0.0007138475997319999,0.02554955306732528,0.028347835658274718,37.751327276175715
2010-11-29,1.07,1.1148666666666722,0.9597560246367232,3.135562500000016,0.0,0.4174059974132373,0.008455378162488002,0.050046972912414,0.011853977987158001,0.026813176057584324,0.07328076976724368,4.221955951549062,0.4290306904209311,0.012890341053853,0.4037656219553792,0.45429575888648294,33.28311397103712,0.026948190014476004,0.000713832714028,0.025549077894981124,0.02834730213397088,37.75140797684461
2010-11-30,1.06,1.1164666666666725,0.9494237773929612,3.140062500000016,0.0,0.41184476284195176,0.008440764796561001,0.05008721499068,0.011851336254648001,0.026858595931569924,0.07331583404979009,4.226292623419206,0.429206786574492,0.012881942269318,0.4039581797266287,0.4544553934223553,33.3184839367566,0.026941242890491,0.0007136399101819997,0.02554250866653428,0.028339977114447717,37.75187248651253
2010-12-01,1.064,1.1163000000000056,0.9531487951267532,3.139593750000016,0.0,0.41384615523966223,0.00843022079793,0.050132167501157995,0.011852421137571999,0.02690142207151688,0.07336291293079912,4.2296984657623335,0.4293506325498789,0.012874513380336,0.4041165863244203,0.4545846787753374,33.34888239004569,0.026941003292651,0.00071363446888,0.0255422797336462,0.0283397268516558,37.751824592961725
2010-12-02,0.997,1.1125666666666725,0.8961260748419525,3.129093750000016,0.0,0.3836389477546703,0.008496753728225,0.050047251021962995,0.011879352493388002,0.02676372013492252,0.07333078190900348,4.212961190420066,0.428596853498059,0.012901960895681998,0.4033090101425223,0.4538846968535957,33.21951267434834,0.027000456946895998,0.0007152918078919999,0.025598485003427682,0.028402428890364317,37.74747124041049
2010-12-03,0.971,1.1076000000000057,0.8766702780787244,3.1151250000000155,0.0,0.37353773609735397,0.008507176368964,0.049975668643255,0.011875642816075999,0.02669940872374604,0.07325192856276397,4.208249558971572,0.42861964553976095,0.012920344021905002,0.4032957712568272,0.4539435198226948,33.174011838468296,0.026998401843078997,0.0007152263630100001,0.0255965581715794,0.0284002455145786,37.74805186073024
2010-12-06,0.941,1.1028000000000056,0.853282553500177,3.1016250000000154,0.0,0.361528636004289,0.008579417105527,0.049633570767382,0.011874849392940002,0.0263588659572196,0.0729082755775444,4.179722127414278,0.42825359681716396,0.013004078185111,0.4027656035743464,0.4537415900599816,32.93225330708014,0.027008294265887002,0.000715491087432,0.02560593173452028,0.028410656797253717,37.74791152580517
2010-12-07,0.982,1.097866666666672,0.8944619868836488,3.087750000000016,0.0,0.38277097212264827,0.008427182003318,0.050490456564857,0.01188133025812,0.0272030492589418,0.0737778638707722,4.249562588360149,0.429178917604163,0.012819267733128002,0.4040531528472321,0.4543046823610939,33.47920696710811,0.027026824494064,0.0007159907274660001,0.02562348266823064,0.028430166319897362,37.7474504309551
2010-12-08,1.054,1.0950333333333389,0.9625277769322044,3.0797812500000155,0.0,0.4189031431109728,0.008445359552861999,0.05045413783901099,0.011895151195536002,0.027139641495760425,0.07376863418226155,4.241571797586385,0.429367353472674,0.012846137891576,0.40418892320518507,0.454545783740163,33.423847470470946,0.027052161558462,0.000716701477835,0.0256474266619054,0.0284568964550186,37.74536874151772
2010-12-09,1.0859999999999999,1.0925333333333391,0.9940200146448572,3.0727500000000147,0.0,0.43607278827479856,0.008441650781764001,0.05048562429573202,0.011904321327392,0.027153154494043697,0.07381809409742034,4.240949392012984,0.42985649379965707,0.012862068425028999,0.4046468396866002,0.4550661479127139,33.42047947460543,0.027070064976264997,0.0007172031208289999,0.02566434685944016,0.02847578309308984,37.74393081972465
2010-12-10,1.137,1.0925333333333391,1.0407005125701685,3.0727500000000147,0.0,0.4620780778282542,0.00847922767386,0.05032104688169098,0.011921002187350002,0.026955882594484986,0.07368621116889698,4.221209432801611,0.4305806803151789,0.012946916474575,0.4052047240250119,0.4559566366053458,33.25739230346754,0.027108797132494998,0.000718278858335,0.025700970570158403,0.0285166236948316,37.74132680909071
2010-12-13,1.1179999999999999,1.0921333333333387,1.0236845318031935,3.0716250000000147,0.0,0.4525201163415152,0.008474976525723,0.050397447183559006,0.011919450055169,0.027035325075427767,0.07375956929169025,4.228168829123467,0.430207038220116,0.012913459267032,0.4048966580567333,0.4555174183834987,33.31462386058154,0.027110796208966,0.000718326057135,0.0257028771369814,0.0285187152809506,37.7416299181537
2010-12-14,1.13,1.091566666666672,1.0352093321525584,3.0700312500000155,0.0,0.4589836595074671,0.008490824758331,0.050288951396485995,0.011917856969863996,0.026929951735552567,0.07364795105741942,4.219630385198201,0.4303969995197801,0.012947773248869,0.4050193639519969,0.4557746350875633,33.24100532555887,0.027112891865169998,0.0007183802610839999,0.02570486655344536,0.028520917176894638,37.74169939505777
2010-12-15,1.117,1.0915000000000057,1.0233623453962386,3.0698437500000155,0.0,0.4523400209647633,0.008460078769583,0.050426031707349994,0.011912968352843,0.02707661373577772,0.07377544967892229,4.23286877072206,0.430589708944932,0.012915099771486,0.4052761133928193,0.4559033044970445,33.34002187854523,0.027106685580706,0.0007181984177989999,0.02569901668181996,0.02851435447959204,37.74261389183624
2010-12-16,1.136,1.0931333333333386,1.0392144904555658,3.074437500000015,0.0,0.4612397215107574,0.008481741405622,0.050282559949204,0.011913021008197,0.02693303877313788,0.07363208112527013,4.220806789025737,0.430844261045742,0.012961530069188999,0.4054396621101316,0.4562488599813525,33.24023157342465,0.027110738975661002,0.000718308414396,0.02570285448344484,0.028518623467877164,37.74247723168926
2010-12-17,1.129,1.0948333333333384,1.0312071852641145,3.0792187500000145,0.0,0.4567343664416298,0.008484113889153001,0.050287522909367,0.011910194843943999,0.026943541015236758,0.07363150480349724,4.222225040670755,0.4306603903505421,0.01295175466169,0.4052749512136297,0.4560458294874545,33.25112323385624,0.027110081745502005,0.0007182809853260001,0.02570225101426304,0.028517912476740962,37.743003503305566
2010-12-20,1.112,1.0953000000000053,1.015246964302013,3.080531250000015,0.0,0.44781435957070137,0.008438738230536999,0.05050232773221,0.011905481220387,0.027167584540251484,0.07383707092416852,4.241939220880155,0.430863006706516,0.0128984121728,0.4055821188478279,0.456143894565204,33.40434473129292,0.027101545335961003,0.0007180398741230001,0.025694187182679924,0.028508903489242083,37.74378876809712
2010-12-21,1.1159999999999999,1.095466666666672,1.0187439143135295,3.0810000000000146,0.0,0.4497619742933036,0.008446033501119,0.05045138940126402,0.011905829876755999,0.027115962842822253,0.07378681595970578,4.23753656179484,0.43091827029082996,0.012911783016025,0.405611175579421,0.456225365002239,33.374032831563106,0.027101318175897,0.0007180342762299999,0.0256939709944862,0.0285086653573078,37.743766660010365
2010-12-22,1.041,1.093366666666672,0.952105118746375,3.075093750000015,0.0,0.4132850005889952,0.00838379058772,0.051116284474976,0.011937237133213999,0.02771929969387656,0.07451326925607545,4.282086709390323,0.430434565238669,0.012755206906527001,0.4054343597018761,0.455434770775462,33.745792474634555,0.027163355371939,0.000719765239495,0.0257526155025288,0.0285740952413492,37.73918755927858
2010-12-23,1.028,1.091400000000005,0.9419094740699976,3.0695625000000137,0.0,0.4078195972475983,0.008378002828391,0.051167350640461,0.011943613233427,0.027757868702944083,0.07457683257797793,4.284076320996006,0.4303677387988479,0.012740480898803998,0.405396396237192,0.4553390813605037,33.77955213913858,0.02716542890891701,0.0007198376781919999,0.025754547059660692,0.02857631075817333,37.738270351629794
2010-12-24,1.0290000000000001,1.0875000000000052,0.9462068965517196,3.0585937500000147,0.0,0.4101196016375619,0.008382715515199,0.051137516371955995,0.011948326703552,0.027718796032994084,0.07455623671091792,4.279889363650832,0.43036136366009603,0.012746783328006,0.4053776683372041,0.4553450589829877,33.76235027974074,0.027164943918921998,0.0007198383164330001,0.025754060818713318,0.02857582701913068,37.737563142677935
2010-12-27,1.0270000000000001,1.0831000000000053,0.9482042286030792,3.0462187500000137,0.0,0.4111903882126624,0.008410708448838,0.050966037224997006,0.011948283547232,0.027547401472422288,0.07438467297757173,4.265553041449568,0.43014192238021,0.012778600392283,0.4050958656113353,0.4551879791490847,33.66111382901974,0.027157676105971,0.0007196485298139999,0.025747164987535563,0.028568187224406436,37.737416225915496
2010-12-28,0.985,1.076966666666672,0.9146058373827679,3.028968750000015,0.0,0.3933288314807164,0.008459166860024,0.050814718617446006,0.011957823661426,0.027377384241051045,0.07425205299384098,4.249495565097518,0.429551927683824,0.012807440569037,0.40444934416851147,0.4546545111991365,33.539248171277606,0.027176679343622997,0.0007201828063010001,0.02576512104327304,0.028588237643972964,37.73580694489832
2010-12-29,0.9790000000000001,1.071466666666672,0.9137008461921308,3.0135000000000147,0.0,0.3928521054813517,0.008481329421327,0.05069313818141201,0.011953949814959001,0.027263396544092367,0.07412287981873164,4.240701940874598,0.429284387908149,0.012828014804073,0.4041414788921659,0.4544272969241321,33.46460028810168,0.027171217408827004,0.0007200283499860001,0.025759961842854444,0.02858247297479956,37.73631608997167
2010-12-30,0.9570000000000001,1.063266666666672,0.9000564298702067,2.9904375000000147,0.0,0.3856919870617772,0.008500925789016,0.05059880389305999,0.011952618810449001,0.027171671024579947,0.07402593676154003,4.233281818443729,0.42917026830809996,0.012850151464440001,0.4039839714377976,0.4543565651784024,33.398070792840535,0.027173654376084,0.000720090832991,0.02576227634342164,0.028585032408746363,37.73642592172581
2010-12-31,0.96,1.055166666666672,0.9098088769546628,2.9676562500000148,0.0,0.3908045029287531,0.008508716512142,0.050543826597319,0.011944788114611,0.027132041892681442,0.07395561130195656,4.231454431200415,0.42890950446424,0.012852318861826,0.4037189594950609,0.4541000494334189,33.37214934327315,0.027163074027729002,0.000719786639601,0.02575229221411104,0.028573855841346963,37.73767465700429
2011-01-03,0.9209999999999999,1.0478000000000054,0.8789845390341622,2.946937500000016,0.0,0.3747339391353406,0.008576352122516,0.050264045191857,0.011947795188922,0.026846366621569882,0.07368172376214413,4.206972449482722,0.42843567381536796,0.012920082892471,0.4031123113461249,0.4537590362846112,33.160443116432035,0.027180211308301002,0.000720254509025,0.025768512470612,0.02859191014599,37.736954045744966
2011-01-04,0.929,1.0438666666666718,0.8899604036275341,2.935875000000016,0.0,0.38042674905240736,0.008566953252181998,0.050323707580690005,0.011939828110722,0.026921644483674883,0.07372577067770512,4.214776554069339,0.42826741745529895,0.012899189911078,0.4029850052295861,0.4535498296810118,33.201109558632695,0.027176093404152002,0.0007201208462049999,0.0257646565455902,0.0285875302627138,37.73824011257853
2011-01-05,0.9690000000000001,1.0397666666666718,0.9319398583015372,2.9243437500000162,0.0,0.4025040873543373,0.008502678276321,0.05076449670467599,0.011947606399155,0.02734718816233219,0.07418180524701977,4.248926103580575,0.428474511653072,0.012803693239171002,0.4033792729042968,0.4535697504018472,33.46491544660035,0.027198841587026998,0.0007207420815429999,0.025786187107202718,0.02861149606685128,37.73727423933288
2011-01-06,0.9620000000000001,1.0358000000000056,0.9287507240780024,2.9131875000000163,0.0,0.4008096809532001,0.008508276698403,0.05073988273121,0.011947158914103001,0.027323451259568126,0.07415631420285188,4.24702501205668,0.428402540776097,0.012808623956124999,0.4032976378220921,0.45350744373010204,33.446414091284964,0.027198912931442998,0.000720741327664,0.02578625992922156,0.028611565933664443,37.73741269923711
2011-01-07,1.051,1.035266666666672,1.0151973726576031,2.911687500000016,0.0,0.44778676692834907,0.008489776330369,0.051213775409998996,0.012008349382493998,0.027677410620310768,0.07475014019968723,4.2648472141107865,0.429565362757986,0.012785526004918998,0.4045057317883448,0.4546249937276273,33.59778569866557,0.027332927161712005,0.000724470512707,0.025912964956806284,0.028752889366617726,37.728143081453396
2011-01-10,1.053,1.0347000000000053,1.01768628587996,2.910093750000015,0.0,0.4491725314103764,0.008483805154794001,0.051256123020824995,0.012006213756405001,0.027723944058271204,0.0747883019833788,4.269132972372983,0.42939668571704404,0.01276808103104,0.4043712468962056,0.4544221245378824,33.63047937064077,0.02732924029081,0.0007243659266539999,0.025909483074568158,0.028748997507051836,37.7285005895286
2011-01-11,1.063,1.0348000000000055,1.0272516428295269,2.910375000000016,0.0,0.4545162263076729,0.008495645333616,0.051163433677370994,0.012006132145032,0.027631414673108274,0.07469545268163373,4.261441824838008,0.4296128279165611,0.012798238453433001,0.4045282805478324,0.4546973752852898,33.568121853623445,0.027330441308977004,0.0007243990040710001,0.025910619260997844,0.028750263356956164,37.728435786621866
2011-01-12,1.119,1.0366333333333388,1.0794559310588707,2.9155312500000155,0.0,0.484194327841029,0.008586029764998,0.050636821885748,0.012019221497277001,0.027079147751085084,0.07419449602041092,4.212986830904178,0.43075199669479997,0.012987324977873001,0.4052968397381689,0.4562071536514311,33.167106962265024,0.027369890523005,0.0007254882626310001,0.02594793352824824,0.028791847517761763,37.726165856536696
2011-01-13,1.2,1.0434000000000057,1.150086256469229,2.934562500000016,0.0,0.5258031589191801,0.008797639387838,0.049545715725438,0.012040699281271001,0.02594594513414684,0.07314548631672915,4.114853678183353,0.4322308096669821,0.013369274012138001,0.4060270326031916,0.4584345867307725,32.33016312438176,0.027451999817965,0.000727742118135,0.0260256252664204,0.0288783743695096,37.72215340281508
2011-01-14,1.286,1.0539000000000056,1.2202296233039125,2.964093750000016,0.0,0.5689128599205163,0.009141552805349002,0.047821926120694996,0.012044316878953002,0.02421506503794712,0.07142878720344288,3.970497173173962,0.433514471523313,0.013946936122366999,0.4061784767234737,0.4608504663231524,31.083133078100747,0.027533112779238998,0.000729925083213,0.026102459616141518,0.028963765942336482,37.72046393862917
2011-01-17,1.287,1.0654333333333392,1.2079592028282635,2.9965312500000167,0.0,0.5612361595663313,0.009129280458157,0.047818568272882,0.011999029400007001,0.024300470648868283,0.07133666589689573,3.985203025909156,0.43383937432676295,0.013952829729123995,0.4064918280576799,0.46118692059584604,31.09328951540191,0.027523967552767,0.000729544320779,0.02609406068404016,0.028953874421493837,37.72761540157247
2011-01-18,1.3530000000000002,1.0778000000000059,1.2553349415475905,3.0313125000000163,0.0,0.5912068697306632,0.009447524519243,0.046179668113282016,0.011967950708771002,0.022722484724090854,0.06963685150247317,3.8586111554952485,0.43518166838632,0.014529851587607001,0.4067031592746103,0.4636601774980298,29.950868098163706,0.027558127787054,0.000730376561539,0.026126589726437558,0.02898966584767044,37.73139670443192
2011-01-19,1.314,1.0864666666666725,1.2094250475547583,3.0556875000000163,0.0,0.5621501373884641,0.009259211303595,0.047335230471506,0.011936452193018,0.023939784173190717,0.07073067676982127,3.965602987057858,0.43421037285110703,0.014132995494208999,0.40650970168245737,0.4619110440197567,30.723166439062535,0.02759048522345,0.0007311257081989999,0.02615747883537996,0.029023491611520038,37.73699230382326
2011-01-20,1.3840000000000001,1.0964000000000058,1.2623130244436271,3.0836250000000165,0.0,0.5956982144833148,0.009619128618265999,0.045555944958702,0.01190915613597,0.0222139989322008,0.0688978909852032,3.8252874039585065,0.435668088559997,0.014779234155375,0.4067007896154621,0.46463538750453204,29.478394075078892,0.027634287175273997,0.000732226850519,0.026199122548256758,0.029069451802291237,37.74006259903008
2011-01-21,1.419,1.1058000000000057,1.283233857840471,3.110062500000016,0.0,0.6092857928403304,0.009826164768101,0.044463262466110993,0.011848432146203998,0.02124033545955116,0.06768618947267083,3.7526705573746018,0.43680423119841705,0.015196393053178997,0.4070193008141862,0.4665891615826479,28.743941385949245,0.02762905926008,0.0007319178599210001,0.02619450025463484,0.029063618265525164,37.74885239588628
2011-01-24,1.4040000000000001,1.115333333333339,1.2588164973102147,3.1368750000000163,0.0,0.5934452025506537,0.009765225768554,0.04476737211210298,0.011782106541191998,0.021674443291366672,0.0678603009328393,3.7996067982911415,0.4358613112358111,0.015014922495458997,0.4064320631447115,0.4652905593269108,29.02854219644716,0.027607437728081,0.0007311432609489997,0.02617439693662096,0.029040478519541037,37.75927263866957
2011-01-25,1.42,1.1250000000000058,1.2622222222222157,3.1640625000000164,0.0,0.5956396411863021,0.009862382316208,0.04429443999970902,0.011728013442145002,0.021307533653104813,0.06728134634631322,3.7768067216339616,0.43604322714951294,0.015174175414896999,0.4063018433363148,0.4657846109627111,28.73587626524003,0.02760325471326,0.000730878413075,0.026170733023632996,0.029035776402886997,37.767232168084725
2011-01-26,1.474,1.1369000000000056,1.2965080482012423,3.1975312500000155,0.0,0.6180037891643204,0.01019533967266,0.042775010875812015,0.011676587413853004,0.019888899544660128,0.0656611222069639,3.6633144051201407,0.437257868593026,0.015784627023582,0.4063199996268053,0.4681957375592467,27.70150146340348,0.027618159058957998,0.0007311378379239999,0.02618512889662696,0.029051189221289037,37.77421660652656
2011-01-27,1.5290000000000001,1.1500000000000057,1.3295652173912975,3.234375000000016,0.0,0.6400506820047918,0.010579079959809,0.041111410037153,0.011611284447253,0.018353292520537117,0.06386952755376887,3.540642744901359,0.43874072925799196,0.016514837130898997,0.40637164848143,0.4711098100345541,26.566458135824984,0.02762734226973,0.000731206545627,0.026194177440301083,0.02906050709915892,37.783226141740535
2011-01-28,1.525,1.1632000000000058,1.3110385144429095,3.271500000000016,0.0,0.6276348100629023,0.010506478558149,0.041346232928605,0.011537601385184998,0.018732534213642404,0.0639599316435676,3.5836073329500002,0.439023851400876,0.016419921144401,0.4068408059578501,0.47120689684390205,26.73726917078237,0.027619805509567996,0.000730787530454,0.02618746194987816,0.02905214906925784,37.794576889405214
2011-01-31,1.537,1.1773666666666722,1.3054556779253073,3.311343750000016,0.0,0.6239234375192712,0.010586800572076,0.040944875416622006,0.011450410482036,0.018502070871831446,0.06338767996141256,3.5758434582637917,0.438288254458182,0.016485129210246998,0.4059774012060979,0.4705991077102661,26.58688620928391,0.027567161777724,0.000729145261049,0.02613803706606796,0.028996286489380036,37.80750318262985
2011-02-01,1.5330000000000001,1.1912666666666722,1.2868655212938551,3.3504375000000155,0.0,0.6116633923860496,0.010513040983045,0.041275546081567,0.011389273431876002,0.01895257015509004,0.06359852200804396,3.624071924206112,0.437611741542158,0.016295851597086,0.4056718724118694,0.4695516106724466,26.854180583015307,0.027560371748604002,0.000728786980691,0.02613194926644964,0.028988794230758362,37.81677291004415
2011-02-02,1.5959999999999999,1.2097666666666724,1.3192626677320631,3.402468750000016,0.0,0.6331272982659363,0.010857110220114,0.039921152814257996,0.011334707119871001,0.017705126859310843,0.06213717876920516,3.5220277323508085,0.438402821214385,0.016893931602735997,0.4052907152730225,0.4715149271557476,25.95031349265024,0.027569273777919,0.000728878415557,0.026140672083427283,0.028997875472410718,37.82424227345609
2011-02-03,1.482,1.2249000000000057,1.2098946852804255,3.445031250000016,0.0,0.5624431408634751,0.010157786564256,0.043571628779482,0.011379995025011,0.02126683853046044,0.06587641902850358,3.8287915490049236,0.43599805189771296,0.015460964600779,0.4056945612801861,0.4663015425152398,28.199925629203246,0.027782652640871,0.000734613678122,0.02634280983175188,0.02922249544999012,37.81940558456638
2011-02-04,1.557,1.2425000000000057,1.253118712273636,3.494531250000016,0.0,0.58978463537163,0.01046746122852,0.042262238783541,0.011357172780183,0.02000218013438232,0.06452229743269967,3.7211936105509733,0.437132129661408,0.016010748232683003,0.40575106312534936,0.4685131961974667,27.302417307960173,0.027812068492517,0.000735339790242,0.026370802503642682,0.029253334481391318,37.822063842589905
2011-02-07,1.5119999999999998,1.2586666666666724,1.2012711864406724,3.540000000000016,0.0,0.5570766414167427,0.010158723507516,0.043784771578334,0.011335170594652,0.02156783721281608,0.06600170594385192,3.862736004960794,0.4354900198631521,0.015382525908465,0.4053402690825607,0.4656397706437435,28.31069633521715,0.027835576047038,0.0007358818069760001,0.026393247705365042,0.029277904388710963,37.826150589872476
2011-02-08,1.578,1.278433333333339,1.2343232602403928,3.5955937500000164,0.0,0.5778035489961404,0.010395962561352,0.042741995729391,0.011314066702518,0.020566424992455718,0.06491756646632628,3.777774769515866,0.43643210130702703,0.015808314940832,0.4054478040229963,0.4674163985910578,27.60775597782127,0.027851467997982004,0.000736250926382,0.026408416182273284,0.029294519813690724,37.828771414704775
2011-02-09,1.6030000000000002,1.2992333333333392,1.2338045514021034,3.654093750000017,0.0,0.5774749269854867,0.010475356101105998,0.042355561090794004,0.011278500941186001,0.020249699246069442,0.06446142293551856,3.7554247068530042,0.43687575491745395,0.015966700716624,0.40558102151287095,0.468170488322037,27.36167995324057,0.027845087360021,0.000735982867226,0.02640256094025804,0.029287613779783964,37.8338798360536
2011-02-10,1.609,1.3209666666666726,1.2180473895379589,3.715218750000017,0.0,0.5675432811301055,0.010419693651410999,0.042622481712141,0.011248453389261998,0.02057551306918749,0.06466945035509453,3.789185965141654,0.436513529659859,0.015845182025272,0.4054569728903259,0.4675700864293921,27.54865983638808,0.027846825414663996,0.0007359412050049999,0.0264043806528542,0.0292892701764738,37.83838331821366
2011-02-11,1.587,1.3418666666666723,1.182680842607308,3.7740000000000173,0.0,0.5456047052517246,0.010301508602649999,0.043205962648272,0.011231665308081002,0.02119189864443324,0.06522002665211077,3.846799335908565,0.436128261955726,0.015619856998236,0.40551334223918345,0.4667431816722686,27.921399152692505,0.027865020616729,0.0007363666814989999,0.02642174192099096,0.029308299312467038,37.84122953527519
2011-02-14,1.5930000000000002,1.3642666666666727,1.167660281469893,3.837000000000017,0.0,0.5364308236043626,0.010243749731261,0.043493700844068,0.011213126023044,0.021515973838901758,0.06547142784923424,3.878820299948936,0.435681835128562,0.015494000767939,0.4053135936234016,0.4660500766337224,28.119389023788372,0.027864893246817003,0.000736307528533,0.026421730490892324,0.02930805600274168,37.844096613189336
2011-02-15,1.599,1.3866000000000058,1.1531804413673683,3.899812500000016,0.0,0.5276661536340495,0.0101839425742,0.043793578784516,0.011199157676603,0.021843229738374118,0.06574392783065787,3.910435056737315,0.435242060910881,0.015367669636754,0.4051214284228432,0.4653626933989189,28.321929817513162,0.027864972194025,0.0007362675451679999,0.02642188780549572,0.02930805658255428,37.84625898142047
2011-02-16,1.5659999999999998,1.4065000000000059,1.1134020618556653,3.9557812500000167,0.0,0.5039762819204129,0.010102066089395,0.044249532844587006,0.011198425435227,0.022300618991542086,0.06619844669763192,3.9514066598496966,0.4348921697582001,0.015205525724908001,0.4050893393373805,0.4646950001790198,28.600929532202965,0.027885615674811,0.0007368053619460001,0.02644147716539684,0.029329754184225162,37.84665138859374
2011-02-17,1.5,1.4244333333333392,1.0530503358060472,4.006218750000016,0.0,0.4690726981773301,0.009987792779223,0.045052429343915006,0.011220869221764,0.02305952566925757,0.06704533301857245,4.015056984759496,0.4339508641778671,0.014933068028201999,0.4046820508425912,0.46321967751314297,29.059725928946186,0.027947575830834,0.0007384973366699999,0.0265001210509608,0.029395030610707206,37.84384105821271
2011-02-18,1.5430000000000001,1.4408333333333392,1.070908039329088,4.052343750000016,0.0,0.4792741526624132,0.009985320459441,0.04506324225295599,0.011220500904292,0.02307106048054366,0.06705542402536831,4.016152454986903,0.4339261263142349,0.01492815685819,0.4046669388721825,0.4631853137562873,29.0676290741252,0.027946673220930997,0.000738474018702,0.02649926414427508,0.02939408229758692,37.843813747245726
2011-02-21,1.525,1.4565666666666723,1.0469826303865213,4.096593750000016,0.0,0.4656299928389186,0.009959709103814001,0.045237721829299006,0.011225084914613001,0.023236555396657532,0.06723888826194048,4.030056090748043,0.433640533791709,0.014865818708499,0.40450352912305104,0.4627775384603671,29.17030957358605,0.027955587315444997,0.0007387205870580001,0.02650769496481132,0.02940347966607868,37.84324926801461
2011-02-22,1.567,1.4733666666666725,1.0635505984027471,4.143843750000015,0.0,0.4750585018169237,0.01000726912839,0.044968683279719,0.011225452408967,0.02296679655814368,0.06697057000129432,4.0059573228244885,0.4341816487199221,0.014973736859716999,0.4048331244748768,0.4635301729649674,28.99621202025884,0.027956229869483,0.0007387421807239999,0.02650829519526396,0.029404164543702038,37.8430128926376
2011-02-23,1.588,1.4890000000000057,1.066487575554059,4.187812500000016,0.0,0.4767391941900265,0.010028877536679002,0.044838644542387,0.011222526631535001,0.022842492344578403,0.0668347967401956,3.9954144030625898,0.434437065459508,0.015024904484975,0.40498825266895705,0.46388587825005895,28.914464374395948,0.027954120520202998,0.0007386798440039999,0.02650630802595516,0.029401933014450838,37.843350874002304
2011-02-24,1.58,1.5016666666666725,1.0521642619311835,4.223437500000015,0.0,0.4685692164065313,0.010024079888393,0.044853461339792004,0.011219764773857999,0.022862722383030318,0.06684420029655368,3.9977185122723533,0.43447586529663,0.015020490058551,0.4050357047818701,0.46391602581139,28.925545278682666,0.027953298698404,0.0007386482171779999,0.02650554819273512,0.029401049204072882,37.843858616780146
2011-02-25,1.588,1.5117333333333391,1.0504498147821446,4.251750000000016,0.0,0.4675957584596938,0.010023336059861,0.044860491307434004,0.011217627480322,0.022873941446002882,0.06684704116886511,3.9991068865610377,0.434436426046637,0.01501623263482,0.4050046100823898,0.4638682420108842,28.931119849545105,0.027953183171083,0.0007386393497310003,0.02650545004561024,0.029400916296555762,37.84415653089499
2011-02-28,1.567,1.5210666666666723,1.0301981065918615,4.2780000000000165,0.0,0.4561680401436834,0.009984402540653,0.04510602551337901,0.011217864086498,0.023119011903842933,0.06709303912291509,4.020910323531997,0.43381548255106,0.014913758246665,0.4045845163875966,0.4630464487145234,29.088273752061852,0.027955086546565002,0.0007386887250310001,0.02650725664550424,0.029402916447625764,37.84420365344713
2011-03-01,1.575,1.5284666666666724,1.0304444541370397,4.298812500000016,0.0,0.4563062684497764,0.009956740111706998,0.045245779471949,0.011216930291226999,0.02326059610114408,0.06723096284275393,4.033704257513054,0.43348970154461497,0.014853989951042,0.4043758812405727,0.4626035218486573,29.183384597228642,0.027949047435568,0.000738525175938,0.02650153809072952,0.02939655678040648,37.844407132162644
2011-03-02,1.581,1.5373666666666723,1.028381865093988,4.323843750000016,0.0,0.4551495164473901,0.009907302754442,0.045489647089574,0.011216951292351002,0.02350442255656604,0.06747487162258196,4.055437694607209,0.433037479480525,0.014755940864553002,0.4041158353860012,0.4619591235750489,29.346653219571127,0.027940021753744,0.0007382834417899999,0.0264929862078356,0.0293870572996524,37.84457319807397
2011-03-03,1.807,1.5514666666666723,1.1647043657614256,4.363500000000016,0.0,0.5346353520833096,0.010150684401118,0.045170372498673,0.011340308183553999,0.02294336845890716,0.06739737653843884,3.9831697487885735,0.4348014891314809,0.015080230875784997,0.4052442366149424,0.4643587416480195,28.83254856725453,0.028239045011605002,0.000746549752457,0.026775807496789282,0.02970228252642072,37.82607243342012
2011-03-04,1.787,1.5637333333333392,1.1427779672578402,4.3980000000000175,0.0,0.5214166024155751,0.010150782859019002,0.045147699348806004,0.011330246525908002,0.02294041615802632,0.06735498253958568,3.9847058266181534,0.4349000156964221,0.015088726640726998,0.4053261114805972,0.464473919912247,28.82284410419036,0.028235292317052005,0.000746421370881,0.026772306430125244,0.02969827820397877,37.827550789051216
2011-03-07,1.7830000000000001,1.5763666666666725,1.1310820240637711,4.433531250000017,0.0,0.5144362968157978,0.010081890443535,0.045496417583793004,0.011323117369898002,0.02330310753879292,0.06768972762879309,4.018011656820094,0.43443275307805,0.014953723171363,0.40512345566217856,0.4637420504939215,29.051811919990147,0.028232599246015,0.00074632573391,0.0267698008075514,0.0296953976844786,37.82878971372103
2011-03-08,1.7819999999999998,1.5884333333333391,1.1218601137389002,4.467468750000017,0.0,0.5089666793344283,0.010103850867116999,0.045366077827974007,0.011317033523893,0.023184692121143727,0.06754746353480429,4.008654541156382,0.43460262585477705,0.015000182161937,0.4052022688173805,0.4640029828921736,28.973156536564225,0.028228334111141007,0.0007461962321389999,0.02676578949614857,0.029690878726133445,37.82963903505283
2011-03-09,1.7630000000000001,1.5980666666666723,1.1032080430520177,4.494562500000017,0.0,0.4979945430269291,0.01006557502635,0.045583177045385996,0.011315846201817,0.023404118489824682,0.06776223560094732,4.028260567739632,0.434348942660693,0.014922188150665,0.4051014538853896,0.4635964314359965,29.107590540689834,0.028233906409573996,0.000746337970781,0.02677108398684324,0.029696728832304762,37.82992091376991
2011-03-10,1.733,1.6048666666666722,1.079840485190874,4.5136875000000165,0.0,0.4844162476470879,0.010038885314051,0.04574685588035,0.011317267515190002,0.023565011550577598,0.0679287002101224,4.042217418555138,0.434156654728735,0.014865535787869,0.40502020458451177,0.4632931048729582,29.20558403841909,0.028240774217153996,0.0007465217463789999,0.02677759159425116,0.029703956840056837,37.82980784438294
2011-03-11,1.682,1.6101000000000056,1.044655611452701,4.528406250000017,0.0,0.4643128227162266,0.010003574813203001,0.046008536672109,0.011325481586780001,0.0238105927620202,0.0682064805821978,4.062391194544483,0.433776245042675,0.014777906258403996,0.4048115487762031,0.4627409413091469,29.35302453931821,0.028259189428511,0.000747031004847,0.026795008659010883,0.02972337019801112,37.82867008885747
2011-03-14,1.6640000000000001,1.6143333333333392,1.0307660540986956,4.540312500000017,0.0,0.4564867504694199,0.010020354056775,0.04588886528303402,0.01132339853173,0.02369500416084321,0.06808272640522481,4.052570008416259,0.4339529849023061,0.014818612893397,0.404908503631248,0.4629974661733642,29.284318851169754,0.028251826375182,0.000746831188992,0.02678803724475768,0.029715615505606318,37.82893214904809
2011-03-15,1.561,1.6152666666666724,0.9664038961574938,4.542937500000017,0.0,0.42100057221857695,0.010010909546095,0.046267837871321,0.011354273217004,0.02401346236599316,0.06852221337664884,4.0749272971547255,0.432963117478325,0.014703138628667,0.4041449657661377,0.4617812691905123,29.44698600842727,0.028322515155348,0.0007487879667630001,0.026854890740492517,0.029790139570203482,37.82447957569092
2011-03-16,1.507,1.6123000000000056,0.9346895739006356,4.534593750000017,0.0,0.4039673364087417,0.010043824750784,0.046220171287196,0.011362712059295,0.0239492556509778,0.0684910869234142,4.067705935519598,0.43250298808883103,0.014714450606232,0.4036626649006163,0.4613433112770458,29.393077571354503,0.028339350349507006,0.0007492590294670001,0.026870802651751687,0.029807898047262325,37.82316827023479
2011-03-17,1.599,1.6162000000000056,0.9893577527533688,4.545562500000017,0.0,0.4335122456698875,0.009992472642325001,0.04655382517411799,0.0113845415674,0.02424012370201399,0.06886752664622199,4.089213860611461,0.433073093375636,0.014651047520144,0.40435704023615376,0.4617891465151182,29.5591897289395,0.028387344372755,0.0007505882695880001,0.02691619136436252,0.029858497381147483,37.820127922269904
2011-03-18,1.661,1.619666666666672,1.025519654249842,4.555312500000015,0.0,0.4535465298747508,0.010005736583839001,0.046503848273609004,0.011395791379812002,0.02416809716917748,0.06883959937804053,4.080791471489232,0.433648062839438,0.014696983482123997,0.40484197521447496,0.4624541504644011,29.505922992081672,0.028409767536979002,0.000751214289005,0.0269373875305292,0.0298821475434288,37.818459995774056
2011-03-21,1.75,1.6276000000000057,1.0752027525190428,4.577625000000015,0.0,0.4817431679800717,0.010091380936566,0.046106439623202,0.011409050029062999,0.023744701566238518,0.06846817768016547,4.041216359447102,0.434774458686163,0.014882127784713997,0.4056054882281235,0.4639434291442025,29.21453605127294,0.028445796639952007,0.000752209102811,0.026971466798442447,0.02992012648146157,37.81634193689085
2011-03-22,1.715,1.6321666666666723,1.0507505360972087,4.590468750000016,0.0,0.4677664386037076,0.010055971001724002,0.046343291938857,0.011409900270895001,0.0239798874079028,0.0687066964698112,4.061673707795162,0.434379582846848,0.014796184146536003,0.4053790619196375,0.4633801037740586,29.357541008202467,0.028455757021686998,0.000752474117597,0.02698090775119688,0.029930606292177118,37.816260195836136
2011-03-23,1.712,1.6358000000000057,1.0465827118229576,4.600687500000016,0.0,0.4654035021324341,0.010064769199066998,0.04624487669089298,0.011404278545023998,0.02389249074264595,0.06859726263914002,4.055046227458993,0.43468573806226396,0.014834273073978999,0.4056105628372652,0.4637609132872629,29.30280006943853,0.028447978715209998,0.0007522519085430001,0.02697356497446572,0.02992239245595428,37.81709078055693
2011-03-24,1.716,1.6393666666666722,1.0467456944755054,4.610718750000015,0.0,0.4654957998720962,0.010070232556848,0.046198953081314005,0.011400981122917,0.023853030080396683,0.06854487608223132,4.052190998584419,0.4348468576071369,0.01485368584668,0.4057336333476441,0.4639600818666298,29.275350380749803,0.028446836768628997,0.0007522131562239999,0.026972498982429958,0.029921174554828036,37.81752091578924
2011-03-25,1.756,1.6450000000000056,1.0674772036474127,4.626562500000016,0.0,0.4773061481491082,0.010102122615899,0.04604800804071201,0.011398616678301,0.02370671935124205,0.06838929673018197,4.039789155149909,0.4349908426383389,0.014908597776472,0.4057699909964538,0.464211694280224,29.177180118495663,0.028449968812154,0.000752289573315,0.0269754812484566,0.0299244563758514,37.81784278464276
2011-03-28,1.761,1.6506000000000054,1.066884769174842,4.642312500000015,0.0,0.4769667062054596,0.010092894077239999,0.04609889251834502,0.011391706468851999,0.02377114783939509,0.06842663719729494,4.046706491638642,0.434680099638045,0.014875919255748,0.4055232978967789,0.4638369013793111,29.22038579028136,0.028442513858149,0.0007520737870630001,0.02696844923550552,0.02991657848079248,37.81878101248217
2011-03-29,1.8030000000000002,1.6574000000000055,1.087848437311448,4.661437500000017,0.0,0.4890487300947948,0.010115584797995,0.045990932435796,0.011388039275795,0.023670375455237803,0.0683114894163542,4.038529488877853,0.434721985941876,0.014911787908198996,0.405494881641806,0.4639490902419461,29.152908331190638,0.028442476182823997,0.0007520610358230001,0.026968436552610917,0.02991651581303708,37.81937213604663
2011-03-30,1.775,1.664366666666672,1.066471730988761,4.681031250000015,0.0,0.4767301195161099,0.010052587274986001,0.046354666877302005,0.011387304681830001,0.024035549700915204,0.0686737840536888,4.070732115499365,0.434102327164248,0.014774225884828001,0.4051448444299851,0.4630598098985109,29.382407616363977,0.028445378111705007,0.0007521323012539999,0.026971198801247168,0.02991955742216285,37.819646974702174
2011-03-31,1.8119999999999998,1.6747666666666718,1.0819417630316626,4.710281250000015,0.0,0.4856297307424327,0.010095701951989,0.04612367559000402,0.011387317172939,0.02380453393104357,0.06844281724896445,4.050442688960375,0.43450218095965604,0.014863553957536997,0.40536961520288345,0.4636347467164285,29.232724703725392,0.028448291594311,0.0007522121195760001,0.02697395583994204,0.029922627348679964,37.81950709639917
2011-04-01,1.8330000000000002,1.6844333333333386,1.08819979023608,4.737468750000015,0.0,0.4892524748549587,0.010101215552428001,0.046097008451425,0.011384620924411002,0.02378315143957944,0.06841086546327058,4.04905958287838,0.4345056738051871,0.014871753971268,0.40535703602150186,0.4636543115888724,29.21684117721812,0.028447945806171,0.000752194990086,0.02697364362560244,0.029922247986739564,37.81990864219074
2011-04-04,1.825,1.6944333333333388,1.0770562429917538,4.765593750000015,0.0,0.4828106191066096,0.010097175993797,0.046118423641142985,0.011382489410079999,0.023808744397386183,0.06842810288489977,4.051699235520728,0.43449208368986897,0.014864337411379996,0.4053579823635642,0.4636261850161738,29.23050464107705,0.028448417963137008,0.000752201777577,0.026974102479086087,0.029922733447187932,37.82019507423661
2011-04-05,1.851,1.7039000000000053,1.0863313574740268,4.792218750000015,0.0,0.4881694725009824,0.010080546246836,0.046193566411339995,0.011378118809126,0.02389245354545304,0.06849467927722698,4.05985973483506,0.434292837969545,0.014829417850631,0.4052271789823082,0.4633584969567818,29.285899307980532,0.028441605572218996,0.000752007078388,0.02696767169857852,0.029915539445859483,37.82092800665285
2011-04-06,1.8330000000000002,1.712066666666672,1.0706358786651575,4.815187500000015,0.0,0.4791178936724464,0.010023668541503,0.046511238248419996,0.011379570367551002,0.02420728032802004,0.06881519616881998,4.087257844201727,0.433820095544497,0.014713190734158,0.40498224170554736,0.4626579493834467,29.48511328255465,0.028443113081156,0.000752047466327,0.02696910004715508,0.029917126115156917,37.82090141207888
2011-04-07,1.8259999999999998,1.720266666666672,1.0614633390172032,4.838250000000015,0.0,0.473865777277073,0.010014100313308,0.04656973428376099,0.011382785904951,0.024259473910057026,0.06887999465746494,4.091242220720783,0.433727038216865,0.014692608018131,0.40492952650132813,0.4625245499324017,29.520085044236627,0.028444355161541,0.0007520902347989999,0.02697025830133496,0.029918452021747036,37.820402187694434
2011-04-08,1.895,1.7305000000000057,1.0950592314359977,4.867031250000015,0.0,0.4932385100187207,0.010090482230741,0.046207250221561,0.011391027276379998,0.0238808367598562,0.0685336636832658,4.056460326223046,0.434386150857156,0.014839863726993,0.4053000179522497,0.4634722837620623,29.271572761616678,0.028462890643729,0.000752608847612,0.02698777730240948,0.02993800398504852,37.81896895586189
2011-04-11,1.8940000000000001,1.7414000000000054,1.0876306420121709,4.897687500000015,0.0,0.4889224544150267,0.010097844056597001,0.046161656353778,0.011388484717757,0.023840226306974282,0.06848308640058172,4.053362453198224,0.43445945666538105,0.014856218389575003,0.40534126862181397,0.4635776447089481,29.24428311919927,0.028461621876314,0.000752568257632,0.02698658809135528,0.02993665566127272,37.81932281583064
2011-04-12,1.834,1.7500333333333389,1.0479800384754543,4.921968750000015,0.0,0.4661950906109322,0.010034071220866999,0.04660850941207,0.011399433120898002,0.02426562049510992,0.06895139832903008,4.088669052027395,0.43383372427428,0.014706306723545,0.40500936309613184,0.4626580854524282,29.49984196778081,0.028488058129047998,0.000753295164672,0.027011599606290883,0.02996451665180512,37.81792246265259
2011-04-13,1.854,1.7591333333333383,1.0539280706408427,4.9475625000000125,0.0,0.4695716916199039,0.009999603291504998,0.046776334556995994,0.011399693284283,0.02443293571980132,0.06911973339419067,4.103297640603099,0.43357912715590796,0.014642528883711,0.4048797705438345,0.4622784837679816,29.61094566378048,0.028481880369571,0.000753130192447,0.02700574519237488,0.02995801554676712,37.818003653568994
2011-04-14,1.861,1.7609333333333383,1.056825925645488,4.9526250000000145,0.0,0.4712208964043156,0.010016248048022,0.046677555830129,0.011402381627302,0.024328887840617083,0.06902622381964092,4.093667214081087,0.433746569663556,0.014678712119030999,0.4049762939102553,0.4625168454168568,29.549361425324893,0.028480959178282996,0.0007531141338099999,0.0270048554760154,0.0299570628805506,37.817586869858935
2011-04-15,1.864,1.7635000000000047,1.0569889424440004,4.9598437500000125,0.0,0.4713137521168487,0.010040419475703001,0.046528034259447,0.011402421042327,0.024179289016486083,0.06887677950240792,4.08053992101576,0.4339824545300751,0.014731959163359,0.4051078145698915,0.4628570944902588,29.458570290464696,0.028477336205807998,0.0007530195950900001,0.0270014177994316,0.0299532546121844,37.81752346353562
2011-04-18,1.778,1.7633333333333383,1.0083175803402618,4.959375000000014,0.0,0.4439662314570337,0.009958831552445998,0.047142601423467996,0.011420422809556999,0.02475857271673628,0.06952663013019973,4.1279208493067525,0.43288819637104997,0.014524229562546,0.40442070642845984,0.4613556863136402,29.804554830732823,0.028512075542218,0.000753987035553,0.02703426095253412,0.02998989013190188,37.81507399699372
2011-04-19,1.817,1.7645000000000048,1.0297534712383078,4.9626562500000135,0.0,0.4559185987318395,0.009985382656278,0.046986146133906,0.011427899017893995,0.024587464058833768,0.06938482820897822,4.111529692407635,0.43336148852325795,0.014590486190851999,0.4047641355891881,0.4619588414573279,29.701648242192412,0.028518220430737998,0.00075417302117,0.0270400413092448,0.0299963995522312,37.81389632115347
2011-04-20,1.845,1.7672333333333383,1.0440047531923693,4.970343750000014,0.0,0.4639447255678793,0.009847961884563,0.047538591546687,0.011411445453082,0.02517215845864628,0.06990502463472772,4.165869410859483,0.43256086498301,0.014369332313870999,0.4043969736478229,0.4607247563181972,30.103059455688506,0.028460986082996007,0.0007526050424520001,0.026985880199790088,0.029936091966201926,37.816629543522794
2011-04-21,1.771,1.7685000000000053,1.0014136273678227,4.973906250000015,0.0,0.4401468964301771,0.009805344356548,0.047927701034197995,0.011436816164723996,0.025511541351338967,0.07034386071705702,4.19065064471607,0.431856352315438,0.014250625230389996,0.4039251268638736,0.4597875777670024,30.30437930502156,0.028492094473253998,0.000753498254751,0.02701523789394204,0.029968951052565963,37.8130862196502
2011-04-22,1.771,1.7714666666666719,0.9997365648050552,4.982250000000015,0.0,0.4392213267893652,0.00975448382935,0.048205450504965,0.011450799234512,0.02576188400532148,0.07064901700460853,4.209789161238311,0.431578072121463,0.014162092919498001,0.4038203699992469,0.4593357742436791,30.474173173039045,0.028491144838106008,0.00075351125738,0.02701426277364121,0.029968026902570805,37.81117343512928
2011-04-25,1.771,1.7750333333333386,0.9977277422020214,4.992281250000015,0.0,0.4381137854839788,0.009788201654568,0.048002432048243,0.011462341419711001,0.02553624286560944,0.07046862123087655,4.187838268863445,0.43175579605962394,0.014224671186697,0.4038754405336979,0.4596361515855501,30.352602910315948,0.028486045171872997,0.000753414451437,0.02700935284705648,0.02996273749668952,37.80926303913138
2011-04-26,1.756,1.7815333333333383,0.9856677768214618,5.010562500000015,0.0,0.4314903262187209,0.009811227841268,0.047888681521571996,0.011472950859598999,0.02540169783675796,0.07037566520638605,4.174050957561986,0.431735405763501,0.014258276377349,0.40378918406389697,0.459681627463105,30.279635093157463,0.028485047580644,0.000753421418958,0.02700834159948632,0.029961753561801682,37.807589303779146
2011-04-27,1.81,1.7916333333333383,1.0102513535135509,5.038968750000015,0.0,0.4450386342414758,0.009819266400952,0.04783725467103599,0.011486278943181001,0.025324147942401228,0.07035036139967074,4.164730362867791,0.4321524566229871,0.014290561867965,0.40414295536177575,0.4601619578841985,30.24041046221933,0.028495162247359998,0.0007537290929910001,0.02701785322509764,0.029972471269622363,37.8055756535843
2011-04-28,1.7719999999999998,1.7974000000000054,0.9858684766885468,5.055187500000017,0.0,0.4316001944868703,0.009794320415418,0.048048928174844005,0.011499445281814,0.025510015422488562,0.07058784092719944,4.17836921671614,0.431655583431392,0.014220272263121,0.4037838497956748,0.4595273170671091,30.354945070275264,0.028505435670847,0.0007540382635850001,0.0270275206742204,0.0299833506674736,37.803699158883106
2011-04-29,1.7730000000000001,1.8011333333333388,0.9843802050560728,5.065687500000015,0.0,0.4307857633066671,0.009768440348246,0.048197491936388,0.011509361596452,0.02563914320734208,0.07075584066543393,4.187677268845594,0.4314693322936501,0.014172573643386999,0.4036910879526116,0.4592475766346886,30.44396474136396,0.028505574360511002,0.0007540709447910001,0.02702759530872064,0.029983553412301363,37.80224467924732
2011-05-02,1.81,1.8031333333333388,1.0038081857507273,5.071312500000015,0.0,0.4414699381242104,0.009793937543845,0.048028247146394996,0.011519359020521999,0.025450303466171883,0.07060619082661812,4.169350660989892,0.4319448528877729,0.014237270931755,0.4040398018615331,0.4598499039140127,30.33902037534111,0.028508290838912008,0.0007541727214639999,0.02703011230484257,0.02998646937298145,37.80074514437685
2011-05-03,1.874,1.8084333333333389,1.0362560595727397,5.086218750000016,0.0,0.4595727785485574,0.009829275004774998,0.047840138523317,0.01153204565824,0.0252373290331666,0.0704429480134674,4.148452056217357,0.4325777095389339,0.014320443203658,0.4045096408597642,0.4606457782181035,30.207005704156238,0.028524564418172995,0.0007546421446400001,0.027045465814678597,0.0300036630216674,37.79879592039731
2011-05-04,1.902,1.814766666666672,1.04806862222875,5.104031250000015,0.0,0.4662452946204507,0.009795976565385,0.048008088114016,0.011535467673018,0.025398571474900725,0.07061760475313128,4.161780820235748,0.43242175087194396,0.014264313466280999,0.4044636964780333,0.4603798052658548,30.314936074149088,0.028521005691699,0.000754557964677,0.02704207208093208,0.02999993930246592,37.798296521753066
2011-05-05,1.756,1.8161000000000047,0.9669071086393892,5.107781250000016,0.0,0.4212731913290525,0.009814799854563,0.048332350566984005,0.011582001672301001,0.025631627289274046,0.07103307384469396,4.1730567767549065,0.43160912725767897,0.014194370891338003,0.4037881603106565,0.4594300942047014,30.407062811150688,0.028617717226922,0.0007572542083909999,0.02713349897847564,0.030101935475368363,37.791427118922094
2011-05-06,1.766,1.8164333333333391,0.9722349659589276,5.108718750000015,0.0,0.4241641660427304,0.009829743196982,0.048218468910902,0.011585161687032,0.02551155200431928,0.07092538581748473,4.162088558926048,0.4318695064801189,0.014234106094174,0.4039706585355379,0.4597683544246999,30.340472638242716,0.028614361523288,0.0007571762420189999,0.02713029608893076,0.03009842695764524,37.79088663291434
2011-05-09,1.723,1.815166666666672,0.9492241300156066,5.1051562500000145,0.0,0.4117376085137591,0.009852984617003,0.048156567639349994,0.011591397221041001,0.02543742908610964,0.07087570619259036,4.154509307293306,0.431626703778531,0.014250022143273,0.403696660377716,0.4595567471793461,30.28954618027044,0.02862172557392,0.000757392190899,0.02713723687975796,0.03010621426808204,37.78983453728152
2011-05-10,1.7269999999999999,1.8126333333333384,0.9527574982989728,5.0980312500000124,0.0,0.4136357293348069,0.009844014203689001,0.048207177326133,0.011594148244591002,0.02548264676673464,0.07093170788553138,4.157888644266842,0.431573460622211,0.014234451317466998,0.4036739360399757,0.4594729852044464,30.31893895991765,0.028621957206289,0.0007574055200130001,0.027137442387063518,0.03010647202551448,37.78947532067345
2011-05-11,1.7280000000000002,1.811066666666672,0.9541338437753047,5.0936250000000145,0.0,0.4143760764660097,0.009865699035366998,0.048011461288420994,0.011590293714109001,0.025294485608767358,0.07072843696807463,4.142385212376018,0.431975752062601,0.014297890277053997,0.4039518871195752,0.4599996170056269,30.212551900462326,0.028608564980677008,0.000757039975279,0.02712476662913017,0.03009236333222385,37.790032118362326
2011-05-12,1.7209999999999999,1.8080333333333385,0.9518629818771752,5.085093750000015,0.0,0.4131548555775632,0.009871166549861999,0.047976268112913,0.01159053653071,0.0252588165127214,0.0706937197131046,4.139262059680866,0.4320244183084229,0.014309872052024997,0.4039770690864539,0.4600717675303919,30.19065556545473,0.028607612463374007,0.000757016700967,0.027123859729478686,0.030091365197269324,37.789935713227045
2011-05-13,1.729,1.804566666666672,0.958124757559522,5.075343750000015,0.0,0.41652592472787264,0.009845808699306,0.048100228360182,0.011586564470275,0.025390561998443,0.070809894721921,4.151379684942944,0.4316393740774621,0.014256144356541,0.40369733113864176,0.4595814170162825,30.27742728204134,0.028594979431264,0.000756668452655,0.0271119092640602,0.0300780495984678,37.79063251669519
2011-05-16,1.756,1.802266666666672,0.9743286232152076,5.068875000000015,0.0,0.4253025070379434,0.009843879972575001,0.048083062335138003,0.011589972412578,0.025366716406485117,0.07079940826379087,4.148677893568997,0.43197768814829707,0.014273308823426001,0.4040020028543821,0.459953373442212,30.26471951894665,0.028598276984655,0.0007567672725669999,0.027115013130423683,0.03008154083888632,37.79005517461693
2011-05-17,1.7380000000000002,1.7985000000000049,0.9663608562691104,5.0582812500000145,0.0,0.420977258488276,0.009836706725385001,0.04815083834001999,0.011591979031578999,0.025430559438125142,0.07087111724191482,4.153806542338186,0.43167974336719,0.014244957740976004,0.40375962619487693,0.459599860539503,30.304038187874152,0.028598128860076,0.0007567683392239999,0.02711486291519696,0.030081394804955038,37.78980617688197
2011-05-18,1.777,1.7966333333333386,0.9890721534722321,5.053031250000015,0.0,0.4333556057181652,0.009853023607806,0.047888344152065984,0.011583783346384,0.025184128793153345,0.07059255951097862,4.134084928911963,0.43265711855869604,0.014342618341868,0.4045455866086347,0.4607686505087573,30.16583919657853,0.028576010345701,0.0007561592323239999,0.02709393825034596,0.03005808244105604,37.79099576404004
2011-05-19,1.778,1.7950333333333386,0.990510854023135,5.048531250000015,0.0,0.434144925913115,0.009852736361066,0.047864532610197005,0.011583012394911002,0.025161828316171444,0.07056723690422256,4.13230435903076,0.43283467668413295,0.01435479113157,0.40469928606625577,0.4609700673020101,30.152627977443927,0.028574350100230007,0.0007561137979890001,0.02709236705617157,0.03005633314428845,37.791070836477694
2011-05-20,2.009,1.7988333333333384,1.1168349856388369,5.0592187500000145,0.0,0.5059987647867454,0.010035696527125,0.047626039714083,0.011689434531076001,0.024714748033174045,0.07053733139499196,4.074280889077238,0.4350609246763879,0.014645630914333,0.4063554880842952,0.4637663612684806,29.705850654110087,0.02884038342179,0.0007634824439389999,0.027343957831669558,0.030336809011910437,37.77478270881564
2011-05-23,1.949,1.8006666666666715,1.0823768974453876,5.0643750000000125,0.0,0.4858812040064102,0.009969194559410999,0.048069302770985,0.011687495858183,0.02516181088894632,0.07097679465302367,4.112882978035842,0.434498048665982,0.014494602474383996,0.4060886278161894,0.4629074695157746,29.97654122863016,0.028859437246959,0.0007639770089380001,0.027362042309440518,0.030356832184477482,37.77526929389494
2011-05-24,1.9569999999999999,1.804766666666672,1.0843507009216302,5.0759062500000125,0.0,0.4870227009513214,0.009983992019158,0.047988618649092,0.011679730743578998,0.02509634639167716,0.07088089090650683,4.108709327522288,0.43456834017621204,0.014519671459745,0.4061097841151118,0.4630268962373122,29.9296262578008,0.028858933296437,0.000763940869515,0.0273616091921876,0.0303562574006864,37.776396640171335
2011-05-25,1.896,1.806166666666672,1.0497370120882132,5.0798437500000135,0.0,0.4671913099578088,0.009932206586080999,0.048348649023954,0.011682203725718002,0.025451529721546715,0.07124576832636129,4.138658266805999,0.434159309358096,0.014403807583269,0.4059278464948888,0.4623907722213032,30.141982031361408,0.028878165318832007,0.0007644529265049999,0.02737983758288221,0.030376493054781805,37.776250593832366
2011-05-26,1.829,1.8051000000000053,1.013240263697299,5.076843750000015,0.0,0.4466984448276337,0.009902424151896,0.048631763984162996,0.011689197781591,0.02572093633224464,0.07154259163608137,4.160402184378497,0.433592711255469,0.014309461628536004,0.4055461664635384,0.4616392560473996,30.301119812277488,0.028900260395682997,0.0007650557932780001,0.02740075104085812,0.03039976975050788,37.77536311681303
2011-05-27,1.788,1.802566666666672,0.9919189304140364,5.069718750000014,0.0,0.4349180483940607,0.009895064623578,0.048718850216217004,0.011691667586959999,0.0258031817457754,0.0716345186866586,4.166971892919292,0.433357624359789,0.014278976912014999,0.4053708296122396,0.4613444191073384,30.34934694761911,0.028907534266663,0.0007652555160249999,0.027407633455254,0.030407435078072004,37.77500934174445
2011-05-30,1.8019999999999998,1.803366666666672,0.9992421581856128,5.071968750000015,0.0,0.4389486275497657,0.009887121648606,0.048703581076393,0.011689882926218,0.02579141054100572,0.07161575161178027,4.166301868358306,0.4337329564810021,0.014294287335469,0.4057161533034828,0.4617497596585213,30.34309765165884,0.028903909805726005,0.000765154935868,0.02740420613142473,0.03040361348002728,37.77523799535842
2011-05-31,1.8230000000000002,1.8035666666666719,1.0107749459404485,5.072531250000015,0.0,0.4453291981989777,0.009894532003303001,0.048657885881622,0.01169010241656,0.0257452851451644,0.0715704866180796,4.162314764042815,0.433867831551292,0.014312737207735004,0.4058148666241314,0.4619207964784526,30.31340722980738,0.028905665177022005,0.000765202338257,0.027405868594038284,0.030405461760005727,37.77519190920958
2011-06-01,1.8259999999999998,1.8029333333333384,1.0127939653897322,5.0707500000000145,0.0,0.4464504300710268,0.009901803114815,0.048626710603164015,0.011688254396951,0.025717731985140057,0.07153568922118797,4.160305632622872,0.4337603361790151,0.014316340952083001,0.4057003079129324,0.4618203644450978,30.298268086155637,0.028903437958759996,0.0007651383685689997,0.02740376675636476,0.030403109161155236,37.77543924871888
2011-06-02,1.837,1.8051333333333384,1.0176533589393182,5.076937500000015,0.0,0.4491541859752183,0.009905944797201999,0.048593250569672015,0.011680329396152,0.025699804953214098,0.07148669618612992,4.1602637153092745,0.43337509534948,0.014304203924996001,0.4053388556564878,0.4614113350424722,30.29704397545583,0.028886697813071,0.0007646714698250001,0.027387941732214,0.030385453893928,37.77661251005774
2011-06-03,1.891,1.8091333333333384,1.0452518701403957,5.088187500000015,0.0,0.4646501596827949,0.009923568594796999,0.048512895690215,0.011682226778101,0.02561573120513704,0.07141006017529296,4.152709634190376,0.4335437825790701,0.014337077703815,0.4054431102795927,0.4616444548785475,30.23934106625568,0.028894089514124,0.0007648743917450001,0.0273949357063038,0.0303932433219442,37.776254279085435
2011-06-06,1.8719999999999999,1.8125000000000049,1.0328275862068936,5.097656250000012,0.0,0.4576444573583514,0.009916837794259,0.048558284068468,0.01168143019115,0.025662680893814,0.07145388724312202,4.156878333721115,0.433479366128442,0.014321967047146004,0.40540831071603584,0.4615504215408482,30.266747905612288,0.028895650851533998,0.000764911986292,0.027396423358401683,0.03039487834466632,37.77643881829125
2011-06-07,1.9240000000000002,1.8181000000000047,1.0582476211429486,5.113406250000015,0.0,0.4720309963275834,0.009952725584976,0.04836421393097701,0.01168341120898,0.02546472796137621,0.07126369990057782,4.139562758332556,0.4339615703377829,0.014401116831916,0.4057353813472275,0.4621877593283382,30.133883045517486,0.028906047595310007,0.0007651950773410001,0.027406265243721646,0.030405829946898368,37.776050122725216
2011-06-08,1.889,1.8207333333333384,1.0374940500164738,5.120812500000015,0.0,0.4602699925053827,0.009934917406006001,0.048400156702095,0.011676458568174002,0.02551429790847396,0.07128601549571605,4.145105848618892,0.434144173848198,0.014391748850915001,0.4059363461004046,0.4623520015959914,30.166186079643413,0.028896982745207994,0.00076493338309,0.027397713314351597,0.030396252176064394,37.77712332084284
2011-06-09,1.848,1.823266666666672,1.0135653954440718,5.127937500000015,0.0,0.4468791642201165,0.009918377866307,0.048550556373710994,0.011678695551856001,0.02566031309207324,0.07144079965534875,4.157190001069616,0.433805552785233,0.014339118602086,0.4057008803251444,0.4619102252453216,30.253292745769862,0.028906464661823,0.000765188595856,0.02740669501394524,0.030406234309700762,37.776915153184255
2011-06-10,1.774,1.8233000000000048,0.9729611144627844,5.1280312500000145,0.0,0.4245588330027925,0.009911594240996,0.048718331377489994,0.011689031942341999,0.025807828770499683,0.07162883398448032,4.167867075545739,0.433373492618367,0.014287407643015,0.4053701736380576,0.4613768115986764,30.332549014254113,0.028932044712407002,0.000765896279075,0.02743088800542,0.030433201419394,37.77540837166273
2011-06-13,1.781,1.8223333333333385,0.9773184561916928,5.125312500000015,0.0,0.426930356962165,0.009909331244553002,0.04872017131062902,0.011689177610616998,0.025809383193819698,0.07163095942743833,4.167972541231412,0.43346495490361997,0.014289969562671999,0.4054566145607829,0.4614732952464571,30.33351141879933,0.028932340498483995,0.0007659051149400001,0.0274311664732016,0.030433514523766393,37.7753587671904
2011-06-14,1.82,1.8205333333333384,0.9997070455544136,5.120250000000014,0.0,0.439205042805629,0.009906834078799,0.048712875734142,0.011692420291745002,0.0257957319623218,0.0716300195059622,4.166192671720391,0.433881376366247,0.014310101141771003,0.40583357812837584,0.4619291746041182,30.31993778854277,0.028940419980858997,0.000766128274883,0.02743880856208832,0.03044203139962968,37.774901318278225
2011-06-15,1.756,1.8156666666666719,0.9671378740591124,5.106562500000014,0.0,0.4213982350746099,0.009905575533876,0.0488161470192,0.011699498092869999,0.0258851307571748,0.0717471632812252,4.1724992501131215,0.43352392677965296,0.014275578113036999,0.4055437936781005,0.4615040598812055,30.36822210259593,0.028957304814443998,0.0007665965989710001,0.027454775480460842,0.03045983414842716,37.77384983616256
2011-06-16,1.7209999999999999,1.8145000000000049,0.9484706530724692,5.1032812500000135,0.0,0.41133330733124135,0.009920511625607,0.048798174295704,0.011701906136187,0.02586243826877748,0.07173391032263053,4.17010474428601,0.4332022897834609,0.014273050538534999,0.4052271107279323,0.4611774688389895,30.351065360126057,0.028963043034451,0.000766756926947,0.027460199457634882,0.030465886611267118,37.773435122082795
2011-06-17,1.76,1.814300000000005,0.9700711018023452,5.1027187500000135,0.0,0.42298901304581055,0.009907280577624,0.04885562493596,0.011705156035494,0.02591351910639176,0.07179773076552823,4.173855076157441,0.433505981814095,0.014270115546093,0.4055365553437527,0.4614754082844373,30.378589466488148,0.028970904910638997,0.000766974724636,0.02746763445035244,0.030474175370925564,37.77295910813867
2011-06-20,1.7890000000000001,1.8165000000000049,0.9848609964216876,5.108906250000014,0.0,0.4310487956317653,0.009904598555882,0.04885837052997701,0.01170675963799,0.02591312163951661,0.07180361942043742,4.1735178683794505,0.4337070655807271,0.014277704047940001,0.4057227656467647,0.4616913655146895,30.376527215052995,0.028974514834808,0.000767075541506,0.02747104677345624,0.03047798289615976,37.772700688554814
2011-06-21,1.788,1.8185333333333384,0.9832099127501992,5.1146250000000135,0.0,0.4301458064062869,0.009905286146971,0.048858584599107996,0.011706773040866002,0.02591330943901064,0.07180385975920536,4.1735313761146084,0.43367507535846794,0.014276270659202,0.4056935848664321,0.4616565658505039,30.37733633040465,0.028974515381072,0.000767075291544,0.02747104780964576,0.030477982952498237,37.77271370943434
2011-06-22,1.733,1.8187000000000049,0.9528784296475479,5.115093750000012,0.0,0.4137007573053281,0.009886131885298998,0.04893368934204402,0.011705716804801,0.025990484404634053,0.07187689427945397,4.1803240380781475,0.4337349113612539,0.014254271612122001,0.4057965390014948,0.4616732837210129,30.428416348710844,0.028970725142966006,0.0007669695210980001,0.027467464881613925,0.030473985404318088,37.772980993412965
2011-06-23,1.6340000000000001,1.8158000000000047,0.8998788412820772,5.106937500000014,0.0,0.3855991318549524,0.009956204801045,0.048830117743976,0.011725309996806002,0.02584851015023624,0.07181172533771576,4.164505480646322,0.43301632156403297,0.014284345949636004,0.4050190035027464,0.4610136396253196,30.31404609568807,0.029018364086339,0.0007682941049780001,0.027512507640582117,0.030524220532095882,37.7698642984688
2011-06-24,1.6380000000000001,1.8127666666666715,0.9035911957780899,5.0984062500000125,0.0,0.38754199541994977,0.009970339171414,0.048769578979297,0.011721565762488001,0.025795310084820517,0.07174384787377347,4.160671020195385,0.4328500364837021,0.014295710170868,0.4048304445488009,0.4608696284186034,30.278316453685136,0.029015375431865,0.0007682050925279999,0.027509693450510117,0.030521057413219883,37.77035028024698
2011-06-27,1.68,1.8102333333333385,0.9280571565359872,5.091281250000014,0.0,0.4004415640802417,0.009921764402905,0.048983808700565006,0.011723886478903,0.026004991201915125,0.07196262619921487,4.178120351874035,0.433324850962482,0.014252763857606,0.4053894338015743,0.4612602681233898,30.402864685872803,0.029024017293376,0.000768436901742,0.02751788096596168,0.03053015362079032,37.77020237783245
2011-06-28,1.732,1.8100333333333385,0.9568884550929057,5.090718750000012,0.0,0.4158594519972447,0.00988722431283,0.049148356744809,0.011730367034086999,0.026156837357998484,0.07213987613161953,4.189839636047946,0.43379727252539396,0.014227529466040001,0.4059113147719556,0.4616832302788324,30.48999290852456,0.029037892876972,0.0007688214814169997,0.02753100277339468,0.03054478298054932,37.76935683880318
2011-06-29,1.7630000000000001,1.809566666666672,0.9742663989537064,5.089406250000012,0.0,0.4252686564355845,0.009881520737325001,0.049168244025625,0.01173365547395,0.026170279296683,0.072166208754567,4.190360296054846,0.434015372120182,0.014231246775728996,0.4061221284397532,0.4619086158006108,30.497354094118425,0.029042686970452005,0.000768957685182,0.027535529907495283,0.030549844033408723,37.76890137145472
2011-06-30,1.804,1.8104333333333384,0.9964465229318922,5.091843750000014,0.0,0.4374080400602838,0.009873732050985,0.049188838495498,0.011738265841291,0.026181837446567643,0.07219583954442836,4.190468946653879,0.43442070794147,0.014243104263280001,0.4065042235854412,0.4623371922974988,30.50042321612751,0.029050874328067997,0.0007691898826889999,0.02754326215799756,0.030558486498138436,37.768144097912405
2011-07-01,1.8359999999999999,1.8046666666666715,1.017362393793865,5.075625000000014,0.0,0.44899208768951576,0.009878284879288999,0.049147628797945,0.011741939273436001,0.026133427822010443,0.07216182977387955,4.185648354453074,0.434801990256326,0.014271641558701,0.4068295728012721,0.46277440771138,30.46615124601745,0.029058140237097,0.000769393551726,0.027550128875714043,0.030566151598479963,37.767590034895136
2011-07-04,1.8519999999999999,1.801433333333338,1.0280702403641515,5.066531250000012,0.0,0.4549748657267959,0.009886056363248,0.049091389053207,0.011742557900245,0.0260759755687268,0.0721068025376872,4.180638449496937,0.435013692899454,0.014295520402378,0.4069944729107932,0.4630329128881149,30.43007044549994,0.029060003404187,0.000769446318295,0.0275518886203288,0.0305681181880452,37.7674214733886
2011-07-05,1.819,1.7968333333333382,1.0123365179482395,5.0535937500000125,0.0,0.4461962833905223,0.00988165013809,0.04915469311608701,0.011743841803878,0.02613676318048613,0.0721726230516879,4.185571803245513,0.4347554650336671,0.014267724644672,0.40679072473011,0.4627202053372242,30.47125423716573,0.029063623034022008,0.000769544339089,0.027555316129407568,0.03057192993863645,37.76731444536353
2011-07-06,1.798,1.7935666666666714,1.0024717973497843,5.044406250000012,0.0,0.4407313407994909,0.009896900112347999,0.04910593382326799,0.011741299388613,0.02609298702158651,0.07211888062494946,4.182325328565729,0.4343472350671849,0.014263346502469,0.4063910759223457,0.4623033942120242,30.4519864950344,0.029057959017866997,0.0007693888242260001,0.02754995692238404,0.030565961113349964,37.76758656077659
2011-07-07,1.775,1.7917666666666714,0.9906423827507276,5.039343750000013,0.0,0.4342171181518101,0.009903038337044002,0.04911279767905302,0.011740598501232002,0.02610122461663829,0.07212437074146774,4.183159629715789,0.433983748366386,0.014247759689303,0.4060581393753521,0.4619093573574198,30.459788614502358,0.029056834258538,0.0007693559730139999,0.02754889655143056,0.030564771965645436,37.767737273449185
2011-07-08,1.686,1.7883666666666715,0.9427596876106664,5.0297812500000125,0.0,0.4082742166874628,0.009915569290754,0.049208956717358,0.011754164517834,0.02617079426240336,0.07224711917231262,4.186512503096008,0.433559420875986,0.014221752110648998,0.405684786739114,0.461434055012858,30.48565447511514,0.029089430245983997,0.0007702619302080001,0.02757971686277632,0.03059914362919168,37.7656341371296
2011-07-11,1.587,1.7812000000000048,0.8909723781720164,5.009625000000014,0.0,0.3809532614729334,0.00999572201046,0.049035522219726,0.011770614778248001,0.025965117254359918,0.07210592718509208,4.1659270262028665,0.432917761529528,0.014274035766264,0.40494065142765057,0.4608948716314054,30.329037184614247,0.029133669215877997,0.0007714883329739999,0.02762155208324896,0.030645786348507037,37.762942057152
2011-07-12,1.626,1.7746333333333382,0.916245609421662,4.991156250000014,0.0,0.3941932004520404,0.009970580594038,0.049165815325725,0.011767909648345,0.0261007124149688,0.0722309182364812,4.177956561099338,0.432898249075303,0.014236771000611,0.4049941779141054,0.4608023202365006,30.40705290944982,0.029134982208492,0.000771511903682,0.02762281887727528,0.030647145539708726,37.763490192996564
2011-07-13,1.607,1.7673333333333383,0.9092795171633321,4.9706250000000125,0.0,0.3905263252674926,0.009993106758282,0.04908536067529098,0.011763173329676,0.026029540949126025,0.07214118040145595,4.172799235344099,0.43247987338200106,0.014245950934727,0.40455780954993614,0.460401937214066,30.358090896393584,0.029129914039996,0.000771363267887,0.027618042034937482,0.03064178604505452,37.764196524145156
2011-07-14,1.538,1.7573666666666712,0.8751730809354884,4.942593750000013,0.0,0.3727646213712588,0.010076585551296998,0.048792849537867,0.011766201429961999,0.025731094735141482,0.07185460434059251,4.146865054818656,0.4320249055069221,0.014328574201798004,0.40394090007139793,0.4601089109424462,30.151283681297674,0.029148699083367,0.0007718757663089999,0.02763582258140136,0.030661575585332636,37.763459297029755
2011-07-15,1.511,1.7447000000000048,0.8660514701667884,4.906968750000012,0.0,0.36806732222985,0.010108973491024,0.048620570311251006,0.011757055088918998,0.025576742336969768,0.07166439828553224,4.13543782380287,0.43206378506458404,0.014379442776623999,0.4038800772224009,0.460247492906767,30.047324626999274,0.029145229659797,0.0007717569229800001,0.0276325860907562,0.0306578732288378,37.76477902816697
2011-07-18,1.54,1.7336333333333382,0.8883077928819988,4.875843750000013,0.0,0.37956752052719056,0.01007027161105,0.048818340645752,0.011751901748937001,0.025784613217835484,0.07185206807366852,4.154080053483134,0.432074666950301,0.014324028272048999,0.40399957153708504,0.46014976236351707,30.16432659473521,0.029148854774943,0.0007718348623999999,0.027636058444639,0.030661651105247,37.76566231319996
2011-07-19,1.5719999999999998,1.7219000000000049,0.9129450026133896,4.8428437500000125,0.0,0.39245412069181856,0.010028959992541,0.049027215298132004,0.011752210041386001,0.02599288361701544,0.07206154697924855,4.1717443038780715,0.432291572097435,0.014274558493350001,0.404313437450469,0.460269706744401,30.28405903403852,0.029158484141331008,0.0007720869231439999,0.02764519377196877,0.03067177451069325,37.765804946678855
2011-07-20,1.59,1.7119333333333382,0.9287744849877306,4.814812500000014,0.0,0.4008222946592217,0.010005461897364001,0.049102237799582,0.011750798113831002,0.02607067349647324,0.07213380210269077,4.178630023588508,0.4326795682562511,0.014265371242174,0.4047194406215901,0.4606396958909122,30.33076117760439,0.029159656475842007,0.000772113316185,0.027646314376119408,0.030672998575564606,37.76603234863183
2011-07-21,1.66,1.7056666666666715,0.9732264999022836,4.797187500000014,0.0,0.4247031107816735,0.009963075213076,0.049319576441957995,0.011763094384616,0.02626391144811064,0.07237524143580537,4.192738307571462,0.433508202637503,0.014244080614598,0.4055898046328909,0.4614266006421151,30.434270513270523,0.02919006277184,0.0007729531938189999,0.02767507451195476,0.030705051031725238,37.76433425109993
2011-07-22,1.6480000000000001,1.7014666666666716,0.9685761303973016,4.7853750000000135,0.0,0.4221779287133187,0.009973941653099,0.0492849891383,0.011760254435488001,0.02623489044474352,0.07233508783185648,4.190809765949911,0.4331359215693811,0.014238377788052,0.4052287011047992,0.46104314203396296,30.420313888063554,0.02918319528657,0.0007727627028310001,0.02766858038902124,0.03069781018411876,37.76475647656908
2011-07-25,1.6230000000000002,1.6962000000000048,0.9568447117085224,4.770562500000014,0.0,0.4158358787073943,0.009979558974024,0.049275838815502,0.011760979459476,0.02622431907492904,0.07232735855607496,4.189773393048386,0.4330287519380969,0.014238677955703999,0.4051209431449171,0.4609365607312768,30.41214593695057,0.029185090863784006,0.000772815752528,0.027670371988829125,0.030699809738738888,37.76461694564398
2011-07-26,1.6030000000000002,1.6889666666666716,0.9491010282421176,4.7502187500000135,0.0,0.4116715433061619,0.009987194588426002,0.04926057130528,0.011761038449044,0.02620893594515376,0.07231220666540622,4.188454235457855,0.43285678973814795,0.014238289385168999,0.4049497425432168,0.4607638369330793,30.400898452663593,0.029185933644664,0.000772838520548,0.02767117014438992,0.03070069714493808,37.764594891005785
2011-07-27,1.526,1.681300000000005,0.907630999821564,4.7286562500000136,0.0,0.3896605276269176,0.01004563813917,0.049140492431674,0.011771571734937999,0.026068211831195526,0.07221277303215247,4.17450562577157,0.432245447589209,0.014269177687663,0.4042778593213896,0.4602130358570285,30.292246480532214,0.029214854437605,0.0007736412305469997,0.02769851762573288,0.030731191249477117,37.762794023972894
2011-07-28,1.5330000000000001,1.6750333333333385,0.9152056675489018,4.711031250000015,0.0,0.3936449318124432,0.010039268104201,0.049178598184852006,0.011766345718062999,0.026116560577448523,0.07224063579225548,4.179598268080498,0.43199278858206197,0.014248364293704999,0.40406599456640013,0.4599195825977238,30.31876359119544,0.029208371450346,0.000773451156645,0.0276924071833218,0.0307243357173702,37.76369225051121
2011-07-29,1.489,1.6660000000000048,0.8937575030011978,4.685625000000014,0.0,0.3824037455437441,0.010068849173705001,0.048896701098108,0.011750843390716999,0.02586504805230268,0.07192835414391333,4.161122693264174,0.432331185445135,0.014326497827064,0.4042512497040896,0.4604111211861805,30.177032144479433,0.029178836806285,0.0007726238585830001,0.02766449404346232,0.030693179569107682,37.76590184492906
2011-08-01,1.4180000000000001,1.6536333333333384,0.8575056945312317,4.650843750000012,0.0,0.3636864869011508,0.010166808335963002,0.048544525472747006,0.011753175328825,0.02550830182825001,0.071580749117244,4.13033279216807,0.43188973894017396,0.014428353196077,0.4036101666758631,0.460169311204485,29.93340494725456,0.029199733443626,0.0007731903886749999,0.027684280281822998,0.030715186605429,37.765256618946474
2011-08-02,1.4180000000000001,1.6413000000000049,0.8639493084749867,4.616156250000015,0.0,0.3669879064064095,0.010154415732503001,0.048587251504633,0.011744779338254999,0.0255674840016532,0.0716070190076128,4.136923317611913,0.432023202131214,0.014419966230726004,0.40376006831899103,0.4602863359434369,29.96007030936552,0.029199281677505,0.000773150703004,0.02768390629961716,0.03071465705539284,37.76661078371553
2011-08-03,1.409,1.6305000000000052,0.8641521005826407,4.5857812500000135,0.0,0.3670919851259883,0.010188337064315,0.048440551695077,0.011733772315688,0.02544235795632852,0.07143874543382547,4.128301657115947,0.4316691795347921,0.014450390666685,0.4033464138280895,0.4599919452414947,29.87249199635746,0.029191856076702997,0.0007729210295419999,0.027676930858800682,0.03070678129460532,37.76822593895435
2011-08-04,1.2229999999999999,1.6168000000000051,0.7564324591786221,4.5472500000000124,0.0,0.3132785698831333,0.010708875497488,0.04672426593336099,0.011755403956264,0.02368367417908355,0.06976485768763843,3.974705259572239,0.428742683527697,0.014964906552972,0.3994114666838719,0.4580739003715221,28.649873756982217,0.029293518238641,0.0007757059717769999,0.02777313453395808,0.03081390194332392,37.763687923598354
2011-08-05,1.1159999999999999,1.5994000000000053,0.6977616606227312,4.498312500000015,0.0,0.28514267929232,0.0112452100065,0.044805030009914,0.011731876669844,0.02181055173701976,0.06779950828280824,3.8190846418527995,0.427464498501107,0.01561496475835,0.39685916757474105,0.45806982942747293,27.375309846442452,0.029351289975274,0.0007771882719419999,0.02782800096226768,0.03087457898828032,37.765997036885466
2011-08-08,1.128,1.5810000000000053,0.7134724857684985,4.446562500000015,0.0,0.2925996185209272,0.011238985851955,0.044721407458464,0.011667915596765001,0.0218522928888046,0.0675905220281234,3.832853185093743,0.428024500340738,0.015643311771655,0.3973636092682942,0.4586853914131818,27.36150161734313,0.029334966995932008,0.000776555871259,0.02781291748826437,0.03085701650359965,37.77573266990469
2011-08-09,1.18,1.5626000000000049,0.7551516702930986,4.394812500000015,0.0,0.31265583249541096,0.011006163688652001,0.045625907503154005,0.011631298176924,0.02282856307638297,0.06842325192992504,3.922684021090042,0.428961899349099,0.015361573355610999,0.3988532155721015,0.4590705831260966,27.92434664203321,0.029353716609393996,0.0007769256808500001,0.027830942274928,0.030876490943860004,37.78188484810295
2011-08-10,0.9890000000000001,1.5368000000000053,0.6435450286309192,4.322250000000015,0.0,0.2598282959893166,0.012166072616552,0.042127461362332,0.011658212095039,0.01927736565605556,0.06497755706860844,3.613543913844114,0.42654395606816997,0.016713554732821,0.3937853887918409,0.4593025233444992,25.52083999405303,0.029571253793797,0.000782815675432,0.02803693506995028,0.031105572517643718,37.77550031492832
2011-08-11,1.008,1.510266666666672,0.6674318001235962,4.247625000000015,0.0,0.2709024208418283,0.012024636587596999,0.042476575002346,0.011566355245471999,0.01980651872122088,0.06514663128347112,3.6724252455392814,0.42743844709642603,0.016578566749566002,0.3949444562672766,0.4599324379255754,25.782593486714482,0.029551362740523997,0.0007819931242960001,0.02801865621690384,0.031084069264144164,37.7897986854254
2011-08-12,0.9840000000000001,1.481866666666672,0.6640273528882468,4.167750000000015,0.0,0.26931657453447244,0.01211615285565,0.041951985042617004,0.011472308467019,0.019466260447259763,0.06443770963797424,3.656804135211413,0.428056671697948,0.016770395042876002,0.395186697413911,0.460926645981985,25.524543137090554,0.029501171363807005,0.000780377281073,0.027971631892903925,0.031030710834710082,37.803729143966656
2011-08-15,0.9990000000000001,1.4534333333333391,0.6873380271999607,4.087781250000016,0.0,0.2802257455648089,0.012015395120456004,0.042313182805248005,0.01140995180536,0.0199496772667424,0.0646766883437536,3.70844535779476,0.42816032334710097,0.016633870157839,0.3955579378377365,0.4607627088564654,25.74027086206006,0.029508020814682002,0.000780360543904,0.02797851414863016,0.031037527480733837,37.81331724826961
2011-08-16,1.034,1.427266666666672,0.724461674996494,4.014187500000015,0.0,0.2978487427918584,0.011760607090154,0.043239829771977004,0.011370275979263,0.020954088852621525,0.06552557069133247,3.802883047943406,0.4287477865651351,0.016306067366108998,0.3967878945275615,0.4607076786027088,26.29375783496731,0.029531655896261007,0.000780849770112,0.028001190346841492,0.031062121445680525,37.81989446194206
2011-08-17,0.951,1.3990333333333391,0.6797550689761952,3.934781250000015,0.0,0.2766639174591752,0.012176274382213999,0.041840794925401,0.011327993120849,0.01963792840853696,0.06404366144226503,3.6935752413543286,0.4284002346496301,0.016851143627588997,0.3953719931395557,0.4614284761597046,25.42262080944069,0.02954690679451,0.0007811404167050001,0.0280158715777682,0.0310779420112518,37.82534633038021
2011-08-18,0.899,1.3698333333333388,0.6562842194914197,3.852656250000016,0.0,0.2657190357679982,0.012537428808527,0.040686549703077994,0.011267956007101999,0.01860135592915808,0.06277174347699792,3.6108190054552254,0.42798795040862603,0.017321061548329,0.3940386697739011,0.4619372310433508,24.709106264328383,0.029551221549276998,0.000781084339822,0.02802029624322588,0.03108214685532812,37.83358600687213
2011-08-19,0.932,1.3447000000000056,0.6930913958503727,3.7819687500000163,0.0,0.2829366780700611,0.012020861908407,0.04225681663501698,0.011209583601442,0.020286032776190663,0.06422760049384331,3.7697044009361567,0.429330584337457,0.01670792062041,0.39658305992145343,0.4620781087534606,25.69623079325573,0.029535348657474998,0.0007804655246140001,0.028005636229231558,0.031065061085718437,37.84324576292357
2011-08-22,0.9309999999999999,1.3228333333333386,0.7037923648733749,3.720468750000015,0.0,0.28799850289502826,0.012105853791393,0.041963692682605004,0.011169069321158999,0.02007231681313336,0.06385506855207665,3.757134231686595,0.42906564881091297,0.016812632915473,0.39611288829658586,0.4620184093252401,25.520431628293284,0.029527483116115,0.0007801381215639999,0.02799841239784956,0.031056553834380437,37.849045316385705
2011-08-23,0.975,1.3011333333333388,0.7493467233693671,3.659437500000015,0.0,0.3098382382708728,0.011697866712645002,0.043413691334726,0.011154959255746,0.021549971193463843,0.06527741147598816,3.8918735908752833,0.4300645897049401,0.01630066729578,0.3981152818052113,0.4620138976046689,26.383250568905567,0.029557216300737998,0.000780862849898,0.028026725114937926,0.03108770748653808,37.851994501477385
2011-08-24,1.044,1.282366666666672,0.8141197265472659,3.606656250000015,0.0,0.3417367783606522,0.011458486487473,0.04445017551976098,0.01117120698875,0.022554609821810987,0.06634574121771099,3.9789948896769984,0.43066354884823904,0.015976297920505,0.3993500049240493,0.4619770927724288,26.956404480634323,0.029620979914707,0.000782585632075,0.028087112075840002,0.031154847753573998,37.85014533958847
2011-08-25,0.983,1.263866666666672,0.7777719168688647,3.5546250000000152,0.0,0.323711577646919,0.011638832063213998,0.043878461472097,0.011173098706105,0.0219791880081312,0.0657777349360628,3.9271524065318286,0.430159335936359,0.016178884323803003,0.3984487226617052,0.4618699492110129,26.58770081590164,0.029643198946679,0.0007831843355830001,0.028108157648936326,0.03117824024442168,37.849580998841034
2011-08-26,1.018,1.2474333333333385,0.8160756753867908,3.5084062500000144,0.0,0.3427160247532152,0.011603409022427002,0.044017247900812996,0.011163994596137,0.022135818492384485,0.06589867730924152,3.9427865645909472,0.43011927905353003,0.016127140706292,0.3985100832691977,0.4617284748378623,26.670523119186875,0.029643446379205,0.0007831620215870001,0.02810844881689448,0.03117844394151552,37.85097535647621
2011-08-29,1.101,1.2328000000000052,0.8930889033095355,3.4672500000000146,0.0,0.38205534901291,0.011407258905123998,0.044966962945622004,0.01119789111836,0.0230190963536364,0.06691482953760759,4.015663527206096,0.43099824254749397,0.015868341098773997,0.3998962939938971,0.4621001911010911,27.16088845486136,0.029737549149697996,0.000785739434854,0.02819749985738416,0.03127759844201184,37.84657843374967
2011-08-30,1.008,1.2140000000000053,0.8303130148270145,3.414375000000015,0.0,0.34987299441119124,0.011571092551383996,0.04459948868782298,0.011220538600744,0.022607233030364743,0.06659174434528123,3.9748081865577567,0.4302288281257729,0.016005428785376998,0.398858187706434,0.4615994685451118,26.880181336899682,0.029801071056227,0.000787493704464,0.028257583395477563,0.03134455871697644,37.842932441608866
2011-08-31,1.087,1.1972333333333387,0.907926608569754,3.3672187500000152,0.0,0.3898157255369499,0.011163888831876998,0.046189914960865,0.011245735438943999,0.02414827350053476,0.06823155642119524,4.107327191862237,0.43217788533418,0.015555779644664,0.40168855723063857,0.4626672134377214,27.78246383056963,0.029856754607470008,0.000789023078671,0.02831026937327485,0.03140323984166517,37.84015374781059
2011-09-01,1.045,1.1767333333333387,0.8880516684607063,3.309562500000016,0.0,0.37943442188152704,0.011256126965719999,0.045871030403164,0.011255762187686001,0.023809736515299443,0.06793232429102856,4.0753375594012615,0.4316614867219529,0.015642894397158998,0.4010014137035213,0.4623215597403846,27.59473251960021,0.029858321242165007,0.0007890993457150001,0.028311686524563607,0.031404955959766404,37.838481813856454
2011-09-02,0.9740000000000001,1.154266666666672,0.8438258057063609,3.2463750000000147,0.0,0.35671344916581993,0.011381383768483999,0.045537230562324005,0.011272809090646005,0.023442524744657838,0.06763193637999018,4.0395637144346885,0.43099766711048,0.015749324301828002,0.4001289914788971,0.4618663427420629,27.366105291288978,0.029891540424107996,0.0007900338743969999,0.02834307403028988,0.03144000681792612,37.83577058254794
2011-09-05,0.919,1.1308000000000051,0.8126989741775698,3.1803750000000144,0.0,0.3410260790085468,0.011478058544229,0.045237407349319005,0.011277709956793001,0.02313309583400473,0.06734171886463328,4.01122280344437,0.43064589995682895,0.015849127548792,0.3995816099611966,0.4617101899524613,27.171583964548567,0.029907025784991007,0.000790462362518,0.028357719554455724,0.03145633201552628,37.83485109867525
2011-09-06,0.938,1.1086333333333385,0.8460867735049119,3.1180312500000142,0.0,0.3578625814750073,0.011298506208913999,0.045935643683977005,0.011285113975696,0.023816820291612844,0.06805446707634116,4.070463424906852,0.431314967633894,0.015641259806480002,0.4006580984131932,0.4619718368545948,27.575462141176747,0.029923519878313,0.0007909135550199999,0.0283733293104738,0.0314737104461522,37.83412193201249
2011-09-07,0.897,1.0876666666666717,0.8247011952191198,3.0590625000000142,0.0,0.3470458692563028,0.011397621890911001,0.045600263232714,0.01129052287181,0.023470838403966403,0.0677296880614616,4.038808808985217,0.43092095999193103,0.015745272107013,0.4000602266621856,0.4617816933216765,27.368276461859608,0.029930888050261,0.0007911280693919997,0.028380277034252683,0.03148149906626932,37.83317671089709
2011-09-08,0.8220000000000001,1.0639666666666718,0.7725805946301539,2.9924062500000144,0.0,0.3211634676264864,0.011569658044115,0.045091532507512,0.011302255913806002,0.02293911091645224,0.06724395409857176,3.9896046286152185,0.430442926369015,0.015926938193263,0.3992261275102195,0.4616597252278105,27.0260938509262,0.029970607263112008,0.000792222524522,0.028417851115048888,0.031523363411175134,37.83104662570158
2011-09-09,0.8,1.041000000000005,0.7684918347742519,2.9278125000000137,0.0,0.3191611004682197,0.011548299521350001,0.045156226077889994,0.011294034870663001,0.02301991773139052,0.06729253442438947,3.998236821030838,0.43054462197303495,0.015906628077071,0.3993676309419758,0.4617216130040941,27.06699495876493,0.029967941970913996,0.000792125091977,0.02841537679063908,0.03152050715118892,37.83233516326158
2011-09-12,0.9,1.0237333333333385,0.8791351914561041,2.8792500000000145,0.0,0.37481185849747134,0.011089066315087001,0.04749912943822,0.011381133915868001,0.02519210696311873,0.06980615191332128,4.173497104009525,0.4321748505739579,0.015286713917518,0.4022128912956226,0.4621368098522932,28.271272224091643,0.030175192980208997,0.0007978477656589997,0.028611411359517364,0.03173897460090064,37.820740094786004
2011-09-13,1.001,1.0098333333333385,0.9912526819607144,2.8401562500000144,0.0,0.4345521615977369,0.011025250956736999,0.048239782814237,0.011475198988458998,0.025748392796857363,0.07073117283161663,4.20382974297484,0.4336318419465,0.015209788595577,0.4038206562991691,0.4634430275938309,28.510050565238426,0.030372986147688,0.000803367020357,0.02879838678778828,0.031947585507587715,37.80711104395602
2011-09-14,1.082,0.9989333333333386,1.0831553657234327,2.8095000000000145,0.0,0.4863312549104247,0.011111732157514,0.048114758790518,0.011540245241344001,0.02549587811748376,0.07073363946355224,4.169301239642789,0.435190802871306,0.015385729201146999,0.40503477363705787,0.4653468321055542,28.28535438143977,0.030507027155343997,0.000807122078761,0.028925067880972436,0.03208898642971556,37.79728985008993
2011-09-15,1.094,0.9946333333333386,1.0999028117564205,2.797406250000015,0.0,0.4960627257276192,0.011278455336318,0.047340819117770994,0.011535227662694998,0.0247317728988888,0.06994986533665319,4.104021221087181,0.43514447737987705,0.015617662715344,0.4045338584578028,0.4657550963019513,27.862330318631443,0.030485226755872,0.000806539945265,0.028904408463152606,0.0320660450485914,37.79754113216469
2011-09-16,0.988,0.990366666666672,0.9976103126788004,2.785406250000015,0.0,0.4380490799962295,0.011195279518875,0.048396646545748004,0.01160013693396,0.0256603781551864,0.0711329149363096,4.1720754523220815,0.4332942653449629,0.015268776516306003,0.4033674633730031,0.4632210673169227,28.377798632537907,0.030644078903112,0.0008109429722449999,0.0290546306775118,0.0322335271287122,37.7882045371146
2011-09-19,1.037,0.9873333333333386,1.0503038487508385,2.776875000000014,0.0,0.46751292314260495,0.011275735457668001,0.04809753965092501,0.011617320695912,0.025327591086937492,0.07086748821491254,4.140157692973873,0.43394164777594796,0.015407981345198999,0.403742004339358,0.4641412912125381,28.163432837434684,0.030681707995307006,0.000811998322322,0.02909019128355588,0.032273224707058124,37.785432742711
2011-09-20,1.057,0.9832333333333384,1.0750245787707169,2.765343750000014,0.0,0.4816406152288734,0.011324461037355,0.047868113972597,0.011619125939336998,0.025094627131496485,0.07064160081369751,4.11976892431613,0.4344013407555371,0.015503765671682,0.4040139600390404,0.4647887214720338,28.01908581145357,0.030690750124089002,0.000812245337517,0.029098749262555682,0.03228275098562232,37.78507392593679
2011-09-21,1.034,0.9847333333333383,1.0500304651005294,2.7695625000000144,0.0,0.46735779713906295,0.011251408803148,0.048208023821115,0.011620483057945,0.0254318770275428,0.0709841706146872,4.148538712265873,0.43431955278401096,0.015390586546191003,0.4041540031534766,0.4644851024145453,28.219818099882026,0.030697132095944,0.0008124160258060001,0.029104796685364236,0.03228946750652376,37.78499084319717
2011-09-22,1.01,0.9848000000000052,1.0255889520714812,2.769750000000015,0.0,0.4535853099125382,0.0112124202993,0.04843272051896799,0.01162607692633,0.025645609743361185,0.07121983129457479,4.1658696072515085,0.43407492367389,0.015310293374001999,0.4040667486608461,0.4640830986869339,28.351835792446074,0.030706580875588,0.000812679513938,0.02911372902826952,0.03229943272290648,37.784366837034284
2011-09-23,0.995,0.985166666666672,1.009981390627638,2.7707812500000144,0.0,0.4448888532058328,0.011186966309021001,0.04856829091426098,0.011631150075101999,0.02577123676706107,0.0713653450614609,4.175708386587577,0.4339620184521721,0.015262279469270001,0.4040479506924029,0.4638760862119413,28.433630725078807,0.030710609204944,0.0008128020686210001,0.029117517150446838,0.03230370125944116,37.78362579348871
2011-09-26,1.018,0.9858000000000052,1.0326638263339365,2.772562500000015,0.0,0.4575524447284902,0.011171640449701,0.048593185697497,0.011637885063005,0.025782930974007204,0.0714034404209868,4.175430968292335,0.4345332186143221,0.01527986225626,0.4045846885920525,0.4644817486365917,28.43829422848979,0.030717625948163997,0.0008130096247789999,0.029124127083597164,0.03231112481273084,37.78261045371505
2011-09-27,1.051,0.9863666666666719,1.0655266804095782,2.774156250000015,0.0,0.4761890086243623,0.011166369889283,0.048566783198354,0.011646781401491002,0.02573909165143164,0.07139447474527638,4.169974650003823,0.43536903417169104,0.015329196806612,0.4053238084307315,0.4654142599126506,28.401294579497513,0.030731548099434,0.0008134073242040001,0.029137269743994162,0.032325826454873835,37.78125323556609
2011-09-28,1.09,0.9910000000000052,1.0998990918264322,2.7871875000000146,0.0,0.4960605536313588,0.011210023812233998,0.048344972872870005,0.011655181720998001,0.025500816699713925,0.07118912904602609,4.14793814718231,0.436170142304639,0.015441788350512,0.4059042371376355,0.4664360474716425,28.246089921973386,0.030749417286887,0.000813910338359,0.02915415302370336,0.032344681550070635,37.77985834271127
2011-09-29,1.053,0.9961333333333384,1.0570874046312353,2.8016250000000147,0.0,0.4713698411674771,0.011116279351793,0.048904601268032005,0.011669131608557001,0.026033103315260292,0.07177609922080372,4.19093750148199,0.435637709872002,0.015249520136353997,0.40574865040474817,0.4655267693392559,28.56730611696269,0.030778490466782996,0.0008147189444269999,0.029181641335706082,0.03237533959785992,37.778046867971
2011-09-30,1.016,0.9989333333333386,1.0170848905499146,2.8095000000000145,0.0,0.4488375135799127,0.011049436689271002,0.049333851290449,0.011686007858761999,0.02642927588727548,0.07223842669362253,4.221617158460067,0.4351811661884529,0.015105385911601998,0.40557460980171295,0.4647877225751928,28.809668864812465,0.030804035881400002,0.0008154465633850001,0.0292057606171654,0.0324023111456346,37.77566460460368
2011-10-03,0.982,1.0006333333333386,0.981378460308466,2.8142812500000147,0.0,0.42914512518175896,0.01104559069167,0.049475854738567006,0.011702438522708,0.02653907523405933,0.07241263424307469,4.2278243669096485,0.434645330290416,0.015046525838911999,0.4051541396461485,0.4641365209346836,28.886756646930863,0.030823974057918996,0.0008160244240730001,0.02922456618673592,0.03242338192910208,37.773347400641974
2011-10-04,0.995,1.0013000000000052,0.993708179366818,2.816156250000015,0.0,0.4359013216946603,0.011043875309870001,0.049468727549594,0.011711432374258998,0.026514320096046363,0.07242313500314164,4.2239690217845824,0.43484474322975303,0.015055942804721997,0.40533509533249773,0.4643543911270081,28.881933789850716,0.030826429484752997,0.0008161207314720001,0.02922683285106788,0.032426026118438124,37.771898563527614
2011-10-05,0.9990000000000001,0.9998000000000052,0.9991998399679886,2.811937500000014,0.0,0.4389252895981297,0.010900545996932999,0.04996882029783999,0.011713316503393,0.027010719951189702,0.07292692064449027,4.265983957947824,0.435520827851346,0.014920223788526,0.4062771892258351,0.4647644664768569,29.18996618443913,0.030804072318496002,0.0008155260152000001,0.029205641328704,0.032402503308288,37.77202902708865
2011-10-06,1.092,1.0034333333333385,1.0882636282098077,2.8221562500000137,0.0,0.4892894980804488,0.011079967724562,0.04938444006622599,0.011765179563508001,0.02632468812175031,0.07244419201070168,4.197508401775858,0.4366583108898421,0.015198659893705,0.40686893749818026,0.4664476842815039,28.73005343521746,0.030914709904653,0.0008186358020299999,0.0293101837326742,0.0325192360766318,37.7636915316996
2011-10-07,1.0590000000000002,1.004800000000005,1.0539410828025426,2.8260000000000143,0.0,0.4695790909247734,0.011125641251871002,0.049259252883911996,0.011761763682098999,0.026206196066997964,0.07231230970082604,4.188083880556431,0.435680262804318,0.015183739680926001,0.40592013302970303,0.465440392578933,28.693870677434784,0.030904404170345002,0.0008183548844839999,0.029300428596756363,0.03250837974393364,37.76406148030277
2011-10-10,1.0979999999999999,1.004700000000005,1.092863541355623,2.8257187500000143,0.0,0.4919608602983836,0.011249489548016,0.048707150902018,0.011761372585804,0.02565486063384216,0.07175944117019384,4.141281176723089,0.43599056033572203,0.015370261733368,0.4058648473383207,0.4661162733331233,28.365851401815853,0.030912299349811007,0.0008185688146249999,0.029307904473146008,0.03251669422647601,37.76383707454251
2011-10-11,1.09,1.0074333333333385,1.081957449624453,2.8334062500000137,0.0,0.4856387952532656,0.011215356548698,0.048839450099382,0.011755391470097,0.02579888281799188,0.07188001738077213,4.154642593027879,0.4361087643817849,0.015330138153695001,0.4060616936005427,0.4661558351630271,28.44780392776027,0.030911446486244002,0.0008185246388130001,0.02930713819417052,0.03251575477831748,37.76483323835188
2011-10-12,1.128,1.008800000000005,1.118160190325133,2.8372500000000143,0.0,0.5067805953873415,0.011335396757968,0.04831507105083098,0.011753372263745001,0.025278461413890792,0.07135168068777119,4.110741152976757,0.4365731603864799,0.015521027667754,0.4061519461576821,0.4669943746152778,28.127851436892918,0.030925603691864,0.000818900701671,0.02932055831658884,0.032530649067139164,37.76477859739985
2011-10-13,1.088,1.0102333333333384,1.0769789157620298,2.8412812500000144,0.0,0.4827660624871831,0.011250577135155001,0.04882071155011799,0.011756061628117999,0.02577883075900671,0.07186259234122927,4.152811808450251,0.4360430741236671,0.015346339492568997,0.4059642487182319,0.4661218995291023,28.41349067865993,0.030951674196933995,0.0008195930736629999,0.02934527177255452,0.03255807662131348,37.76468492909428
2011-10-14,1.2009999999999998,1.0178000000000051,1.1799960699547984,2.8625625000000143,0.0,0.5439587779866094,0.011532390914554,0.047872291680219003,0.01180584950308,0.0247328266541822,0.0710117567062558,4.054963742145777,0.438233506922875,0.015830533429539,0.4072056614009786,0.4692613524447714,27.68280101699905,0.031108894092812,0.0008239357765839999,0.029493979970707362,0.03272380821491664,37.75645502588081
2011-10-17,1.179,1.0264666666666715,1.1486003766967534,2.8869375000000144,0.0,0.5249097494851056,0.011452847907502,0.04829855532768902,0.011794406988061001,0.025181517631089452,0.07141559302428857,4.095038892297022,0.43778399456511696,0.015669241584564,0.4070722810593715,0.4684957080708624,27.93906726132763,0.031123164809515002,0.0008242699593969999,0.02950759568909688,0.032738733929933116,37.75846062896496
2011-10-18,1.278,1.0378000000000052,1.2314511466563824,2.9188125000000147,0.0,0.5759853095000143,0.011835930094745999,0.046859945014359,0.011812283056945,0.0237078702227468,0.0700120198059712,3.967052329211608,0.4395365105114401,0.016290529595416,0.4076070725044248,0.4714659485184554,26.98110628859591,0.031226949198201,0.0008270986644439999,0.02960583581589076,0.03284806258051124,37.754805491312815
2011-10-19,1.315,1.0517333333333383,1.2503169371196692,2.9580000000000144,0.0,0.587989525233473,0.012038090484332,0.046017279669387005,0.011773161377096001,0.02294188337027885,0.06909267596849518,3.9086595516230513,0.439752820817745,0.01658568464652,0.4072448789105658,0.4722607627249242,26.51399867957901,0.031215736431347996,0.0008266811520760001,0.029595441373279036,0.03283603148941696,37.760309828010406
2011-10-20,1.3130000000000002,1.0681000000000052,1.2292856474112852,3.0040312500000144,0.0,0.5746165867091239,0.011964677592642999,0.046303627503174,0.011739653851546005,0.023293905954143837,0.06931334905220418,3.944207221840352,0.43977826626267,0.016476628923424,0.40748407357275895,0.472072458952581,26.691034210126446,0.031217986257749,0.000826624684878,0.02959780187538812,0.03283817064010988,37.76561095842847
2011-10-21,1.35,1.0864333333333387,1.2425981038873315,3.055593750000015,0.0,0.5830606366751284,0.012129596102511004,0.045451512020757,0.011666270287658998,0.022585622256945364,0.06831740178456862,3.895976254624957,0.439017383362448,0.016680580515631,0.4063234455518112,0.4717113211730848,26.3190710269984,0.031114884390505002,0.000823660236089,0.02950051032777056,0.032729258453239436,37.77635853620357
2011-10-24,1.359,1.1017333333333388,1.2335108314171548,3.098625000000016,0.0,0.5772888919494368,0.012132817959634999,0.045448616154881,0.011633106254435,0.0226477278961884,0.06824950441357361,3.9068340957991636,0.438887999209601,0.016668056464768998,0.40621860853865377,0.4715573898805482,26.331084259119297,0.031113439330587998,0.000823512211121,0.029499355396790838,0.03272752326438516,37.78139402236336
2011-10-25,1.1540000000000001,1.1068333333333389,1.0426140641469608,3.1129687500000163,0.0,0.4631586660422231,0.011573585883805,0.049693360264458,0.011833347837805,0.0264999985023602,0.0728867220265558,4.199433748216043,0.435925014405137,0.015386671358583,0.4057671385423143,0.4660828902679597,28.3313397840243,0.031667883799245,0.000838816171455,0.0300238041031932,0.0333119634952968,37.7530678078476
2011-10-26,1.06,1.1061000000000056,0.9583220323659656,3.110906250000016,0.0,0.4166323138211146,0.011560080091549999,0.050150954878166995,0.011870210424225,0.026885342446686004,0.07341656730964799,4.224942362927127,0.435100166908866,0.015263302557316004,0.40518409389652665,0.4650162399212053,28.506292479953828,0.031764691758087,0.000841503673152,0.03011534455870908,0.03341403895746492,37.7475378557869
2011-10-27,1.148,1.1079000000000057,1.0361946024009334,3.115968750000016,0.0,0.4595381796360783,0.011571949754633002,0.050274060763123,0.011903372727967,0.02694345021630768,0.07360467130993832,4.2235139495382485,0.43597179240236295,0.015298686313543001,0.40598636722781867,0.4659572175769072,28.49733522651713,0.031851834002189,0.00084392488503,0.030197741227530207,0.0335059267768478,37.742498849349104
2011-10-28,1.1159999999999999,1.1121666666666723,1.0034467256106645,3.1279687500000164,0.0,0.4412701119162224,0.011531953381363999,0.050360392747831995,0.011894979693776002,0.02704623254803104,0.07367455294763296,4.233751888974078,0.4362121888837971,0.015271656993448,0.40627974117663895,0.4661446365909552,28.563514035900184,0.031832803414429005,0.000843388605058,0.030179761748515326,0.033485845080342684,37.743933488691795
2011-10-31,1.102,1.1143333333333392,0.9889320969189301,3.134062500000016,0.0,0.4332787991831503,0.011502807332611999,0.050461132595449015,0.011894210667216002,0.027148479687705653,0.07377378550319239,4.242495278357262,0.43634188464180396,0.015243414830671997,0.4064647915736869,0.4662189777099211,28.62494326165173,0.03182906396569,0.000843285657614,0.030176224076766563,0.033481903854613436,37.744106849578706
2011-11-01,1.037,1.1136666666666721,0.931158335827592,3.1321875000000152,0.0,0.4020885940610415,0.011392216412754001,0.050888306203855996,0.011892467702474999,0.027579069507005,0.074197542900707,4.279036737956853,0.43645640473985203,0.015111524842576999,0.4068378160484011,0.4660749934313029,28.88235365302888,0.031813653179162994,0.000842865160775,0.030161637464044,0.033465668894281986,37.74465318974777
2011-11-02,1.0659999999999998,1.1147333333333391,0.9562825189880936,3.1351875000000162,0.0,0.4155329627619037,0.011336799103734,0.051113611838687005,0.011904434901073999,0.02778091943258196,0.07444630424479204,4.293661334069207,0.4369246321683571,0.015066315721483,0.4073946533542504,0.4664546109824638,29.00009798316768,0.03182341416376,0.0008431615214480003,0.03017081758172192,0.033476010745798084,37.74296306725636
2011-11-03,1.0090000000000001,1.1147000000000058,0.9051762806136134,3.135093750000016,0.0,0.38837270210088176,0.011332942978842001,0.051300840152530995,0.011927982773851998,0.027921993915781085,0.07467968638928092,4.300881475532378,0.4364886701006741,0.015010768919927,0.4070675630176172,0.46590977718373106,29.078368498580822,0.031860315630171,0.000844218723001,0.030205646933089036,0.033514984327252965,37.739408949500266
2011-11-04,1.038,1.1161333333333392,0.9299964161987768,3.139125000000016,0.0,0.4014711830947695,0.011222976937346,0.051757564373819995,0.011942170614034998,0.028350909970311405,0.0751642187773286,4.33401649051893,0.437061797727699,0.014902107219992999,0.4078536675765127,0.4662699278788853,29.328858749676186,0.031867087310178,0.0008444396220160001,0.03021198565102664,0.033522188969329354,37.73755574626487
2011-11-07,1.077,1.1181000000000056,0.9632412127716612,3.144656250000016,0.0,0.4192888642764352,0.011133711774563,0.052151567491004996,0.011964069164855,0.028701991927889206,0.0756011430541208,4.359015881001768,0.437695883260418,0.014820476886798004,0.4086477485622939,0.466744017958542,29.533184836333213,0.031883786833554,0.000844952990269,0.03022767897262676,0.033539894694481244,37.7343913812489
2011-11-08,1.0859999999999999,1.1192666666666722,0.9702781583179414,3.1479375000000163,0.0,0.42310140172546107,0.011125389596726005,0.052181551145075,0.011980484190358999,0.02869980213197136,0.07566330015817864,4.355546096130933,0.43779972890761504,0.014814221434573999,0.40876385489585,0.4668356029193801,29.55266537908464,0.031884810953207,0.00084503655487,0.0302285393056618,0.0335410826007522,37.73187179826976
2011-11-09,1.287,1.1258333333333388,1.1431532198371521,3.1664062500000147,0.0,0.5216413672239202,0.011374714947517,0.052183307231024996,0.012163060424209999,0.028343708799573406,0.0760229056624766,4.290310613532363,0.440271016196686,0.01512838505284,0.4106193814931196,0.4699226509002524,29.102314269429485,0.032331518668304,0.000857523751542,0.03065077211528168,0.03401226522132632,37.70335061876155
2011-11-10,1.5590000000000002,1.1427000000000054,1.3643125929815287,3.2138437500000148,0.0,0.6637610572051592,0.01254820874298,0.04896694270778401,0.012416713479405001,0.024630184288150208,0.07330370112741781,3.943631524477469,0.444671568154931,0.016739696108431002,0.4118617637824062,0.4774813725274558,26.56389729386803,0.033059177072569,0.0008778146552839999,0.03133866034821236,0.034779693796925644,37.66077140950823
2011-11-11,1.4380000000000002,1.1567666666666725,1.2431201913379188,3.2534062500000163,0.0,0.5833932525436606,0.011771651692125,0.05310714032545901,0.012459359626348,0.02868679545781693,0.07752748519310107,4.262429363797524,0.4426862721834921,0.015399963276525,0.4125023441615031,0.4728702002054811,28.745930378828092,0.033271561443617,0.0008835521591499998,0.031539799211683005,0.03500332367555101,37.656590048557135
2011-11-14,1.482,1.1734333333333389,1.2629605431355222,3.3002812500000163,0.0,0.5961160053532066,0.011960213802884,0.052205220011621,0.012434850127548,0.02783291376162692,0.07657752626161507,4.198299092963553,0.44321073083775697,0.015682362243003,0.4124733008414711,0.4739481608340429,28.26173276513273,0.033270671467997004,0.000883449790386,0.03153910987884044,0.03500223305715357,37.65994607735848
2011-11-15,1.751,1.198633333333339,1.4608303901665716,3.3711562500000163,0.0,0.7327331911983072,0.013530217860450002,0.047233525677129004,0.012595892281366004,0.02254557680565164,0.07192147454860638,3.7499150216617974,0.448112090770142,0.017963691213158002,0.4129032559923523,0.4833209255479317,24.94543495837334,0.033845497597159,0.000899418357903,0.03208263761566912,0.03560835757864888,37.63042782013591
2011-11-16,1.778,1.2246000000000057,1.4519026620937383,3.4441875000000155,0.0,0.7261499451623079,0.013613391330220999,0.046895828428755996,0.012499091845665002,0.0223976084112526,0.0713940484462594,3.7519388614639597,0.448462059688424,0.018084784563579,0.4130158819438092,0.4839082374330389,24.797755157757692,0.033840994692916,0.00089893186038,0.0320790882465712,0.035602901139260804,37.64578405153392
2011-11-17,1.736,1.246066666666672,1.3931838852923808,3.5045625000000147,0.0,0.6838986212892384,0.013176386431858998,0.04871131739505901,0.012439894635548999,0.02432912390938297,0.07309351088073505,3.915733920756665,0.44744464587693294,0.017334067496419997,0.41346987358394977,0.4814194181699161,25.813020860184558,0.033893213918079,0.000900060524596,0.03212909528987084,0.03565733254628716,37.656594186577934
2011-11-18,1.59,1.2637666666666725,1.2581436446601375,3.554343750000016,0.0,0.593012226983207,0.012338649007282999,0.053156176631822996,0.012498957116203,0.02865822068406512,0.07765413257958087,4.252848948726741,0.44488493723836,0.01583801506162,0.4138424277175848,0.4759274467591352,28.08969024890259,0.034163670110074,0.000907402337447,0.03238516152867788,0.035942178691470116,37.649969258607825
2011-11-21,1.599,1.2804666666666722,1.2487634716509552,3.601312500000016,0.0,0.5869955997333034,0.012420697081484999,0.052787761887644995,0.012469773795411998,0.02834700524863748,0.07722851852665252,4.233257375291684,0.444729396168572,0.015922323959218998,0.4135216412085028,0.4759371511286412,27.93118625821491,0.034152108671795,0.0009069872493480001,0.03237441366307292,0.03592980368051708,37.654452911381796
2011-11-22,1.662,1.2995333333333388,1.278920638177802,3.654937500000015,0.0,0.6064693122125598,0.012778554805773001,0.05114505708343,0.01241662044069,0.0268084810196776,0.0754816331471824,4.119080334921524,0.444830311815387,0.016403543627183,0.4126793663061084,0.4769812573246657,27.117939996712238,0.034101217618896,0.0009054595656919999,0.03232651687013968,0.03587591836765232,37.66177851668428
2011-11-23,1.807,1.322166666666672,1.3666960796672074,3.7185937500000152,0.0,0.6654082544182746,0.013392416932468999,0.04880663163361098,0.012401055153950001,0.024500563531868986,0.07311269973535299,3.935683780751808,0.44733923480362,0.017380400313236,0.41327365018967743,0.4814048194175625,25.738143353519174,0.034199313600988,0.000908040444724,0.03241955432932896,0.03597907287264704,37.66276469257328
2011-11-24,1.824,1.3467000000000051,1.3544219202494934,3.787593750000015,0.0,0.6569545827370126,0.013315133345038,0.048976938305213,0.012334652397557,0.02480101960600128,0.07315285700442471,3.9706784371901267,0.4479219151218689,0.017330806705805998,0.4139535339784892,0.4818902962652487,25.845416357439703,0.034182177706847,0.0009073268816410001,0.03240381701883064,0.035960538394863364,37.673498271126775
2011-11-25,1.827,1.367566666666672,1.3359494966729175,3.8462812500000148,0.0,0.6443651411543839,0.01324798611212,0.049218079979467,0.012283708531392998,0.025142011257936726,0.07329414870099728,4.006776931712694,0.44802424525762297,0.017234780637864,0.4142440752074095,0.4818044153078364,25.995355245388364,0.034183617481087,0.0009071671430720001,0.03240556988066588,0.035961665081508117,37.68171912103543
2011-11-28,1.605,1.3817666666666717,1.1615564615347458,3.8862187500000136,0.0,0.5327268015629987,0.012511257166036998,0.053846217432566,0.012418680868443001,0.029505602930417717,0.07818683193471428,4.335904755342813,0.444691247728532,0.015762077380025,0.41379757606368295,0.475584919393381,28.212730911477408,0.034616835348014,0.000919118317497,0.03281536344571988,0.03641830725030812,37.6630893858041
2011-11-29,1.511,1.3895333333333386,1.08741543923619,3.908062500000015,0.0,0.488797697516049,0.012358618901761998,0.054877660180711,0.012443667510142,0.03048807186083268,0.07926724850058932,4.410087310351359,0.443690836642418,0.015449493575108,0.4134098292352063,0.4739718440496297,28.71879485792977,0.034693889313275,0.00092124866967,0.0328882419207218,0.0364995367058282,37.659635726481646
2011-11-30,1.2429999999999999,1.3871333333333389,0.8960926611236568,3.901312500000015,0.0,0.38362151199927774,0.012449629568021002,0.056435115994885,0.012636171430759,0.031668219990597365,0.08120201199917264,4.466156248680548,0.440923923004656,0.015134755560290999,0.4112598021064856,0.4705880439028264,29.13320411738364,0.035201790405068996,0.000935487453123,0.033368234996947924,0.03703534581319008,37.62935599781922
2011-12-01,1.069,1.3790000000000047,0.7751994198694676,3.878437500000015,0.0,0.3224480809702677,0.012859881910887,0.055457632017001,0.012703575455236,0.030558624124738438,0.08035663990926356,4.365513647116116,0.439563241309442,0.015449200042188999,0.4092828092267516,0.4698436733921325,28.452168404129313,0.035411133645752,0.0009413448196269999,0.03356609779928308,0.037256169492220916,37.61760080624335
2011-12-02,1.1740000000000002,1.3731333333333386,0.8549788804194753,3.861937500000015,0.0,0.3623948296481796,0.012631840253395001,0.05664497262709901,0.012718857780465,0.03171601137738761,0.08157393387681043,4.4536210408846255,0.440130580793771,0.015178513198478997,0.41038069492475215,0.4698804666627898,28.99694950608749,0.035492350864722,0.00094354661709,0.0336429994952256,0.0373417022342184,37.61589541192605
2011-12-05,1.0290000000000001,1.3621333333333387,0.7554326546593549,3.831000000000015,0.0,0.3127924178036954,0.013090975892657,0.055266370265419994,0.01275252454253,0.0302714221620612,0.0802613183687788,4.333759176945988,0.438795857094724,0.015579497783273,0.40826004143950895,0.4693316727499391,28.164955199380355,0.035635079960173,0.000947508057671,0.03377796416713784,0.03749219575320816,37.609263237029936
2011-12-06,1.0590000000000002,1.3589666666666718,0.7792685618975174,3.8220937500000143,0.0,0.3244473986836665,0.013015409999386005,0.05557296374891098,0.012725662943853,0.030630664378959106,0.08051526311886288,4.366999502823962,0.439058017765772,0.015504989908071996,0.4086682375459509,0.4694477979855931,28.3172075808437,0.035641145838978,0.000947551515847,0.03378394486791788,0.03749834681003812,37.61393997362472
2011-12-07,1.024,1.3577666666666717,0.7541796577713374,3.8187187500000137,0.0,0.3121834851723809,0.013231511609209,0.054753838113617996,0.012697393998871001,0.029866945875830844,0.07964073035140516,4.312210688152755,0.43843330128465796,0.015721233932104,0.4076196827777342,0.4692469197915818,27.887970065081173,0.03564460261847,0.0009475433963099999,0.0337874175617024,0.0375017876752376,37.61791043794688
2011-12-08,1.095,1.3560000000000048,0.8075221238938023,3.8137500000000135,0.0,0.3384407411938836,0.013011232659411004,0.05571999665208401,0.012686957208576,0.03085356052327505,0.08058643278089297,4.391911767024828,0.4391047608989461,0.015486835445027,0.4087505634266932,0.4694589583711991,28.353420713844837,0.03568443548808,0.0009485422076939999,0.03382529276099976,0.03754357821516024,37.62029269612975
2011-12-09,1.005,1.3523000000000052,0.7431782888412305,3.8033437500000153,0.0,0.3068528897194065,0.01344787731658,0.05382053553713901,0.012609154230078998,0.029106593246184174,0.07853447782809385,4.268369991759601,0.436528833236354,0.015903213624968,0.4053585345314168,0.4676991319412913,27.449095731883496,0.035549814559206,0.0009446828819510002,0.033698236110582036,0.037401393007829964,37.63147955616589
2011-12-12,0.9640000000000001,1.3477000000000052,0.7152927209319554,3.790406250000015,0.0,0.29346717496964186,0.013719864269508004,0.052857777502589,0.012569951659495001,0.0282206722499788,0.0774948827551992,4.2050899585329935,0.435854859873216,0.016181488486198,0.4041391424402679,0.4675705773061641,26.93539968495317,0.035557424682457,0.0009447424983189998,0.03370572938575176,0.037409119979162235,37.637160121127636
2011-12-13,0.982,1.3458666666666723,0.7296413711115486,3.785250000000015,0.0,0.3003324765474901,0.013735827511552,0.052669083480790996,0.012517254983468,0.028135263713193723,0.07720290324838829,4.207718349618321,0.436376203629879,0.01624275631688,0.4045404012487942,0.4682120060109638,26.865896102645674,0.035535777364097,0.0009439547551830001,0.03368562604393832,0.03738592868425568,37.64563626484917
2011-12-14,0.9890000000000001,1.3433000000000048,0.7362465569865231,3.7780312500000144,0.0,0.30350872730190925,0.013763113550277999,0.05241595581574,0.012465611537499,0.02798335720224196,0.07684855442923802,4.204844315745004,0.43689183452339203,0.016322431418981,0.4048998689421892,0.4688838001045947,26.76634524041271,0.035506434301662004,0.0009429727478639999,0.03365820771584856,0.03735466088747545,37.65372263631775
2011-12-15,0.851,1.3380333333333383,0.6360080715477916,3.763218750000014,0.0,0.25635939402607033,0.01472230566409,0.04953030828744599,0.012455244735392,0.025118028606077668,0.07394258796881431,3.9766627906317367,0.43564184907058096,0.017308244514518997,0.40171768982212375,0.4695660083190382,25.16961490260632,0.035646609022216,0.000946707117225,0.033791063072455,0.03750215497197701,37.65325978188336
2011-12-16,0.846,1.3316333333333383,0.6353100202758493,3.7452187500000136,0.0,0.2560387223313317,0.014910254049028,0.04889863608500799,0.012367268879741001,0.024658789080715632,0.07313848308930035,3.953875068173542,0.43552397058978004,0.017525762072528,0.4011734769276251,0.4698744642519349,24.85050115295532,0.035639115869607,0.0009461632846989999,0.033784635831596965,0.037493595907617035,37.66698248172007
2011-12-19,0.9109999999999999,1.326100000000005,0.6869768494080359,3.729656250000014,0.0,0.2800558069397124,0.014549451909864999,0.05015159199992,0.012312825805803002,0.02601845342054612,0.07428473057929387,4.073117965843687,0.43615060163562996,0.017125202143423,0.4025852054345209,0.4697159978367391,25.46834764243228,0.035679101752449996,0.0009469831568019999,0.03382301476511808,0.03753518873978192,37.67659593118425
2011-12-20,0.8859999999999999,1.3194333333333386,0.6715003915822422,3.710906250000016,0.0,0.2728009408198998,0.014819480876181004,0.049277101468446,0.012254120899676,0.02525902450508104,0.07329517843181096,4.021267773663727,0.4357704876268571,0.017418670526318,0.4016298933952738,0.4699110818584404,25.017436719320674,0.035677792501834,0.00094672846654,0.0338222047074156,0.0375333802962524,37.68534882259653
2011-12-21,0.903,1.3066333333333384,0.6910890583943441,3.674906250000016,0.0,0.28199236172591063,0.01470521269198,0.049570838403487,0.012195749669428001,0.025667169051408117,0.07347450775556587,4.064599532388696,0.43631877034065997,0.017328257148725,0.402355386329159,0.470282154352161,25.179610770767663,0.035668162069946996,0.000946234724885,0.0338135420091724,0.037522782130721605,37.694835258019296
2011-12-22,0.8959999999999999,1.2845333333333386,0.6975295827278359,3.612750000000015,0.0,0.28503294223547754,0.014751888426575004,0.04940620100831599,0.012147856586924,0.02559640209794495,0.07321599991868702,4.067071475102541,0.436319969842795,0.017385989523391,0.4022434303769486,0.4703965093086414,25.0960676846012,0.035665398504555,0.0009459755866460001,0.03381128635472884,0.037519510654381166,37.70223989713958
2011-12-23,0.809,1.2635666666666718,0.6402511409502177,3.5537812500000143,0.0,0.25831079603240603,0.015513450534013,0.04722457624477,0.012100694934215001,0.0235072141737086,0.0709419383158314,3.902633402585926,0.43490379757298797,0.018164398578469,0.3993015763591888,0.4705060187867873,23.942647795038795,0.03569972190594,0.000946736974165,0.0338441174365766,0.0375553263753034,37.70817331542269
2011-12-26,0.809,1.2411333333333383,0.651823602084114,3.4906875000000137,0.0,0.2636524476715301,0.015582430020403,0.04702594530699298,0.0120290149904,0.023449075925808992,0.07060281468817699,3.9093762327606516,0.43471479102378,0.018234766790355,0.3989746481146842,0.4704549339328759,23.83988761806993,0.035695918719967,0.000946358902736,0.033841055270604437,0.03755078216932956,37.71921901591835
2011-12-27,0.7490000000000001,1.2077333333333384,0.620170015455948,3.3967500000000137,0.0,0.2491088693806532,0.016008618894637,0.045709163743939,0.011947940679376998,0.022291200012360082,0.06912712747551791,3.825693897429351,0.434757482074826,0.018749984016632998,0.3980075134022253,0.4715074507474266,23.187085476401485,0.035672381088054,0.000945437972262,0.03381932266242048,0.03752543951368752,37.73106447448442
2011-12-28,0.738,1.1730666666666718,0.6291202546033162,3.2992500000000144,0.0,0.253199749343828,0.016007063592339,0.045656903406375,0.011870718328100001,0.022390295483299003,0.06892351132945099,3.846178651067723,0.4350552860334089,0.018776776439103,0.39825280421276704,0.4718577678540508,23.169860249675107,0.035662458738916,0.0009448755594999999,0.033810502642296,0.037514414835536004,37.74302169248277
2011-12-29,0.738,1.1398000000000053,0.6474820143884862,3.205687500000015,0.0,0.26164509866878416,0.016014432671498,0.04564312358648901,0.011805859571371,0.022503638826601845,0.06878260834637617,3.8661414961409215,0.4349594435657179,0.018780076594082002,0.3981504934413172,0.4717683936901186,23.16068528191105,0.035661354584408,0.0009445948718500001,0.033809948635582,0.037512760533234005,37.75306816408516
2011-12-30,0.738,1.1114000000000053,0.6640273528882459,3.125812500000015,0.0,0.26931657453447216,0.01587299085697,0.04597145899462498,0.011748947531273998,0.02294352183332795,0.06899939615592203,3.912815073201841,0.43548333905924397,0.018660199164208,0.3989093486973964,0.4720573294210917,23.337550431645013,0.035652443014291,0.0009441331773180001,0.03380194198674772,0.03750294404183428,37.762091059626535
2012-01-02,0.795,1.0846000000000051,0.732989120413052,3.0504375000000152,0.0,0.3019410555150959,0.015253700562872,0.04786288147271,0.011738265902336998,0.024855880304129482,0.07086988264129053,4.07750871133188,0.43678278564140105,0.018001744675306,0.4014993660778013,0.4720662052050008,24.263358553271622,0.035714928192281,0.0009457162555639998,0.033861324331375564,0.037568532053186436,37.7649511490906
2012-01-03,0.825,1.0567000000000055,0.7807324690072827,2.9719687500000163,0.0,0.32516764839796153,0.015207557490763001,0.048005100076037005,0.011720357824807,0.02503319873941529,0.07097700141265872,4.095873248377244,0.43663842184788004,0.017940339358838,0.4014753567045575,0.4718014869912025,24.33835910873044,0.035707906849063,0.0009454580441860001,0.033854809082458436,0.03756100461566756,37.76783863507522
2012-01-04,0.8490000000000001,1.0247666666666722,0.8284812802914441,2.8821562500000155,0.0,0.3489493233753962,0.015175841867559997,0.04805485854671298,0.011696794832044,0.02512914067590675,0.07098057641751923,4.108378340967781,0.43622843710750103,0.017889856971043998,0.4011643174442547,0.4712925567707472,24.384121002955517,0.035672375437733,0.000944427323387,0.03382129788389448,0.037523452991571525,37.77143519078704
2012-01-05,0.927,0.994866666666672,0.9317831535214052,2.798062500000015,0.0,0.4024207620471528,0.014853873332556004,0.04925470149202901,0.011739819229549999,0.026244655802111008,0.07226474718194703,4.195524694967273,0.43813821357066496,0.017594526030163,0.4036529425515455,0.4726234845897844,24.901961713520173,0.035807934133352,0.0009481599676389999,0.033949540596779564,0.037666327669924435,37.76570974887189
2012-01-06,0.9640000000000001,0.9661000000000054,0.9978263119759804,2.717156250000015,0.0,0.4381681021898641,0.014817825685355,0.049434421182290994,0.011761896077139001,0.02638110487109856,0.07248773749348343,4.202929600642607,0.4390472484506261,0.017597350883352004,0.40455644071925617,0.473538056181996,24.949621756192045,0.035866796855496,0.0009498015498360001,0.03400518581781744,0.03772840789317456,37.762411381310365
2012-01-09,0.945,0.9441000000000054,1.000953288846515,2.655281250000016,0.0,0.4398927506124036,0.014786582436716003,0.049503466617604,0.011763562687455,0.0264468837501922,0.07256004948501579,4.2082035802295135,0.43932222046583896,0.017582530760525003,0.4048604601752099,0.47378398075646794,24.98629045212202,0.035865202843459995,0.000949762827295,0.0340036677019618,0.0377267379849582,37.762272656659434
2012-01-10,0.882,0.9231333333333388,0.9554416119014892,2.5963125000000162,0.0,0.4150800434902844,0.014760092170301999,0.04970895036025599,0.011775641195498001,0.026628693617079903,0.07278920710343206,4.221337041014868,0.438916009968011,0.017502966718913004,0.4046101951989416,0.4732218247370805,25.07666368888981,0.035890750354793,0.00095048363188,0.0340278024363082,0.0377536982732778,37.76051385946185
2012-01-11,0.737,0.9062666666666719,0.8132264234220931,2.548875000000016,0.0,0.3412898646589897,0.015231253015497001,0.049136250534077004,0.011855714412754,0.02589905028507916,0.07237345078307485,4.144520424785004,0.43616982124117604,0.017718820116171,0.4014409338134808,0.4708987086688711,24.61618879708001,0.036134880705699,0.0009572771425850001,0.0342586175062324,0.0380111439051656,37.74756452255223
2012-01-12,0.612,0.8910333333333387,0.6868429912835243,2.506031250000015,0.0,0.279992832368163,0.016101890387614,0.047262228627821,0.011905839484892001,0.02392678323743268,0.07059767401820932,3.9696678833772547,0.43440656650353104,0.018479434501999,0.398186874879613,0.470626258127449,23.507568181079698,0.036364173206779996,0.0009635868901200001,0.0344755429021448,0.0382528035114152,37.738343661213385
2012-01-13,0.664,0.8740333333333388,0.7596964265283505,2.4582187500000154,0.0,0.31486731187356626,0.015501816766005,0.048975430426643,0.011884748460971,0.02568132344313984,0.07226953741014616,4.120863860726763,0.436193035087476,0.017909694271921,0.4010900343145109,0.4712960358604411,24.35513574183977,0.036395675927875,0.000964306484085,0.0345056352190684,0.0382857166366816,37.74285097999945
2012-01-16,0.623,0.8605000000000055,0.7239976757698966,2.420156250000016,0.0,0.2976265497055341,0.015783304765983,0.048203115069289,0.011867188230588,0.02494342613733652,0.07146280400124147,4.061881730757602,0.43567043847839204,0.018186971385364,0.4000239745630785,0.4713169023937054,23.9550846178264,0.036412086502056996,0.00096468614709,0.034521301653760605,0.0383028713503534,37.7450081686061
2012-01-17,0.679,0.8478333333333388,0.8008649498722182,2.384531250000016,0.0,0.3351259183619982,0.015388075564641,0.049563502907779,0.011878110621002,0.026282406090615083,0.07284459972494292,4.172675645918257,0.43662012756568896,0.017764666714604,0.4018013808050651,0.4714388743263128,24.578008390484552,0.036496819795323994,0.0009669502593110001,0.03460159728707444,0.03839204230357356,37.74425772566868
2012-01-18,0.72,0.8377000000000053,0.8594962397039458,2.356031250000015,0.0,0.3647051902430452,0.015221272957286997,0.05016415047151099,0.011887987912116002,0.026863694163763625,0.07346460677925835,4.219734310158985,0.43718531030824,0.017595722114371996,0.4026976949640709,0.4716729256524091,24.84611358752632,0.036541384163683,0.0009681589650650001,0.0346437925921556,0.0384389757352104,37.74316561868867
2012-01-19,0.787,0.8274333333333387,0.9511340289247814,2.327156250000016,0.0,0.4127631562888578,0.015069864501632,0.05084928697143799,0.011927042892440001,0.027472282902255587,0.07422629104062038,4.2633607869114485,0.43830429098998597,0.017457197277184,0.4040881843267054,0.4725203976532666,25.10736884223891,0.036653458905431,0.000971274069513,0.03474976172918552,0.03855715608167648,37.73750381683782
2012-01-20,0.769,0.8195666666666719,0.938300728027,2.3050312500000154,0.0,0.4058922542698319,0.015184055098023999,0.050429742298356,0.011907697587711001,0.02709065502644244,0.07376882957026956,4.235053999893161,0.43719037090704,0.017527603675198997,0.4028362677036499,0.4715444741104301,24.94296305465063,0.036593382027612996,0.000969610625798,0.034692945201048916,0.03849381885417708,37.74028569198442
2012-01-23,0.7809999999999999,0.8134666666666719,0.9600885100803084,2.287875000000015,0.0,0.4175854692046872,0.015179083086786,0.05044280947542802,0.011903915468358998,0.027111135157444382,0.07377448379341164,4.237497284780678,0.436967498249344,0.017509675125161998,0.4026485350040265,0.4712864614946615,24.955774172040638,0.036582801955232,0.000969315744408,0.034682943096192326,0.03848266081427168,37.74085190121238
2012-01-24,0.7709999999999999,0.8064333333333387,0.9560616707311969,2.268093750000016,0.0,0.4154139922629171,0.015174648061713003,0.05048654338949599,0.011900359765488,0.027161838249139505,0.07381124852985246,4.242438412316792,0.436428048405339,0.017469034305928,0.4021887411657201,0.4706673556449579,24.98295216337459,0.036570715314062,0.000968982252197,0.03467151009975588,0.038469920528368125,37.74136753396735
2012-01-25,0.7340000000000001,0.7979333333333387,0.9198763472303392,2.244187500000016,0.0,0.3961097250160228,0.015224715364899999,0.05027585399861599,0.01189639953365,0.026958910912661997,0.07359279708456999,4.226140342412515,0.436549018127324,0.01754217077596,0.4021663634064424,0.4709316728482056,24.885689673342146,0.036559548419027005,0.0009686750911760001,0.03466094524032205,0.03845815159773197,37.74180708480917
2012-01-26,0.711,0.7932666666666719,0.8962938062021958,2.2310625000000157,0.0,0.3837264769674431,0.015273295122358,0.050169024145499,0.011896763239397,0.02685136819628088,0.07348668009471712,4.217031400554438,0.43625189779659296,0.017572545904643,0.4018097078234927,0.4706940877696933,24.82576515457075,0.03656645499314602,0.000968859145932,0.0346674910671193,0.03846541891917273,37.741765814631535
2012-01-27,0.745,0.7899000000000054,0.9431573616913468,2.221593750000016,0.0,0.40848692878153703,0.015194501042982997,0.05041613346570902,0.011904912735446999,0.027082504504232892,0.07374976242718513,4.234901555858881,0.43703545691205503,0.017530279175304,0.4026761097284592,0.4713948040956509,24.930319280239395,0.036594542458186004,0.000969631706865,0.034694064312730595,0.0384950206036414,37.74066194317396
2012-01-30,0.773,0.7853000000000053,0.9843371959760534,2.2086562500000158,0.0,0.4307622371820544,0.015180320452144,0.050470292175467994,0.01190643456271,0.0271336804325564,0.0738069039183796,4.2389089621787885,0.43708258724841,0.017515731567308,0.4027517533764863,0.4714134211203337,24.953715782228127,0.036599076533768996,0.0009697565060499999,0.034698353781911,0.038499799285626995,37.74048052828881
2012-01-31,0.7509999999999999,0.7808000000000054,0.9618340163934359,2.196000000000016,0.0,0.41852820208288505,0.015191171975610996,0.050485337222735995,0.011908843313850002,0.02714400432759,0.073826670117882,4.239314926918348,0.4367970028199389,0.017502800484494,0.40249151387033066,0.4711024917695471,24.955835108039388,0.036605647343501996,0.0009699399012499999,0.034704565137052,0.038506729549952,37.7401190489613
2012-02-01,0.733,0.7751333333333388,0.94564376021329,2.180062500000015,0.0,0.4098179065855161,0.015204231842953001,0.050454476954894,0.011909279665528,0.027112288810459118,0.07379666509932889,4.2365683208311165,0.43672352695237204,0.017511828131589,0.4024003438144576,0.4710467100902864,24.938774162851335,0.036607105076905996,0.000969981886004,0.034705940580338164,0.038508269573473836,37.73998834938223
2012-02-02,0.604,0.7654000000000054,0.7891298667363414,2.1526875000000154,0.0,0.32930926351817635,0.015643615526469,0.050059783894754996,0.012007598754213,0.026524890336497527,0.07359467745301249,4.169008718515891,0.43511577394511997,0.01774208440148,0.4003412885182192,0.4698902593720208,24.52450141139105,0.036918620229141996,0.000978644490085,0.0350004770285754,0.038836763429708605,37.72424062381533
2012-02-03,0.555,0.7569333333333387,0.7332217720627041,2.128875000000015,0.0,0.302052939837133,0.01602193436399,0.04907679092259,0.011998250759076002,0.02556021943480104,0.07259336241037896,4.090328824430173,0.43432714592946997,0.018092482368043998,0.3988658804881038,0.4697884113708362,24.005945513402963,0.036960176400209,0.000979727486574,0.035039910526523964,0.03888044227389404,37.72495607881743
2012-02-06,0.56,0.7486333333333387,0.7480297430873984,2.105531250000015,0.0,0.309200108210824,0.016033083598258002,0.049057329027665984,0.011966477531681998,0.02560303306556927,0.0725116249897627,4.0995630416539,0.433963543597235,0.018084514493179,0.39851789519060415,0.4694091920038658,23.99641658950395,0.036950225833496005,0.000979335059161,0.03503072911754045,0.03886972254945156,37.72991223773385
2012-02-07,0.575,0.7428333333333387,0.7740632712586886,2.0892187500000152,0.0,0.3218905628801127,0.015947265355734,0.049329406869013,0.011945816808917,0.02591560592353568,0.07274320781449031,4.129429377503076,0.434066064886058,0.017993273949415002,0.3987992479452046,0.4693328818269114,24.123795708683108,0.036957617806335,0.000979442687998,0.03503791013785892,0.038877325474811084,37.73331330072053
2012-02-08,0.545,0.7364000000000054,0.7400869092884248,2.071125000000015,0.0,0.30536009490043925,0.016223047563372,0.048611774205746,0.011926115229192,0.02523658835652968,0.07198696005496233,4.076077857000398,0.433293268703405,0.018241917387909,0.3975391106231034,0.4690474267837066,23.752616541865894,0.036970721279793,0.000979723198154,0.035050463811411164,0.038890978748174834,37.735884328805696
2012-02-09,0.555,0.7303000000000054,0.7599616595919431,2.0539687500000148,0.0,0.3149965255027965,0.01611838439696,0.048754223858281,0.011891408946138,0.02544706232385052,0.07206138539271148,4.099953510901233,0.434162582907558,0.018204742317602,0.3984812879650581,0.4698438778500579,23.84887274607437,0.03694222675525498,0.000978825069303,0.035023729619421115,0.03886072389108886,37.74139824756029
2012-02-10,0.5720000000000001,0.7247666666666721,0.7892195189256254,2.0384062500000155,0.0,0.329353572848456,0.015934935947395,0.049201373019484004,0.011871500762742999,0.02593323152450772,0.07246951451446028,4.144494786530611,0.435007508056867,0.018067462871591,0.3995952808285486,0.4704197352851854,24.07684527421209,0.036935343668285006,0.000978554565116,0.03501737672065765,0.03885331061591237,37.744797260138654
2012-02-13,0.557,0.7168333333333387,0.7770285980004593,2.016093750000015,0.0,0.3233463282878225,0.016012487398173,0.048974000906147994,0.011857161156525,0.025733965039359003,0.07221403677293699,4.130331051391556,0.43490466661833294,0.018148485196238,0.3993336356337064,0.4704756976029594,23.963689636668786,0.036935095178190006,0.000978494897585,0.035017245178923406,0.038852945177456605,37.74684494456649
2012-02-14,0.5760000000000001,0.7085333333333387,0.8129469326307805,1.9927500000000151,0.0,0.3411500782583009,0.015892209877305,0.049352192955991005,0.011850840631876,0.026124545317514042,0.07257984059446798,4.164446598264364,0.4352263750378139,0.018030588813706002,0.3998864209629502,0.4705663291126777,24.13822307938085,0.036951576532951,0.000978898479966,0.035032935512217644,0.03887021755368436,37.748119227085255
2012-02-15,0.606,0.7004333333333387,0.8651786989006739,1.9699687500000151,0.0,0.36761903107827865,0.015845033462399998,0.049175616516470996,0.011786680402040004,0.026073722928472598,0.07227751010446941,4.17213454841457,0.4340390466485979,0.017969441299802,0.39881894170098603,0.4692591515962098,24.154287237265144,0.036780352160332,0.0009741116952710001,0.03487109323760084,0.03868961108306316,37.7578385916988
2012-02-16,0.653,0.6913000000000054,0.9445971358310356,1.9442812500000148,0.0,0.4092574289854778,0.01564587457812,0.049907259242426,0.011803478527185,0.0267724413291434,0.0730420771557086,4.228182321633794,0.434316924563561,0.017741567522794,0.3995434522188848,0.4690903969082373,24.480188912595235,0.036831139440947,0.000975510537734,0.034919138786988366,0.038743140094905634,37.75575764306598
2012-02-17,0.6509999999999999,0.6808666666666721,0.9561343385880664,1.9149375000000155,0.0,0.4154531367246558,0.015638037481249,0.049916051554284996,0.011807209772667,0.02677392039985768,0.07305818270871232,4.227590812338692,0.43449478565336397,0.017746839685275,0.39971097987022497,0.469278591436503,24.482938560259385,0.036832696736642995,0.0009755647190200001,0.0349205898873638,0.0387448035859222,37.7552570511584
2012-02-20,0.6459999999999999,0.6709000000000054,0.9628856759576608,1.8869062500000149,0.0,0.4190966236645514,0.015660184045692,0.049757474984964,0.011805569224136002,0.02661855930565744,0.07289639066427056,4.214745942384397,0.4349924499534261,0.01781736093105,0.4000704225285681,0.4699144773782841,24.413966335236932,0.036821243642298995,0.0009752579856120001,0.034909737990499484,0.03873274929409852,37.75538799528471
2012-02-21,0.653,0.663266666666672,0.9845210573926948,1.865437500000015,0.0,0.4308628139263591,0.015661199996409,0.04966841003411401,0.011805389426853,0.02652984675748213,0.0728069733107459,4.207265701979677,0.435673824853154,0.017875077622846,0.4006386727123758,0.4707089769939322,24.373254989187465,0.036818269860359,0.000975178622634,0.03490691975999636,0.038729619960721634,37.75541116859087
2012-02-22,0.635,0.659866666666672,0.9623156193170258,1.8558750000000148,0.0,0.4187884681725145,0.015671142416711,0.04967711344577901,0.011807578652109999,0.026534259287643414,0.07281996760391461,4.207222743072787,0.4354549928161221,0.017866317313468,0.4004370108817248,0.4704729747505194,24.37295751418541,0.036823930135111,0.0009753372249869999,0.03491226917413648,0.03873559109608552,37.75507505685183
2012-02-23,0.636,0.6606666666666722,0.9626639757820304,1.8581250000000158,0.0,0.4189767679265224,0.015670861260526,0.04967407476307,0.011807721736587,0.026530940159359483,0.07281720936678053,4.2069144134004866,0.435486497550505,0.017868989029647,0.4004632790523969,0.4705097160486131,24.371076440192837,0.036823805572389,0.000975334383084,0.034912150181544366,0.03873546096323364,37.75505735372527
2012-02-24,0.618,0.6591333333333387,0.9375948214827476,1.853812500000015,0.0,0.40551568084440903,0.015695250419331,0.049672580049255,0.011810400330628001,0.02652419540122412,0.07282096469728587,4.205833727789892,0.43501097627432106,0.017855345515123,0.40001449906467995,0.4700074534839621,24.363066842133414,0.036831769759320995,0.000975557941397,0.03491967619418288,0.038743863324459116,37.75456915102571
2012-02-27,0.602,0.6584333333333386,0.9142915000253052,1.8518437500000149,0.0,0.3931632209131842,0.015732400596693,0.049611647538819,0.011812130039293002,0.026459872661804714,0.07276342241583328,4.200059377418573,0.434681745606521,0.017868987555388998,0.3996585299979586,0.4697049612150834,24.32604221470955,0.036838761405219,0.0009757492208160002,0.03492629293241964,0.03875122987801837,37.75433340795104
2012-02-28,0.5820000000000001,0.6552000000000054,0.8882783882783809,1.8427500000000152,0.0,0.3795522391125598,0.015782588426448998,0.049452284883138,0.011809690224523002,0.026305292043072914,0.07259927772320307,4.187432857506196,0.4346663710604871,0.017926294423481003,0.3995308339904644,0.4698019081305098,24.247418947395182,0.036837513938251,0.0009757105464369999,0.03492512126723448,0.03874990660926752,37.75455136029353
2012-02-29,0.539,0.6491666666666721,0.8302952503209173,1.8257812500000152,0.0,0.3498640323775247,0.015985174466908,0.049064991496851,0.011817763072025,0.025902175875682002,0.07222780711802,4.151800234766565,0.43352453206352004,0.018047700980909,0.3981510381409383,0.4688980259861016,24.021039162944717,0.036879191291133,0.000976855268862,0.03496455496416348,0.03879382761810252,37.752973717481325
2012-03-01,0.486,0.6391333333333389,0.7604047147178404,1.7975625000000155,0.0,0.3152124059774118,0.016350743172342,0.048261442445372,0.011812893182871,0.02510817180694484,0.07141471308379915,4.085488770469177,0.431559425324876,0.018299938186615003,0.3956915464791106,0.4674273041706414,23.582561914909878,0.036907888184379,0.000977612859584,0.034991766979594364,0.03882400938916364,37.75307149713323
2012-03-02,0.465,0.6290000000000056,0.7392686804451446,1.7690625000000155,0.0,0.3049653534451043,0.016572604666737,0.047536315050644005,0.011781787240873,0.02444401205853293,0.07062861804275508,4.034728694279261,0.431743120612693,0.018574773218111,0.3953365651051953,0.4681496761201906,23.243520421112642,0.036885090253246,0.00097689554991,0.0349703749754224,0.038799805531069605,37.75745549935023
2012-03-05,0.48200000000000004,0.619033333333339,0.7786333530773717,1.7410312500000158,0.0,0.324135034038393,0.016393282120106,0.04808217536889,0.011766370315435001,0.025020089550637403,0.0711442611871426,4.0864067745526675,0.43195066691234796,0.018381457251236,0.3959230106999255,0.4679783231247706,23.499261294058037,0.036903884351455,0.000977322849447,0.03498833156653888,0.03881943713637112,37.76017758342621
2012-03-06,0.514,0.6104666666666723,0.8419788140220519,1.7169375000000158,0.0,0.3557756983607141,0.016129057047199,0.048949294801327,0.011769858222384,0.02588037268545436,0.07201821691719965,4.158868686135513,0.43226613547190296,0.018089069423246004,0.3968115594023408,0.4677207115414651,23.896538033980583,0.036947351398248,0.000978474510855,0.0350295413569722,0.0388651614395238,37.760157253310396
2012-03-07,0.47600000000000003,0.6018666666666721,0.7908728400531608,1.6927500000000153,0.0,0.3301710556521876,0.016380305521004997,0.048373519704804996,0.011771700537286,0.025300986651724443,0.07144605275788557,4.109306004819296,0.4315023540723951,0.018298037846376,0.3956381998934981,0.4673665082512921,23.58189209658069,0.036981661864467996,0.0009793993993110002,0.03506203904181844,0.038901284687117565,37.759530882380936
2012-03-08,0.461,0.5935333333333388,0.7767044816353966,1.6693125000000153,0.0,0.3231871069092753,0.016511763057025,0.04793236688004402,0.011751290136482,0.02489983821253929,0.07096489554754873,4.078902513966373,0.43166654240882596,0.018466152771336997,0.3954728829770055,0.4678602018406465,23.37609505098752,0.036967097363956,0.000978940581827,0.035048373823575084,0.03888582090433692,37.76235049419437
2012-03-09,0.461,0.5840666666666721,0.7892934596507175,1.6426875000000152,0.0,0.32939011848654104,0.016486499534317,0.04795479872006402,0.011733639328338999,0.02495686563651957,0.07095273180360845,4.086950125034601,0.432022353015615,0.018468958604275002,0.39582319415123607,0.468221511879994,23.39180904956964,0.036962672830226,0.000978752787755,0.0350443173662262,0.0388810282942258,37.76507540275658
2012-03-12,0.455,0.573466666666672,0.7934201348523525,1.612875000000015,0.0,0.3314318721978149,0.016488296958384,0.047893095742105006,0.011716309489473,0.024929129142737927,0.07085706234147209,4.087728801047351,0.432329869365897,0.018500847144400003,0.396068208962873,0.468591529768921,23.36811206489807,0.036954044024467995,0.000978453964732,0.035036274253593284,0.03887181379534272,37.76779016333523
2012-03-13,0.473,0.5642000000000053,0.8383551931938951,1.5868125000000148,0.0,0.3539384721651124,0.016325815089498003,0.04837758052880901,0.011715051415860002,0.025416079753723408,0.07133908130389463,4.129523534426312,0.43290417927996,0.018351681784571,0.3969348829822008,0.4688734755777192,23.58934643493707,0.036981574194227006,0.000979171229266,0.035062398584865644,0.03890074980358837,37.76824021059524
2012-03-14,0.498,0.556366666666672,0.8950931639805797,1.5647812500000151,0.0,0.3831001006214044,0.01619358384803,0.048821144521064,0.011723439954727,0.025843202209799084,0.07179908683232891,4.164404365066787,0.43338468460124396,0.018223524131701,0.3976665773031101,0.469102791899378,23.78160675559681,0.037020496662519,0.000980226166354,0.035099253376465155,0.038941739948572834,37.76730098953747
2012-03-15,0.513,0.5533333333333387,0.9271084337349308,1.556250000000015,0.0,0.39993824074135104,0.016141110125981,0.048965999757768,0.011726617996813,0.025981828484014518,0.07195017103152147,4.175628452387066,0.4338262528710271,0.01819449600617,0.3981650406989339,0.4694874650431203,23.84381808234261,0.037034110993425004,0.000980596295385,0.0351121422544704,0.038956079732379606,37.76692933446324
2012-03-16,0.5670000000000001,0.5537333333333387,1.023958584156022,1.5573750000000153,0.0,0.4526733313336158,0.016121782987346,0.049207906960837,0.011762805902227001,0.026152807392472086,0.07226300652920192,4.183347695256935,0.4348166105091029,0.018201063783363,0.3991425254937114,0.4704906955244944,23.88962621550432,0.037145571171535004,0.000983687438871,0.035217543791347845,0.03907359855172216,37.76155890957975
2012-03-19,0.537,0.552966666666672,0.9711254445716948,1.5552187500000152,0.0,0.4235614338122341,0.01610807569633,0.049370802092581996,0.011771642874612,0.026298382058342482,0.07244322212682153,4.194045182857363,0.434411295437145,0.01813721294915,0.39886235805681103,0.469960232817479,23.951380879469692,0.037173844044434995,0.00098446913289,0.035244284543970605,0.0391034035448994,37.760294154999045
2012-03-20,0.5329999999999999,0.5515666666666721,0.9663383090590344,1.5512812500000153,0.0,0.420965045393468,0.016085103856263,0.04937445553701901,0.011768441006431004,0.026308311164414244,0.07244059990962377,4.1954967110798345,0.434762088878259,0.018145545103143996,0.3991968204760968,0.4703273572804213,23.95971498276608,0.03716369810654,0.0009841871142060002,0.03523469136269624,0.03909270485038376,37.76080540998205
2012-03-21,0.512,0.5504666666666721,0.9301198982681272,1.5481875000000154,0.0,0.40153677984606817,0.016139713279152,0.04933243741131,0.011771708216551,0.02625988930687004,0.07240498551574996,4.190762844592889,0.43389487072431604,0.018129702873709,0.3983606530918463,0.4694290883567857,23.93281752860579,0.037173756354771006,0.0009844698530560002,0.03524419544278125,0.03910331726676077,37.76017745934165
2012-03-22,0.48200000000000004,0.5480333333333387,0.8795085457088899,1.5413437500000151,0.0,0.3750049882706043,0.016160953937411,0.04922181337315098,0.011766593251875,0.026159290599475984,0.07228433614682599,4.183183043682428,0.434009451405766,0.018169386219218996,0.3983974544160968,0.4696214483954353,23.886852652550807,0.037161384870481005,0.000984123152673,0.035232503491241934,0.03909026624972008,37.7609090585329
2012-03-23,0.446,0.5438333333333388,0.8201041985902461,1.5295312500000156,0.0,0.34473593261864144,0.016393529099236002,0.048761455662204,0.011776528656753,0.02567945949496812,0.07184345182943988,4.140562731467024,0.4329413603793549,0.018321422192788005,0.3970313728814904,0.4688513478772194,23.63033588897736,0.037206523585705996,0.000985368520945,0.0352752012846538,0.039137845886758206,37.75899350835759
2012-03-26,0.44,0.5399333333333389,0.8149154216569863,1.5185625000000158,0.0,0.3421350276695164,0.016472698565006,0.04856171601931,0.011765133269042001,0.025502054811987685,0.07162137722663232,4.127595914879263,0.432494747561106,0.018378173380252,0.3964735277358121,0.4685159673864,23.533064935922432,0.037200587835844,0.000985169243903,0.03526965611779412,0.03913151955389388,37.76060617613252
2012-03-27,0.429,0.5350333333333388,0.8018192012958613,1.5047812500000153,0.0,0.3356003969844679,0.016486299834469,0.048423314569414,0.011747541692125002,0.025398132852848997,0.071448496285979,4.121995549236908,0.432853779171952,0.018434454962865002,0.3967222474447366,0.4689853108991674,23.48069308498125,0.037178293899911,0.0009845097684339998,0.03524865475378036,0.03910793304604164,37.7632554718753
2012-03-28,0.562,0.5335666666666722,1.0532891859811224,1.5006562500000156,0.0,0.4692084601679631,0.016120637957936,0.051329978622636,0.012019451735639,0.02777185322078356,0.07488810402448844,4.2705757094093455,0.436525708119678,0.017936443870843997,0.4013702781328238,0.4716811381065322,24.33736092076004,0.038011198429899,0.001007641684141,0.03603622072898264,0.039986176130815364,37.72293170096736
2012-03-29,0.563,0.5305666666666721,1.0611296098510916,1.4922187500000152,0.0,0.4736752059572637,0.016124345775010002,0.051289852013167006,0.012019234215896001,0.027732152950010847,0.07484755107632317,4.2673144637896945,0.4367826386038111,0.017959723653915,0.4015815802421377,0.4719836969654845,24.320120232395983,0.038011889122229,0.0010076594158110002,0.03603687666723944,0.03998690157721856,37.72295333700199
2012-03-30,0.535,0.5267000000000054,1.0157584962976924,1.4813437500000148,0.0,0.4480990188786251,0.016033144875329,0.051682749447377,0.012028097722379998,0.0281076779115122,0.0752578209832418,4.2968348478924545,0.436445265007779,0.017814593040159,0.4015286626490674,0.4713618673664906,24.49931154890381,0.038034442242922004,0.0010082860751410001,0.03605820153564564,0.04001068295019836,37.72187594437525
2012-04-02,0.504,0.5219666666666721,0.9655789003129088,1.4680312500000154,0.0,0.4205537853162468,0.016134017261414,0.051507250892349005,0.012028506241297,0.027931378659406886,0.07508312312529113,4.282098696138134,0.43508170787743,0.017810141720188997,0.4001738301058596,0.4699895856490005,24.428873992857564,0.038029520712568,0.001008163818694,0.036053519627927764,0.04000552179720824,37.72156866513625
2012-04-03,0.506,0.5170666666666721,0.9785972150592986,1.4542500000000154,0.0,0.42762740222185697,0.016164316484581998,0.051407169949837,0.012024560865696001,0.027839030653072847,0.07497530924660116,4.2751806510033665,0.43481389960715994,0.017826796063976,0.39987337932176703,0.469754419892553,24.391028990667127,0.038016508272597,0.001007805972125,0.036041208567232,0.03999180797796201,37.722050994042355
2012-04-04,0.52,0.5132333333333388,1.0131843865688015,1.4434687500000152,0.0,0.4466673896888238,0.016144646459763,0.0513923360305,0.012027165970608999,0.02781909072810636,0.07496558133289365,4.273021271685281,0.43566333482561104,0.017871760060477002,0.4006346851070761,0.470691984544146,24.37719247300468,0.038024976160678,0.00100803938354,0.0360492189689396,0.0400007333524164,37.72171681145357
2012-04-05,0.525,0.5095333333333388,1.030354572811712,1.4330625000000154,0.0,0.4562558328396488,0.016168149927372,0.05130552951723,0.012026760880978,0.02773307819051312,0.07487798084394688,4.265947417178417,0.435805624975762,0.017907672611063,0.4007065866580785,0.4709046632934454,24.336251529778785,0.038026702092143,0.001008083003191,0.03605085940588864,0.04000254477839736,37.72179668914881
2012-04-09,0.525,0.5064333333333388,1.0366616204831058,1.4243437500000156,0.0,0.4598011296258125,0.01619585764534,0.051179657524452006,0.012010379389783998,0.027639313920475368,0.07472000112842864,4.261285664962854,0.4351008572846379,0.017898752162593002,0.4000193030459556,0.4701824115233202,24.30900508215107,0.037981807495383,0.001006829077094,0.03600842250427876,0.03995519248648724,37.7241861200484
2012-04-10,0.5379999999999999,0.5043000000000055,1.0668253023993537,1.4183437500000156,0.0,0.4769326404150421,0.016230874794822,0.05106014633885,0.012011254700998,0.027518087124893918,0.07460220555280607,4.251025193446972,0.43538844307200203,0.017956636924176,0.40019343470061697,0.4705834514433869,24.24665848680224,0.037990974659444,0.0010070764463369999,0.03601710482462348,0.039964844494264525,37.72402263763617
2012-04-11,0.519,0.5022000000000054,1.033452807646345,1.4124375000000151,0.0,0.457995831737386,0.016194892824188,0.051270436279387,0.012014152799463999,0.027722696792437558,0.07481817576633644,4.267503263457241,0.43488726212385,0.017867811856897,0.3998663508843319,0.4699081733633681,24.339144916392225,0.038005012960553,0.0010074593613969998,0.036030392612214884,0.03997963330889112,37.723618854310594
2012-04-12,0.503,0.5010000000000054,1.0039920159680529,1.4090625000000152,0.0,0.44157158040428107,0.016182218433872,0.051379412052745994,0.012017538859777,0.02782503588758308,0.07493378821790891,4.275368913073734,0.434547629524479,0.01782093983043,0.3996185874568362,0.4694766715921218,24.384102839653373,0.038015637954074,0.00100775413253,0.0360404398543152,0.0399908360538328,37.7231278215082
2012-04-13,0.52,0.5021333333333388,1.0355815188528832,1.4122500000000149,0.0,0.4591930938350954,0.01620370668718,0.051176233573146,0.012014865152760002,0.027627097873736392,0.0747253692725556,4.259409733066583,0.4355659537764171,0.017931612398606002,0.4004199934751493,0.4707119140776849,24.290395313825165,0.038010038103786004,0.0010075951818060002,0.036035151547446236,0.039984924660125765,37.72352110264063
2012-04-16,0.579,0.5059333333333388,1.1444195546185143,1.4229375000000153,0.0,0.5224002361109727,0.016428772687855,0.05068947513732,0.012056003525835999,0.02705970822668144,0.07431924204795856,4.204500689527314,0.43702892033435503,0.018238443799182998,0.4012815704879564,0.4727762701807537,23.96196326541491,0.03815456810082602,0.0010116073960899999,0.03617181760448961,0.04013731859716242,37.716774559286534
2012-04-17,0.5920000000000001,0.5096000000000055,1.1616954474097207,1.4332500000000157,0.0,0.5328109908295471,0.01650520721084,0.050340064092452994,0.01204071480957,0.026740263065695796,0.07393986511921019,4.1808202327360435,0.437854415922741,0.01839871828241,0.4017929280892174,0.4739159037562646,23.798093389002585,0.038147162138804,0.001011351906232,0.03616491240258928,0.04012941187501872,37.71897981674911
2012-04-18,0.599,0.5124333333333388,1.1689325440707607,1.4412187500000155,0.0,0.5372046101805681,0.016166698710644998,0.05009369415075498,0.011829115898422999,0.026908626989845905,0.07327876131166408,4.234779216038916,0.434652158083997,0.018039949750345,0.3992938565733208,0.4700104595946732,24.093867449696674,0.03752348079376898,0.000993953033296,0.035575332848508834,0.039471628739029145,37.7517644564728
2012-04-19,0.649,0.5182000000000054,1.252412196063283,1.4574375000000153,0.0,0.5893316632781915,0.016144776282252,0.050176679592795,0.011834336942693998,0.026981379185114767,0.07337198000047522,4.239923185875845,0.4346730903970771,0.018014416575189,0.3993648339097066,0.4699813468844475,24.12917945928639,0.037529981314243996,0.00099414439688,0.035581458296359204,0.0394785043321288,37.7510364007756
2012-04-20,0.902,0.5329000000000055,1.6926252580221255,1.4987812500000155,0.0,0.920856925997572,0.020079680297565,0.04513254591959599,0.01261251607539,0.020412014411831585,0.06985307742736037,3.5783935298730296,0.442712824276634,0.021868390536791002,0.3998507788245236,0.4855748697287444,20.24441732608639,0.040060315029726,0.0010647711974489998,0.03797336348272596,0.04214726657672604,37.62340221609026
2012-04-23,0.92,0.5482000000000055,1.6782196278730224,1.5418125000000154,0.0,0.9080753510496308,0.019953987235909,0.04545154052441901,0.01250377967155,0.020944132368181014,0.06995894868065701,3.635024106177732,0.4422526810680361,0.021660683872353998,0.3997977406782223,0.48470762145785,20.417300011126834,0.040054782861473,0.001064119997381,0.03796910766660624,0.042140458056339765,37.641227455615116
2012-04-24,0.852,0.5614333333333389,1.5175443804547732,1.5790312500000157,0.0,0.7755973435877351,0.018373679945598,0.05049490598348,0.012533459661723999,0.02592932504650096,0.07506048692045904,4.028808273719405,0.43940737207392894,0.019475263632541002,0.4012358553541486,0.4775788887937093,22.56233242151023,0.040381785969614,0.001072847386993,0.038279005091107716,0.042484566848120284,37.63982320242517
2012-04-25,0.77,0.5713333333333389,1.3477246207701152,1.6068750000000156,0.0,0.6523718615747081,0.017054899025786004,0.055807563261079,0.012624525805823999,0.031063492681663963,0.08055163384049405,4.4205670865937945,0.4362471570602021,0.017635237530526003,0.4016820915003712,0.4708122226200331,24.737243051309296,0.040753734039687996,0.001083053537914,0.03863094910537656,0.04287651897399945,37.62854984821945
2012-04-26,0.74,0.5794000000000055,1.277183293061776,1.6295625000000151,0.0,0.6053370840349366,0.016630599294576,0.057562440371232,0.012646552869663001,0.03277519674669252,0.08234968399577149,4.551630864511334,0.43501027352628796,0.017075064438133003,0.40154314722754736,0.4684773998250287,25.47634740134891,0.040813449387466005,0.001084710799355,0.038687416220730214,0.042939482554201804,37.62611141303304
2012-04-27,0.738,0.5869000000000054,1.257454421536877,1.6506562500000153,0.0,0.5925689114201366,0.016723145763183997,0.057172418595695,0.012651073976943001,0.032376313600886726,0.08196852359050327,4.519175107180246,0.43527792530003,0.017196813444499002,0.401572170948812,0.468983679651248,25.311545461887878,0.040800509565155,0.001084395268336,0.03867509483921644,0.04292592429109356,37.6251268854827
2012-04-30,0.7,0.5913333333333387,1.1837655016910826,1.6631250000000148,0.0,0.5462704356575668,0.016700365781133,0.057328598261896,0.012664209963339,0.03250674673375156,0.08215044979004044,4.526819945962131,0.435097128974537,0.017151857667446,0.4014794879463429,0.4687147700027312,25.367347223289666,0.040819883194997006,0.0010849678210669998,0.03869334626570568,0.04294642012428833,37.62312798812643
2012-05-01,0.7,0.5967666666666721,1.1729877674132718,1.6784062500000152,0.0,0.5396749890867139,0.016743890662832,0.05714260027089901,0.012668400100236999,0.03231253607443449,0.08197266446736354,4.510640634868209,0.4352691564484461,0.017212621905632,0.4015324175134074,0.4690058953834848,25.287789323137993,0.040814749162053,0.0010848548193930002,0.03868843371604272,0.04294106460806328,37.62231446314056
2012-05-02,0.703,0.6024333333333387,1.1669341005920328,1.6943437500000151,0.0,0.5359894306735387,0.016878010742688,0.056529031308240996,0.012660354248381,0.031714736981414235,0.08134332563506777,4.465043410255986,0.435886323296355,0.017411769875929,0.4017592543395342,0.4700133922531758,25.03400437763425,0.040786178733724,0.001084068710914,0.03866140406033256,0.04291095340711544,37.62324133433358
2012-05-03,0.636,0.6065666666666719,1.0485244820574728,1.705968750000015,0.0,0.4665036887596376,0.016631305346334998,0.058059670459311,0.012719425779552,0.033129595931389075,0.08298974498723292,4.564645563846828,0.434214808375045,0.016960356086478,0.4009725104455481,0.4674571063045419,25.601750703879524,0.040952721006422006,0.001088748298552,0.03881877434126008,0.04308666767158393,37.614498282922256
2012-05-04,0.5770000000000001,0.6097333333333387,0.9463153291056118,1.7148750000000148,0.0,0.4101777038208719,0.016729957602538002,0.058060608087893,0.012758078219815002,0.0330547747770556,0.0830664413987304,4.550889803898381,0.43356216210599197,0.016976679650523,0.4002878699909669,0.4668364542210171,25.538690193323244,0.041043453147726,0.001091345445199,0.038904416075135964,0.04318249022031604,37.60812245865604
2012-05-07,0.534,0.6126666666666719,0.8715995647442799,1.723125000000015,0.0,0.3709217602514364,0.016867209384672,0.057884738623516,0.012783814925241999,0.03282846137004168,0.08294101587699032,4.527970638030936,0.432718272875928,0.017029507128075,0.399340438904901,0.46609610684695507,25.409911726836768,0.041108939145905,0.0010932140335929998,0.03896623964006272,0.04325163865174728,37.60374261824881
2012-05-08,0.603,0.6181000000000053,0.9755702960685888,1.7384062500000148,0.0,0.4259782288063279,0.016722577186908998,0.05860827421826,0.012830997335363999,0.033459519440946564,0.08375702899557344,4.567709951644013,0.4338330399398839,0.016911788994605,0.4006859335104581,0.4669801463693097,25.65269943222893,0.04124035346864399,0.001096918547336,0.039090393115865416,0.04339031382142255,37.59655041736652
2012-05-09,0.655,0.6256333333333387,1.046939101710258,1.7595937500000152,0.0,0.4656053382303471,0.016806360922191,0.058174519298445,0.012841906887866999,0.03300438179822568,0.08334465679866432,4.530053037015041,0.43541824211556,0.017108314579358002,0.4018859455400183,0.4689505386911017,25.45068014127511,0.041265446665917,0.0010976449207999999,0.039114062621149,0.043416830710685,37.59453160485933
2012-05-10,0.633,0.6280000000000053,1.0079617834394818,1.766250000000015,0.0,0.44376904417777374,0.016798945605768,0.058149436367067014,0.012837547142573,0.03298784396762393,0.08331102876651009,4.529637610772896,0.43556101724337,0.017116456469277,0.4020127625635871,0.4691092719231529,25.44691525522153,0.041254208964377,0.001097324752099,0.03910345245026296,0.043404965478491035,37.59525963984025
2012-05-11,0.6409999999999999,0.6306000000000053,1.0164922296225731,1.7735625000000148,0.0,0.4485074711691177,0.016800717709451,0.058107880497639014,0.012836608587938999,0.032948127665278576,0.08326763332999945,4.526731503852051,0.43581821839662,0.017138426299981,0.4022269028486573,0.4694095339445827,25.429302012232874,0.041253815398276,0.001097310646899,0.03910308653035397,0.04340454426619804,37.59538423769981
2012-05-14,0.695,0.6359333333333387,1.0928818534437479,1.788562500000015,0.0,0.4919715091686925,0.016891846747101,0.057861190772014987,0.012854917232573999,0.032665552996169946,0.08305682854786002,4.5010939957978415,0.4367270960703279,0.017276441405856,0.4028652709148501,0.4705889212258057,25.278764637392587,0.04132066615847898,0.001099182003023,0.03916626943255391,0.04347506288440407,37.59219678346562
2012-05-15,0.752,0.6442000000000052,1.1673393356100497,1.8118125000000147,0.0,0.536235719760285,0.017087371717157,0.057210350400581,0.012864852567796998,0.03199523936769888,0.08242546143346313,4.447027286094991,0.437980604785191,0.017553855963071,0.4035750470975719,0.4723861624728102,24.950677828654126,0.041383991154327004,0.001100924727727,0.03922617868798208,0.043541803620671934,37.590209495754536
2012-05-16,0.7040000000000001,0.6508000000000053,1.081745543945904,1.8303750000000147,0.0,0.485516352320215,0.016909914167951002,0.058163042267775,0.01288182567848,0.032914663937954204,0.08341142059759579,4.515124153942041,0.437073019464665,0.017257260107871996,0.4032487896532359,0.4708972492760941,25.326906863117657,0.041466869856514,0.0011031939922140001,0.03930460963177456,0.04362913008125344,37.58801276038415
2012-05-17,0.665,0.6556333333333385,1.0142864405917862,1.8439687500000144,0.0,0.4472800624453245,0.016756967047143,0.058632413517347,0.012874819375644,0.03339776754108476,0.08386705949360923,4.554037754367791,0.43719464732471297,0.017115714989449,0.40364784594539294,0.47074144870403295,25.54346386313585,0.041450904083728,0.0011027244649639998,0.03928956413239856,0.04361224403505744,37.589538820171015
2012-05-18,0.622,0.6588666666666719,0.9440453303652662,1.8530625000000147,0.0,0.4089620581785948,0.01677585639121,0.058849397375025,0.0128961411898,0.03357296064301701,0.08412583410703299,4.563333830554711,0.436327132808856,0.017039027217716003,0.40293063946213264,0.4697236261555793,25.60751428081501,0.04150968766863298,0.0011043912868010002,0.039345080746503024,0.04367429459076295,37.586033287953505
2012-05-21,0.6,0.661366666666672,0.9072123380877908,1.860093750000015,0.0,0.38944076672331823,0.016778239094715,0.05890385575353599,0.012902506940798,0.033614942149571905,0.08419276935750007,4.565303163471227,0.43612523364009603,0.017019714265434,0.40276659367984535,0.4694838736003466,25.624709489150753,0.041522228556189,0.0011047541451479998,0.03935691043169892,0.04368754668067908,37.585039837632436
2012-05-22,0.556,0.661966666666672,0.8399214461956728,1.8617812500000148,0.0,0.3547321700967345,0.016943162127901,0.058600285339345,0.012919501394543,0.03327806260604072,0.08392250807264927,4.535800844767725,0.43526810438300795,0.017097048336056,0.40175788964433823,0.4687783191216778,25.458669580121192,0.041577226590495,0.0011063103462449998,0.0394088583118548,0.0437455948691352,37.581883538923776
2012-05-23,0.545,0.6628333333333388,0.8222278099069583,1.864218750000016,0.0,0.34580235920629715,0.016970805264212,0.058506250384342,0.012914549774969,0.033193732825402764,0.08381876794328122,4.530258615576225,0.4352474132730921,0.017124081384866,0.4016842137587547,0.4688106127874294,25.41727077154381,0.041576741833108,0.001106275051447,0.039408442732271884,0.043745040933944115,37.58264436925783
2012-05-24,0.45799999999999996,0.6613333333333388,0.6925403225806395,1.8600000000000152,0.0,0.2826766991127089,0.017746501486758,0.056748294000435996,0.012958986686294,0.031348680095299765,0.08214790790557225,4.3790687786147675,0.4333007694745661,0.017670083261248002,0.39866740628252,0.4679341326666122,24.521716342153425,0.041778948533316006,0.0011119196349349998,0.039599586048843415,0.043958311017788604,37.573712362546246
2012-05-25,0.435,0.6585000000000054,0.6605922551252793,1.8520312500000151,0.0,0.2677189956319302,0.018064626980123,0.055795011983806,0.012915351840246002,0.030480922376923836,0.08110910159068818,4.3200535822756185,0.4330242084598929,0.017965859234473,0.39781112436032573,0.46823729255946,24.10261612364151,0.041782870281169,0.001111830991168,0.03960368153847972,0.043962059023858274,37.58023531730685
2012-05-28,0.439,0.6538333333333387,0.6714249299005808,1.8389062500000148,0.0,0.2727656954366057,0.018130680666368998,0.05560031125372901,0.012866357261764,0.030382251020671568,0.08081837148678643,4.321371630100826,0.43288164239139,0.018024075714875,0.397554453990235,0.468208830792545,24.016856633271328,0.041779212127555,0.001111499143067,0.03960067380714368,0.04395775044796632,37.58816404686669
2012-05-29,0.441,0.6488000000000054,0.6797163995067761,1.8247500000000152,0.0,0.2766457863088924,0.018209686063536002,0.05537059426122401,0.012820860232507,0.03024170820551029,0.08049948031693772,4.318789321237027,0.43270765161686503,0.018092871355108002,0.3972456237608533,0.4681696794728766,23.915919321158643,0.041775158344361,0.0011111757033599999,0.0395972539657754,0.0439530627229466,37.59545697233219
2012-05-30,0.478,0.6447666666666722,0.7413534612004279,1.813406250000016,0.0,0.3059714301120424,0.017945839407325002,0.056254451334435,0.012800022747351002,0.031166406749627038,0.08134249591924296,4.394871200215346,0.43296312142635396,0.017835590709676004,0.3980053636353891,0.467920879217319,24.275233070439505,0.041813428954087004,0.001112073279832,0.039633765325616285,0.04399309258255772,37.59952667904678
2012-05-31,0.41700000000000004,0.6370333333333388,0.6545968290513261,1.7916562500000153,0.0,0.2649367715118994,0.018584868252261,0.05461053917623,0.012787470190977,0.02954709760191508,0.07967398075054492,4.270628854702071,0.43225519277875496,0.018383076557974,0.3962243627251259,0.46828602283238396,23.51375687391448,0.041890744689446,0.001114107197283,0.039707094582771316,0.04407439479612068,37.600281904293325
2012-06-01,0.386,0.6198333333333388,0.6227480505512181,1.7432812500000154,0.0,0.2502854952089844,0.019114249286057997,0.053211993348916,0.012727866837456999,0.02826537434750028,0.07815861235033172,4.1807471769202795,0.43126617520696103,0.018832671918443,0.3943541382468127,0.4681782121671093,22.89989317897134,0.04188765821010298,0.001113767346089,0.039704674211768536,0.044070642208437434,37.60898392037335
2012-06-04,0.406,0.6027000000000053,0.6736353077816433,1.695093750000015,0.0,0.2737985969260342,0.018840808271617,0.05403123145667,0.012681693086603,0.02917511300692812,0.07888734990641189,4.260569238483629,0.43144811201596295,0.018567159108245,0.3950564801638027,0.4678397438681232,23.23716350469489,0.041914711391149,0.0011142445448060001,0.03973079208332924,0.04409863069896877,37.61715647298322
2012-06-05,0.41200000000000003,0.5880333333333386,0.7006405532566119,1.653843750000015,0.0,0.28650495373847323,0.018724178087963003,0.0543206026531,0.01264330612342,0.0295397226511968,0.07910148265500319,4.2963922666142595,0.4318744656138821,0.018486069872438,0.3956417686639036,0.4681071625638606,23.362156942714247,0.041917216008408,0.001114119710348,0.03973354137612592,0.04410089064069008,37.62361945408002
2012-06-06,0.431,0.5767333333333386,0.7473124494278051,1.6220625000000148,0.0,0.30885272172010475,0.01854251871941,0.054886126904184006,0.012622223429711,0.03014656898195045,0.07962568482641756,4.3483723141035835,0.432051453295427,0.018313114621625,0.39615774863704206,0.46794515795381203,23.592461589534803,0.041938547651072994,0.001114571051887,0.03975398838937448,0.04412310691277151,37.6275227856254
2012-06-07,0.501,0.5687666666666721,0.8808533083279527,1.5996562500000149,0.0,0.3757009202686581,0.018103951153102,0.056622797181897014,0.012676931123480001,0.03177601217987622,0.08146958218391781,4.466601311497388,0.43323170329448996,0.017884927674245,0.3981772450529698,0.4682861615360102,24.22328516980031,0.042147561714941,0.00112035448505,0.039951666924243005,0.044343456505639006,37.61984468072391
2012-06-08,0.48100000000000004,0.5602000000000055,0.8586219207425836,1.5755625000000153,0.0,0.36425761132365936,0.01817511272794,0.056478677364505986,0.01267411545262,0.03163741107737079,0.08131994365164119,4.456222414545949,0.432695783392133,0.017912622340354997,0.3975870436050372,0.4678045231792288,24.155915039715897,0.042150442924132996,0.0011204208894910002,0.039954417980730635,0.044346467867535364,37.62018659190368
2012-06-11,0.4970000000000001,0.5534333333333389,0.8980304764199152,1.5565312500000157,0.0,0.38463319445794897,0.018098281555314,0.05673694530063,0.012673553031333001,0.03189678135921732,0.08157710924204267,4.476798665722249,0.432691772064806,0.017835131212368,0.3977349148885647,0.4676486292410473,24.26064416979182,0.04215712243788298,0.0011205908539660002,0.039960764364109634,0.044353480511656336,37.62044129549511
2012-06-12,0.551,0.5484666666666721,1.004618937644332,1.5425625000000154,0.0,0.4419182918197385,0.018025763786206,0.05709181475879301,0.012713039370574,0.032174257592467975,0.08200937192511805,4.490807673493032,0.43432187223851504,0.017842440366,0.399350689121155,0.4692930553558751,24.342066630422693,0.04228337140627501,0.001124127071905,0.04008008234534122,0.04448666046720881,37.61440540223176
2012-06-13,0.545,0.5432000000000056,1.0033136966126557,1.5277500000000157,0.0,0.4411965794730496,0.018026211460951,0.05710654525365499,0.01271221019358,0.03219061327423819,0.0820224772330718,4.492259361987039,0.4341693549362961,0.017830677328652,0.39922122737213817,0.4691174825004541,24.34957163621752,0.042281925175259,0.001124087344724,0.040078713979599966,0.04448513637091804,37.614448177623096
2012-06-14,0.53,0.5396666666666723,0.9820877084620034,1.5178125000000158,0.0,0.4295325301301216,0.01802431472232,0.057171979438792,0.012713858120039001,0.03225281752351557,0.08209114135406842,4.496823772846727,0.433816674063788,0.017797998800515,0.3989325964147786,0.4687007517127974,24.37446360830325,0.042286730828477004,0.001124222055547,0.040083255599604885,0.044490206057349116,37.61421564345983
2012-06-15,0.46299999999999997,0.5358666666666723,0.8640209007215635,1.5071250000000158,0.0,0.3670246483613999,0.018170532726831,0.057208195098052014,0.012756432086686,0.03220558820814745,0.08221080198795658,4.4846548556284285,0.432899259943654,0.017810163746821,0.3979913389998849,0.4678071808874232,24.30630431575441,0.042426418395223,0.00112814683501,0.040215250598603404,0.0446375861918426,37.60717761075277
2012-06-18,0.493,0.5345000000000055,0.9223573433114964,1.5032812500000154,0.0,0.3974214615780722,0.018073541430911,0.05751931741201901,0.012752764752021,0.03252389849805785,0.08251473632598016,4.510340975505227,0.432740138373407,0.017706404426828,0.3980355856968241,0.4674446910499899,24.439752303282003,0.042420137974736004,0.0011279532846169998,0.04020934953688668,0.044630926412585314,37.608062810087695
2012-06-19,0.547,0.5326333333333391,1.0269729019337774,1.4980312500000157,0.0,0.4543601028550446,0.018011095631439,0.057915813293719996,0.012789295993203996,0.032848793147040166,0.08298283344039982,4.528459840517944,0.4335288024280871,0.017662519110213,0.3989102649720696,0.4681473398841046,24.545128569877505,0.042531198349233,0.0011310787526059999,0.04031428399412524,0.044748112704340766,37.602331624795106
2012-06-20,0.557,0.5293666666666723,1.0522007430262466,1.4888437500000158,0.0,0.4685899405628927,0.018009167733395,0.057921030758452015,0.012792359594886999,0.032848005952473495,0.08299405556443054,4.5277831918985125,0.433629845233195,0.017667242747626998,0.3990020494478461,0.4682576410185439,24.544285230441126,0.042535793693888,0.0011312159839419998,0.04031861036536168,0.04475297702241432,37.60183227401415
2012-06-21,0.53,0.525933333333339,1.007732285460757,1.479187500000016,0.0,0.4436418740329234,0.017956207501084,0.058250753123025995,0.012802258095676,0.03315832725550104,0.08334317899055096,4.550037398691388,0.4328855390084769,0.017547890239028998,0.3984916741399801,0.4672794038769738,24.668808222066414,0.042557353690605,0.0011318323784889998,0.04033896222876656,0.04477574515244345,37.60040311570288
2012-06-22,0.532,0.5223000000000056,1.0185717020869125,1.4689687500000157,0.0,0.4496659724111219,0.017763401209057,0.058823276944056015,0.012788632240917001,0.033757557751858694,0.08388899613625334,4.5996534919389855,0.43187746125090004,0.017312895205148,0.3979441866488099,0.4658107358529901,24.945421094127106,0.042486204518539995,0.001129860755759,0.04027167743725237,0.04470073159982764,37.6030447132496
2012-06-25,0.523,0.5165666666666724,1.0124540233593486,1.4528437500000162,0.0,0.446261560376486,0.017850342290061,0.058416109077065,0.012791903794472,0.03334397763989988,0.08348824051423012,4.566646999198611,0.4323167480761211,0.017441718311393996,0.3981309801857889,0.4665025159664533,24.786362235520226,0.042463971860507,0.001129293165714,0.040250557255707566,0.04467738646530645,37.60225701328157
2012-06-26,0.527,0.5090666666666723,1.0352278679937026,1.4317500000000158,0.0,0.4589940888301083,0.01792373545209,0.058044169693110985,0.012793615815353,0.032968682695019104,0.08311965669120286,4.536963633334416,0.433076598439752,0.017578681401906,0.3986223828920161,0.4675308139874878,24.63646666881371,0.042452758813899996,0.001129010278214,0.04023989866860056,0.04466561895919945,37.601746975298425
2012-06-27,0.534,0.5034000000000057,1.06078665077472,1.415812500000016,0.0,0.4734794018583708,0.017975802706900003,0.057800596611362,0.012795537783466999,0.03272134255576668,0.08287985066695733,4.517246370531159,0.43368660970734796,0.017678416192091997,0.3990369139708477,0.4683363054438483,24.53198323848355,0.042454947613348004,0.0011290815544130002,0.04024194776669852,0.044667947459997484,37.601311833879926
2012-06-28,0.53,0.4989000000000056,1.062337141711754,1.4031562500000159,0.0,0.4743649220461061,0.018012270393833,0.057564580567787994,0.012788499201643,0.032499122132567726,0.08263003900300828,4.501277253893325,0.43423118638770697,0.017766054129148,0.3994097202945769,0.469052652480837,24.441622390155395,0.04243775512149501,0.0011285941200680002,0.040225710646161726,0.044649799596828285,37.60231811145104
2012-06-29,0.4970000000000001,0.494733333333339,1.0045815927772423,1.3914375000000159,0.0,0.4418976353273612,0.017974611157810003,0.05774989333309901,0.012791834005143998,0.03267789868301678,0.08282188798318124,4.514590582544719,0.4340666307175221,0.017708040005916,0.3993588723059268,0.4687743891291175,24.512404002504525,0.04245350395225602,0.001129024303818,0.04024061631677273,0.044666391587739294,37.60193984194535
2012-07-02,0.442,0.4894666666666723,0.9030236992644952,1.3766250000000158,0.0,0.3872447511650229,0.018046845218134,0.058028413644104014,0.01282874999494,0.03288406365402161,0.08317276363418641,4.523310039325207,0.43266659388024004,0.017616813411078,0.3981376395945271,0.4671955481659529,24.55986697390851,0.042572354892266004,0.001132366084683,0.04035291736628732,0.04479179241824468,37.59592897397449
2012-07-03,0.37799999999999995,0.48353333333333903,0.7817454846270415,1.3599375000000158,0.0,0.3256663610839201,0.018423648471331,0.05752274477586099,0.012876724634073,0.032284364493077915,0.08276112505864408,4.467187612574324,0.431078064143124,0.017788432390029,0.3962127366586672,0.4659433916275808,24.23361736949641,0.042747978008947,0.001137294765794,0.04051888026799076,0.044977075749903235,37.58742174383972
2012-07-04,0.385,0.4782000000000057,0.8051024675867743,1.3449375000000159,0.0,0.33723464437891104,0.018366371387463,0.05766649027499,0.012864678888746,0.032451719653047835,0.08288126089693215,4.482544086307201,0.431409491843947,0.017758928800740002,0.3966019913944966,0.4662169922933974,24.292540202422515,0.042751197550482005,0.0011373168834660002,0.040522056458888636,0.04498033864207537,37.58952159417653
2012-07-05,0.312,0.4733333333333391,0.6591549295774569,1.3312500000000158,0.0,0.26705128775836884,0.019288855953102,0.055824763392099006,0.012919344522788999,0.030502848127432564,0.08114667865676545,4.321021340798337,0.429600314134498,0.018397362185892,0.3935414842501497,0.4656591440188464,23.351190773639217,0.043015895777999004,0.001144682147264,0.04077231876936156,0.04525947278663645,37.57889985513045
2012-07-06,0.18100000000000002,0.4648666666666722,0.3893589559730342,1.3074375000000158,0.0,0.1490091168963134,0.024235951851436004,0.047137088680830004,0.013093289818907,0.02147424063577228,0.07279993672588772,3.600095112289062,0.424279682636697,0.022137700067452998,0.3808897905044891,0.4676695747689049,19.165481569626557,0.044031910729115,0.0011728615242330002,0.041733102141618315,0.04633071931661168,37.542292776554774
2012-07-09,0.22899999999999998,0.4578666666666722,0.5001456027955675,1.2877500000000155,0.0,0.19580754247942767,0.022188465755924,0.051714297465511996,0.012955865223937,0.026320801626595485,0.07710779330442853,3.991574207638759,0.4262995218635661,0.020318642849236998,0.3864749818790616,0.4661240618480706,20.980708457088905,0.044234015909625,0.0011774102852730001,0.041926291750489925,0.04654174006876008,37.56890564223284
2012-07-10,0.17800000000000002,0.4491000000000056,0.39634825205967,1.2630937500000157,0.0,0.15189767985245775,0.025312584904095,0.045855488426921,0.012809894233768,0.02074809572873572,0.07096288112510628,3.579692977171017,0.4240529097516661,0.022917155784098,0.379135284414834,0.4689705350884982,18.503732040164614,0.044371481551374,0.001180454055587,0.04205779160242348,0.046685171500324515,37.58848668558489
2012-07-11,0.151,0.4382000000000056,0.3445915107256916,1.2324375000000156,0.0,0.13070274107503582,0.028440540022914,0.040976183257403,0.012535044984736999,0.01640749508731848,0.06554487142748752,3.268929892736339,0.4223903309059111,0.025592511733172996,0.372229007908892,0.4725516539029302,16.50445002466906,0.044373292094342,0.001179201581375,0.042062056994847004,0.046684527193837005,37.62994622396708
2012-07-12,0.135,0.4288000000000056,0.31483208955223474,1.2060000000000155,0.0,0.11871630683938035,0.031551865371782,0.037060396708089,0.012205247882827,0.01313811085774808,0.060982682558429924,3.0364313010171062,0.420505319582163,0.028215644556365008,0.3652026562516876,0.4758079829126384,14.903268246881073,0.044348945178747,0.001176977609385,0.0420420690643524,0.0466558212931416,37.68036437151688
2012-07-13,0.083,0.4187000000000056,0.1982326247910172,1.1775937500000158,0.0,0.07308987171046498,0.048681029497098,0.024730806793272,0.011783698881313998,0.0016347569858965669,0.047826856600647435,2.098730376799574,0.4121733748687629,0.042248775663384,0.3293657745685302,0.4949809751689955,9.755865546323514,0.044552182316237,0.0011805558750050001,0.0422382928012272,0.0468660718312468,37.73830892674975
2012-07-16,0.054000000000000006,0.4069666666666723,0.13268899991809138,1.1445937500000158,0.0,0.04832749785208843,0.09238218347099196,0.013615887330927,0.011009212100559999,-0.0079621683861706,0.0351939430480246,1.236772187378792,0.39421036372368107,0.077296342525788,0.24270953237313656,0.5457111950742255,5.099987280668069,0.044535988928102004,0.001176670432905,0.042229714879608186,0.0468422629765958,37.8491612287371
2012-07-17,0.07200000000000001,0.3956333333333389,0.18198668801078186,1.1127187500000155,0.0,0.06689476472385715,0.066166883849424,0.018576578228658,0.010385532900976999,-0.0017790662572569234,0.03893222271457292,1.7886976437106719,0.406135925808094,0.055962359378510004,0.2964497014262144,0.5158221501899736,7.257305273016255,0.044685734508663,0.00117773040024,0.0423773829241926,0.0469940860931334,37.942244251799615
2012-07-18,0.099,0.3845666666666723,0.25743260813035945,1.0815937500000157,0.0,0.09599516775711088,0.051768377384135006,0.02357591037525,0.010086704177464,0.003805970187420561,0.043345850563079436,2.337325449468791,0.412844471896022,0.044374789007874,0.325869885440589,0.4998190583514551,9.303581631064572,0.044894149122248005,0.001181848614723,0.042577725837390924,0.047210572407105085,37.98637876540909
2012-07-19,0.079,0.3705000000000057,0.2132253711201047,1.042031250000016,0.0,0.07884135032009094,0.062776879949963,0.019638006225582,0.009807064177601,0.0004161604374840408,0.03885985201367996,2.0024347623252647,0.40869682634256804,0.053043322549382,0.3047319141457793,0.5126617385393567,7.704962787014004,0.044893057912882006,0.001180713677856,0.04257885910428425,0.04720725672147977,38.021968200111644
2012-07-20,0.125,0.35863333333333897,0.3485454038479358,1.0086562500000158,0.0,0.13230614891537987,0.04660193157312202,0.026485948188827997,0.009715304921972,0.0074439505417628815,0.04552794583589312,2.726208636944325,0.416782154760324,0.04005805336114,0.3382683701724896,0.4952959393481584,10.404453531549699,0.045362217333033,0.0011925638794560002,0.04302479212929924,0.04769964253676676,38.03755766417282
2012-07-23,0.217,0.3493000000000057,0.6212424849699298,0.9824062500000159,0.0,0.24959818072004536,0.037650848284992995,0.033848580845847,0.009908022331611,0.01442885707588944,0.05326830461580456,3.416280233630125,0.42402805820872297,0.032532640351267995,0.3602640831202377,0.4877920332972082,13.033926961670561,0.046492715032209996,0.001222992711293,0.04409564931807572,0.048889780746344286,38.015529122060016
2012-07-24,0.319,0.34156666666667235,0.9339318825021804,0.960656250000016,0.0,0.4035639205123206,0.035497359286138,0.037089694804799,0.010141709274257,0.017211944627255282,0.05696744498234271,3.6571443532644645,0.42982308663399604,0.03077674729594,0.3695006619339536,0.4901455113340384,13.965838641132155,0.04757726994641099,0.00125250913,0.04512235205161099,0.05003218784121099,37.98556737579198
2012-07-25,0.342,0.3348000000000057,1.0215053763440691,0.941625000000016,0.0,0.45130264632362105,0.035538989178499,0.037035825325013,0.010157781194245,0.0171265741842928,0.0569450764657332,3.6460546468549735,0.4312866743857151,0.030978160658810008,0.3705694794944475,0.4920038692769827,13.922281543305814,0.047651498746223,0.0012545360495190001,0.04519260808916576,0.05011038940328024,37.98336346293125
2012-07-26,0.251,0.3255000000000057,0.7711213517664995,0.9154687500000162,0.0,0.3204483799721809,0.036073057869569,0.037829502823297,0.010296459239789,0.01764844271331056,0.05801056293328344,3.6740302605299484,0.427181894588752,0.030435397011392,0.3675285164464237,0.4868352727310803,14.035693190690127,0.048288443904007,0.0012719420646,0.045795437457390994,0.050781450350623,37.96434228250332
2012-07-27,0.212,0.31713333333333904,0.6684885431994835,0.8919375000000159,0.0,0.2713951806793029,0.036978804072636005,0.037228035982343,0.01031310382058,0.017014352494006197,0.0574417194706798,3.6097800070678185,0.42546923309652596,0.030888237571906,0.3649282874555903,0.4860101787374618,13.774474251114595,0.048403366600912,0.0012750619513889998,0.04590424517618956,0.050902488025634435,37.96158025746673
2012-07-30,0.15,0.3057000000000057,0.4906771344455256,0.8597812500000162,0.0,0.1917211724556337,0.040323345818930996,0.035005868948374,0.010362893447972001,0.014694597790348882,0.05531714010639912,3.3780014360010697,0.42139144250846505,0.032841830826842,0.35702145408785474,0.4857614309290754,12.830936397250486,0.048777727491494005,0.001285212753937,0.046258710493777486,0.051296744489210525,37.95303722443138
2012-07-31,0.126,0.29166666666667235,0.4319999999999916,0.820312500000016,0.0,0.16676321787809853,0.042569452385339004,0.033359499574902,0.010307619292672,0.013156565761264885,0.05356243338853912,3.236392286880198,0.419495144787151,0.034376995648655,0.35211623331578723,0.4868740562585148,12.202786685448991,0.048814883852986,0.001285969588839,0.04629438345886155,0.051335384247110434,37.95959428329128
2012-08-01,0.11900000000000001,0.27706666666667235,0.42949951876803744,0.779250000000016,0.0,0.16571336747020116,0.043290119959801004,0.032851074370485,0.010232660926118,0.01279505895529372,0.05290708978567628,3.2104136556148832,0.41875395268545396,0.034862370985428,0.35042370555401514,0.4870841998168929,12.011631476828832,0.048806609456564995,0.0012854131473369998,0.04628719968778448,0.05132601922534552,37.96958943330071
2012-08-02,0.135,0.26390000000000563,0.5115574081091213,0.7422187500000158,0.0,0.200754905988512,0.041419101409714,0.034377705140109,0.010197380264304001,0.014390839822073162,0.054364570458144836,3.3712291048368086,0.419817584150722,0.033443786234396,0.3542677631313059,0.4853674051701382,12.552932290870668,0.04889889955861,0.001287649811326,0.046375105928411035,0.05142269318880896,37.97530906966629
2012-08-03,0.16699999999999998,0.25173333333333897,0.6634004237287985,0.7080000000000161,0.0,0.26902481484723106,0.039081978592242994,0.03663198976437,0.010233845425278,0.01657365273082512,0.056690326797914886,3.579494143412311,0.42240084315563003,0.031728566300179,0.36021285320727914,0.4845888331039808,13.312950832992668,0.049182535003389996,0.0012952481000190002,0.04664384872735276,0.051721221279427236,37.97151681029568
2012-08-06,0.139,0.23893333333333905,0.5817522321428433,0.6720000000000159,0.0,0.2317369163572988,0.040349709534801,0.035715272988373,0.010229856159815,0.0156647549151356,0.055765791061610406,3.4912781206709838,0.42089413866983705,0.032500472620718,0.35719321233322976,0.4845950650064443,12.950400555145409,0.049256508941229,0.0012971999053050002,0.0467139971268312,0.051799020755626805,37.971409602934415
2012-08-07,0.18600000000000005,0.2275666666666724,0.8173429031785354,0.640031250000016,0.0,0.3433509750150411,0.038123826627988,0.038390913494509,0.010351364201795001,0.01810223965899081,0.0586795873300272,3.708778161612023,0.424778093579671,0.030860996814714,0.3642905398228316,0.4852656473365105,13.76423762751367,0.04986817988200799,0.001313838207984,0.04729305699435935,0.052443302769656634,37.95610416788743
2012-08-08,0.165,0.21526666666667235,0.7664911737379791,0.6054375000000161,0.0,0.3181827860993526,0.03842836429448,0.038205750492931,0.010353856277753001,0.01791219218853512,0.05849930879732688,3.6900020116196783,0.423895115478096,0.030970263168662006,0.3631933996675185,0.4845968312886736,13.68716543251782,0.049894137425532004,0.0013145404568539998,0.047317638130098164,0.05247063672096584,37.955573877832364
2012-08-09,0.155,0.2027666666666724,0.7644254479697302,0.5702812500000161,0.0,0.31717365865729685,0.03840963611132701,0.03814572399639,0.010346272644583,0.017867029613007318,0.05842441837977268,3.686904966337163,0.42449545905508296,0.031052454617672,0.3636326480044457,0.4853582701057201,13.670270652726426,0.049878059332506,0.001314079973598,0.04730246258425392,0.05245365608075808,37.956639119874794
2012-08-10,0.145,0.19103333333333905,0.7590298377246327,0.537281250000016,0.0,0.3145426434016277,0.038519566017776,0.038077386275374,0.010341202734254,0.01780862891623616,0.058346143634511835,3.6821042246126368,0.423993375773689,0.031075276496552,0.3630858338404471,0.484900917706931,13.644074118559802,0.049875101095403,0.0013139810670810001,0.04729969820392424,0.052450503986881766,37.957244853016775
2012-08-13,0.165,0.18180000000000568,0.9075907590758792,0.5113125000000159,0.0,0.3896394026463338,0.037936154042625,0.038791812610751,0.010387460073017,0.01843239086763768,0.059151234353864324,3.7344848825478723,0.426350366045505,0.030803116488727997,0.3659762577275981,0.4867244743634119,13.84114384015417,0.050096801938083,0.0013200304113199998,0.047509542331895804,0.0526840615442702,37.951248326146995
2012-08-14,0.153,0.17430000000000564,0.877796901893259,0.4902187500000159,0.0,0.3741198904924919,0.038031869392332995,0.038787785713155,0.01038820238578,0.0184269090370262,0.05914866238928381,3.733830384961335,0.42539311837533295,0.030742248210674,0.3651383118824119,0.485647924868254,13.837410831509516,0.050101018645564,0.001320146278291,0.04751353194011365,0.05268850535101436,37.9511115316923
2012-08-15,0.158,0.16673333333333898,0.94762095161932,0.468937500000016,0.0,0.4108775699530182,0.037922315238442,0.038880861100833004,0.010398251134923,0.018500288876383924,0.059261433325282074,3.739173116357232,0.42638194919044897,0.030767638278077002,0.3660773781654181,0.4866865202154799,13.858130589576595,0.05014697731553401,0.0013214025926550001,0.04755702823393021,0.05273692639713781,37.9498099930192
2012-08-16,0.172,0.16206666666667233,1.0612916495269065,0.455812500000016,0.0,0.4737677318862606,0.03800007198522701,0.038768760199915,0.010423145277174998,0.01833939545665201,0.059198124943178,3.7194876564575696,0.42881970374461204,0.031112196843974,0.3678397979304229,0.489799609558801,13.783009470373395,0.05026903264446599,0.0013247406307650002,0.04767254100816658,0.05286552428076539,37.946320567987904
2012-08-17,0.16699999999999998,0.16160000000000566,1.0334158415841221,0.4545000000000159,0.0,0.45797505338010797,0.037955661386703,0.038859631584167,0.010422341780799,0.01843184169380096,0.05928742147453304,3.7284933080736833,0.4284367044070711,0.03101135054374,0.3676544573413407,0.4892189514728015,13.815480361062734,0.050276027123430996,0.0013249197065599999,0.047679184498573404,0.0528728697482886,37.94647092538272
2012-08-20,0.171,0.1596666666666723,1.070981210855912,0.4490625000000159,0.0,0.4793161677070619,0.038044442494475,0.03872892576093498,0.010422411277267,0.018300999657491667,0.0591568518643783,3.715927603568141,0.42909053033019,0.031170760090374998,0.36799584055305495,0.490185220107325,13.765802601094832,0.050288397711947,0.0013252488547370002,0.04769090995666248,0.05288588546723152,37.94638081155725
2012-08-21,0.18899999999999997,0.160033333333339,1.1810039575088105,0.450093750000016,0.0,0.54457635616953,0.03848824826358701,0.038264776299132996,0.010439856026658001,0.017802658486883324,0.058726894111382676,3.665259003708787,0.431180966680176,0.031781619673063,0.3688889921209725,0.4934729412393795,13.566991585568433,0.05039917745835098,0.001328261527749,0.047795784863962944,0.053002570052739034,37.943715454721435
2012-08-22,0.18899999999999997,0.16130000000000566,1.1717296962181856,0.4536562500000159,0.0,0.5389079385398041,0.038487808885513,0.038285382668072,0.010431241260829999,0.0178401497968452,0.0587306155392988,3.6702614493094265,0.430938160377469,0.031736729572321,0.3687341704157199,0.4931421503392182,13.578530812239261,0.050398262262597,0.001328195137559,0.047794999792981366,0.05300152473221264,37.944923029325
2012-08-23,0.16,0.162133333333339,0.9868421052631232,0.456000000000016,0.0,0.4321333551903069,0.038041514157366,0.039586795422167004,0.010497080344996999,0.019012517945972883,0.060161072898361125,3.771219626896857,0.427074588296481,0.030594693812794997,0.3671089884234028,0.4870401881695592,13.959106468255612,0.050720780958487,0.001337002826671,0.048100255418211835,0.05334130649876216,37.936180796858096
2012-08-24,0.16899999999999998,0.16500000000000567,1.0242424242423889,0.4640625000000159,0.0,0.4528320431245938,0.03792721891771498,0.039700348797234004,0.010483623405288,0.01915244692286952,0.060248250671598474,3.7868919229976488,0.42599017173729503,0.030391012506021,0.36642378722549385,0.4855565562490962,14.016978593684563,0.050652682007814004,0.001335140386444,0.048035806850383764,0.05326955716524424,37.938094392248395
2012-08-27,0.17600000000000002,0.16906666666667233,1.0410094637223626,0.4755000000000159,0.0,0.4622524644299215,0.03800603253166,0.039533719550355,0.010483892697267001,0.01898528986371168,0.060082149236998325,3.7709008182296686,0.42682086860153995,0.030575558830429,0.3668927732938992,0.4867489639091808,13.959544319980225,0.050648072796449006,0.0013350206754319993,0.04803143227260229,0.053264713320295726,37.93804375357068
2012-08-28,0.168,0.1722666666666723,0.9752321981423828,0.4845000000000159,0.0,0.42579418974657257,0.037983127443668,0.039699346601331,0.010493055295085,0.01913295822296441,0.0602657349796976,3.783392490071569,0.4259301325145379,0.030409377450916,0.3663277527107425,0.4855325123183332,14.006539042176525,0.050685789798605003,0.001336059314309,0.04806711354255935,0.05330446605465064,37.93678114118903
2012-08-29,0.17600000000000002,0.17483333333333895,1.0066730219256108,0.491718750000016,0.0,0.44305512107075695,0.037926894341806995,0.039764871952062,0.01049487051441,0.0191949257438184,0.0603348181603056,3.7889816646583716,0.42585735163580896,0.030355712967607,0.3663601542192992,0.4853545490523187,14.028902964336464,0.050685706586931,0.001336064950352,0.048067019284241085,0.053304393889620924,37.93655882791053
2012-08-30,0.147,0.17710000000000567,0.8300395256916729,0.4980937500000159,0.0,0.34973503049960986,0.038107813416448,0.040394537089283,0.010560144395303004,0.01969665407448911,0.06109242010407689,3.825187949821022,0.4220168395859361,0.029810627913988995,0.3635880088745177,0.4804456702973545,14.1565900860446,0.05097570243026799,0.0013440312432209999,0.04834140119355482,0.05361000366698115,37.927468343758726
2012-08-31,0.131,0.17730000000000568,0.7388606880992432,0.498656250000016,0.0,0.3047685822489531,0.038581762833097,0.040216062777774,0.010579011071581,0.01948120107747524,0.060950924478072765,3.80149548059464,0.420037475029005,0.029880546889689,0.3614716031252146,0.4786033469327954,14.057221796497554,0.051058120486163,0.0013463078058739998,0.04841935718664996,0.05369688378567604,37.92455207002769
2012-09-03,0.14,0.174733333333339,0.8012209080503365,0.491437500000016,0.0,0.33530288369930145,0.038223989744089,0.040572729060559,0.010589256848519002,0.019817785637461758,0.06132767248365624,3.8314991921491,0.4209043442481271,0.02969639342226,0.3626994131404975,0.4791092753557567,14.173584592013945,0.051098343108004006,0.001347411156191,0.04845741724186965,0.05373926897413837,37.92334869220557
2012-09-04,0.121,0.168133333333339,0.7196669310071129,0.4728750000000159,0.0,0.295555084059227,0.038886882460079,0.040031426996267994,0.010598759729814,0.01925785792583256,0.060804996066703434,3.776991649660648,0.4201342752601311,0.030086838739981005,0.3611640713297683,0.4791044791904938,13.964055143548185,0.05114770502766902,0.0013487756159660002,0.048504104820375656,0.05379130523496237,37.9215819312082
2012-09-05,0.111,0.16043333333333898,0.6918761687097199,0.4512187500000159,0.0,0.2823634620900275,0.039128547073483004,0.039893723926974,0.010594310301961,0.01912887573513044,0.06065857211881756,3.7655800887378037,0.41904209720347596,0.030135355291823995,0.35997680083150096,0.4781073935754511,13.905331234543786,0.051151452785665,0.001348855940306,0.04850769514266524,0.05379521042866476,37.92210217353932
2012-09-06,0.138,0.15666666666667234,0.8808510638297554,0.440625000000016,0.0,0.3756997583082941,0.03815918717176,0.04114252102821799,0.010671474980581,0.020226430066279225,0.06205861199015675,3.8553734233632517,0.42248844342567204,0.029634473593142998,0.3644048751831117,0.4805720116682322,14.256654234055171,0.05150891716775799,0.001358645923246,0.04884597115819583,0.05417186317732015,37.91195063146721
2012-09-07,0.153,0.15470000000000567,0.9890109890109527,0.4350937500000159,0.0,0.4333220626111109,0.038032383080250996,0.041289553046894995,0.010698485529173999,0.02032052140971396,0.06225858468407604,3.859382987835298,0.424217409405015,0.029708375300007,0.3659889938170013,0.4824458249930288,14.279387718820029,0.051620368404415,0.001361719915883,0.04895139736928432,0.054289339439545684,37.908212843416635
2012-09-10,0.17300000000000001,0.1554666666666723,1.1127787307032186,0.4372500000000159,0.0,0.5036094891483406,0.038286102410571995,0.04099400399128,0.010728433705823,0.01996627392786692,0.06202173405469308,3.821061407037522,0.426757207656976,0.030182995055604,0.36759853734799214,0.4859158779659599,14.13899471774735,0.051760823348206995,0.001365583620317,0.04908427945238568,0.054437367244028326,37.90381092605996
2012-09-11,0.16,0.15660000000000565,1.021711366538916,0.4404375000000159,0.0,0.4514176673510186,0.038161980910825,0.041268635148016,0.010737278617793,0.02022356905714172,0.062313701238890275,3.843491131880468,0.426090870330939,0.029961031535737002,0.3673672485208945,0.4848144921409835,14.221502014131508,0.05180916800200002,0.001366899140415,0.04913004568678661,0.05448829031721342,37.90269996530864
2012-09-12,0.185,0.15880000000000566,1.1649874055415204,0.4466250000000158,0.0,0.5348071355773851,0.038584175189461,0.04083321049188,0.010773303738053,0.019717535165296115,0.061948885818463875,3.790221781982235,0.429025648952621,0.030608357184377,0.3690332688712421,0.4890180290339999,14.016617957255384,0.051997564014608005,0.0013720665572439998,0.049308313562409764,0.05468681446680625,37.89726069779481
2012-09-13,0.18600000000000005,0.16050000000000564,1.1588785046728567,0.4514062500000159,0.0,0.531106039120302,0.03854015632606,0.040932202649058995,0.010760900275850999,0.019840838108391042,0.062023567189726965,3.803789794513417,0.4280440033146389,0.030438746334925,0.3683840604981859,0.4877039461310919,14.062471515901525,0.051971290148948,0.0013713072135790002,0.04928352801033317,0.054659052287562834,37.89908609414466
2012-09-14,0.22699999999999998,0.16250000000000567,1.396923076923028,0.4570312500000159,0.0,0.6865366000413168,0.040370335904554,0.039238137449214,0.010850677077579,0.01797081037715916,0.060505464521268836,3.616192535145197,0.4345848120763249,0.032615959216559,0.3706575320118693,0.4985120921407806,13.324299591829634,0.052475023468563,0.001385109094812,0.04976020964273148,0.055189837294394514,37.885119421364216
2012-09-17,0.228,0.1654666666666723,1.3779210314262222,0.4653750000000159,0.0,0.6732023630603983,0.040334069831416,0.039293978902945996,0.010824120310191998,0.018078703094969686,0.060509254710922326,3.6302237758708613,0.434377336458455,0.032532586931773994,0.370613466072178,0.49814120684473207,13.352068723259242,0.052476226920045,0.0013850005932449995,0.0497616257572848,0.0551908280828052,37.88895627624945
2012-09-18,0.222,0.16666666666667232,1.3319999999999548,0.4687500000000159,0.0,0.641693898970999,0.04005383813398,0.03965808522284,0.010804872265568,0.018480535582326717,0.06083563486335328,3.670389084488925,0.4336961598557629,0.032167492520911,0.3706478745147773,0.4967444451967484,13.482436020582908,0.052494127782501995,0.0013853647006610002,0.049778812969206436,0.05520944259579756,37.89191954829465
2012-09-19,0.212,0.16823333333333898,1.2601545472557532,0.4731562500000159,0.0,0.5943067850069088,0.03960605976413101,0.040333870766908995,0.010797474124633001,0.019170821482628324,0.061496920051189674,3.735491310406701,0.4320047169704061,0.031499524056842004,0.3702656498189958,0.4937437841218164,13.714642678118965,0.052539992992737,0.0013865246262049998,0.0498224047253752,0.0552575812600988,37.893299548919686
2012-09-20,0.22899999999999998,0.17070000000000565,1.3415348564733005,0.4800937500000159,0.0,0.6481550219590166,0.040328140982657995,0.039490448687967,0.010791341268026,0.01833941980263604,0.060641477573297964,3.659456939330985,0.434296721930422,0.032395930250195,0.37080069864003984,0.4977927452208042,13.405903722360597,0.052598505765639,0.001388053238619,0.04987792141794576,0.05531909011333224,37.893723599527455
2012-09-21,0.203,0.172633333333339,1.1759026839157751,0.4855312500000159,0.0,0.5414544883546112,0.039325281493707,0.041183047466164004,0.010830444798102,0.01995537566188408,0.06241071927044393,3.8025259565869822,0.4311302532550921,0.030939172704360002,0.3704894747545465,0.4917710317556377,13.9347699233838,0.052848103330690004,0.001394816968531,0.050114262072369235,0.055581944589010765,37.888916268599054
2012-09-24,0.20600000000000002,0.17400000000000568,1.1839080459769729,0.489375000000016,0.0,0.5463579579173508,0.039399654424889,0.041026784915801,0.010820307771803001,0.019818981683067127,0.06223458814853487,3.7916467609832964,0.431870133195142,0.031105904318617997,0.3709025607306508,0.4928377056596333,13.883863615456894,0.052842886137027006,0.0013946283825310006,0.05010941450726625,0.05557635776678777,37.89029880571979
2012-09-25,0.21,0.1759000000000057,1.1938601478112176,0.494718750000016,0.0,0.5524875683598952,0.039494865643725,0.040884975252482005,0.010810463476942,0.01969646683767568,0.06207348366728833,3.7819817198113084,0.43231948042831,0.031241817599746008,0.3710855179328078,0.4935534429238122,13.837846631299405,0.052842649935692,0.0013945727274870005,0.05010928738981748,0.055576012481566524,37.891641571752146
2012-09-26,0.205,0.17746666666667235,1.1551465063861388,0.499125000000016,0.0,0.5288517183358366,0.039356244338501996,0.041090206232892,0.010804395160673998,0.019913591717970962,0.062266820747813034,3.803101017857362,0.43187272084568,0.031048986441437998,0.3710167074204616,0.4927287342708985,13.909398352188989,0.0528547309739,0.0013948566753820002,0.05012081189015128,0.055588650057648716,37.89258918621133
2012-09-27,0.179,0.1777000000000057,1.0073157006189886,0.499781250000016,0.0,0.4434110760378189,0.039019488637906,0.042002786931664,0.010842407644383002,0.02075166794867332,0.06325390591465467,3.8739354126223997,0.4293227571286111,0.030289887514857002,0.3699545775994914,0.4886909366577308,14.173798331804216,0.053052003663982,0.0014002513588449999,0.0503075110006458,0.0557964963273182,37.887485935211366
2012-09-28,0.172,0.17786666666667236,0.967016491754092,0.5002500000000161,0.0,0.4213324602809204,0.039006598216665,0.042094970180613,0.01084473175269,0.0208392959453406,0.0633506444158854,3.881605478177892,0.42875789361546895,0.030189255007652998,0.3695869538004691,0.4879288334304688,14.2023343572667,0.053066470293763,0.0014006446074120002,0.05032120686323548,0.05581173372429052,37.8871770989911
2012-10-01,0.183,0.17826666666667235,1.0265519820493316,0.501375000000016,0.0,0.4541243907905775,0.039023104250252,0.042008429075885007,0.010850440731201,0.020741565242731047,0.06327529290903898,3.8715873499118887,0.42997165056397496,0.030356323827511,0.3704732558620534,0.4894700452658966,14.16415416461962,0.053098106515872004,0.0014015113396029998,0.050351144290250116,0.05584506874149388,37.88631958618976
2012-10-02,0.177,0.17786666666667236,0.9951274362818272,0.5002500000000161,0.0,0.4366819558118585,0.038997389816516,0.042092322481980006,0.010851018535289001,0.020824326152813568,0.06336031881114644,3.879112577781556,0.429539200902031,0.030266303620967005,0.3702172458049357,0.4888611559991263,14.191994049926304,0.053106858579684,0.0014017437555310002,0.050359440818843235,0.05585427634052476,37.88628154762544
2012-10-03,0.171,0.17726666666667235,0.9646483640466031,0.498562500000016,0.0,0.42005008110894654,0.039007804593129,0.042152775260766995,0.010852107697368999,0.02088264417392376,0.06342290634761025,3.8842938566657566,0.42893849465888395,0.030182287783922,0.3697812106023969,0.4880957787153711,14.211596474385734,0.053114897538002005,0.0014019622542140002,0.050367051519742564,0.05586274355626145,37.886110969365376
2012-10-04,0.172,0.17766666666667233,0.9681050656660104,0.499687500000016,0.0,0.42192249269550497,0.038992386146322,0.042144554138335996,0.010851636341875,0.020875346908261004,0.06341376136841101,3.883704983340155,0.429180456847526,0.03020396693798,0.3699806816490852,0.4883802320459668,14.20940692091175,0.05311419488106299,0.001401939373787,0.05036639370844047,0.05586199605368551,37.88622808816032
2012-10-05,0.16899999999999998,0.17766666666667233,0.9512195121950916,0.499687500000016,0.0,0.4128090823639065,0.039039219932052005,0.042162119983811,0.010849949269021998,0.02089621941652789,0.06342802055109413,3.885927845228534,0.428381436356062,0.030129778319996005,0.36932707084886973,0.4874358018632542,14.217875478750782,0.053107652210508,0.0014017598139860002,0.050360202975095435,0.05585510144592056,37.88641369272788
2012-10-08,0.159,0.17710000000000564,0.8977978543195648,0.4980937500000159,0.0,0.3845116944988304,0.039124156427656,0.042228550675983,0.010854915858123005,0.020952915594061917,0.06350418575790409,3.8902697384230214,0.427151940539573,0.030011123507012995,0.3683301384658275,0.4859737426133185,14.233120610754929,0.053130850619433,0.001402398523788,0.05038214951280852,0.055879551726057484,37.88570061806357
2012-10-09,0.141,0.17620000000000566,0.8002270147559335,0.4955625000000158,0.0,0.3348088459458189,0.039456786757923995,0.042145385745013,0.010872270336893001,0.020835735884702725,0.06345503560532327,3.876410762341159,0.4257841354681189,0.030030625365642997,0.3669241097514586,0.4846441611847792,14.17833063027844,0.05321825222422402,0.001404804738554,0.050464834936658175,0.055971669511789855,37.8830244258704
2012-10-10,0.13699999999999998,0.17490000000000566,0.7833047455688712,0.4919062500000159,0.0,0.32643447946316273,0.039582469033029,0.04208337486178298,0.010869118626511,0.020779902353821426,0.06338684736974454,3.871829566671147,0.4250268362473039,0.030027895804127007,0.36617216047121504,0.4838815120233929,14.15439959628788,0.053216326548045,0.001404742228099,0.05046303178097096,0.05596962131511904,37.88333936544708
2012-10-11,0.15,0.17500000000000562,0.8571428571428296,0.4921875000000158,0.0,0.3635009090091181,0.039217385033045,0.042270824272721996,0.010870181644780999,0.020965268248951244,0.06357638029649276,3.888695300047536,0.42725889638472403,0.030051831817137,0.3683573060231353,0.4861604867463125,14.217399424586105,0.053227396871112,0.001405029477124,0.05047353909594896,0.055981254646275035,37.88347343435126
2012-10-12,0.154,0.1757666666666723,0.8761615778493935,0.4943437500000158,0.0,0.3732749891228784,0.039199302435967004,0.042292680435691996,0.01086984913137,0.0209877761382068,0.0635975847331772,3.8908249714007552,0.427241331776073,0.03003632182346,0.36837014100209137,0.4861125225500546,14.224156149584465,0.053227785798289996,0.001405036956456,0.050473913363636234,0.05598165823294377,37.883548581209325
2012-10-15,0.142,0.17583333333333898,0.8075829383885996,0.4945312500000159,0.0,0.3384710734074437,0.03947395614159298,0.042203652129276,0.010877505800896001,0.02088374075951984,0.06352356349903215,3.879901597092226,0.42584399726175504,0.030031083700152002,0.3669830732094571,0.484704921314053,14.180107568332453,0.05327035671776,0.001406208444951,0.05051418816565604,0.05602652526986397,37.88226198541836
2012-10-16,0.154,0.17693333333333894,0.8703843255463174,0.4976250000000159,0.0,0.37029583483505735,0.039252587632028,0.04239656524153501,0.010884457160025998,0.021063029207884058,0.06373010127518597,3.8951474215215565,0.426890783394084,0.029987586297664,0.36811511425066257,0.4856664525375054,14.235583322934348,0.053307445016194006,0.0014072201691789998,0.05054929348460317,0.05606559654778485,37.88138216302608
2012-10-17,0.193,0.17966666666667228,1.0742115027828978,0.5053125000000158,0.0,0.481172760666983,0.039210375461169,0.042678949766234,0.010963030064799999,0.021191410839226005,0.06416648869324201,3.8929884816487124,0.4305459509745821,0.030261590096647008,0.37123323438515404,0.4898586675640102,14.227472832707912,0.053684277512867,0.0014175860074799999,0.050905808938206204,0.0564627460875278,37.870208389201096
2012-10-18,0.209,0.18203333333333893,1.1481413660501385,0.5119687500000157,0.0,0.5246339231434898,0.039488510298878995,0.04234516995878202,0.010965215909275001,0.020853346776603016,0.06383699314096103,3.8617725641831737,0.4314725478052279,0.030586849618161,0.3715223225536324,0.4914227730568234,14.106472330156135,0.053720976156695,0.0014185741864150001,0.0509405707513216,0.0565013815620684,37.86969808922885
2012-10-19,0.198,0.18353333333333896,1.0788231020704355,0.5161875000000158,0.0,0.483829239908362,0.039303145088752996,0.04278140343739199,0.010964567992678,0.021290850171743102,0.06427195670304088,3.901786505949107,0.4293868178197511,0.030125291314848,0.37034124684264896,0.4884323887968531,14.253366493027727,0.053739734366082,0.001419059176735,0.0509583783796814,0.0565210903524826,37.86997416819345
2012-10-22,0.215,0.18493333333333892,1.162581110309986,0.5201250000000158,0.0,0.5333476385899596,0.039600133542935,0.042354852081035003,0.010971686693928001,0.020850346160936117,0.06385935800113388,3.860377466344815,0.43139446085821503,0.030609423260814998,0.3713999912670176,0.4913889304494125,14.093518103311345,0.05379813096186098,0.001420647840101,0.05101366119526303,0.056582600728458936,37.86873104178142
2012-10-23,0.205,0.18643333333333886,1.0995887716788508,0.5243437500000158,0.0,0.4958793718774692,0.039369672761847,0.04257815874477898,0.010963987662024999,0.021088742927209983,0.06406757456234799,3.883455550780484,0.4315041744940829,0.03044671870353,0.3718286058351641,0.4911797431530017,14.172436074172072,0.053789417020490005,0.001420370716079,0.05100549041697516,0.05657334362400485,37.86998451289318
2012-10-24,0.19,0.18660000000000565,1.0182207931403764,0.5248125000000159,0.0,0.44947038230258574,0.039229255336544,0.042952531663348004,0.010973562173599,0.02144434980309396,0.06446071352360204,3.9141831051622837,0.430212379072007,0.030113311568246006,0.3711902883982448,0.4892344697457692,14.286451959858699,0.053848159322276,0.001421966574948,0.051061104835377916,0.05663521380917407,37.868794014543965
2012-10-25,0.18899999999999997,0.18670000000000567,1.0123192287091285,0.5250937500000159,0.0,0.4461866791760943,0.03926106436292,0.042954744820112,0.01097092162177,0.021451738441442804,0.0644577511987812,3.915326925212621,0.429748070461834,0.030072136566334,0.3708066827918194,0.4886894581318486,14.290573252548395,0.05384229579594,0.001421798926885,0.0510555698992454,0.0566290216926346,37.86913520457277
2012-10-26,0.187,0.18536666666667231,1.008811364862404,0.5213437500000159,0.0,0.4442399577170501,0.039278563537742006,0.04296898808991,0.010968724261040999,0.02147028853826964,0.06446768764155036,3.91740981606478,0.429332558136535,0.030027814553337997,0.3704780416119925,0.4881870746610775,14.297829013627375,0.05383717576681,0.0014216520799929999,0.05105073769002372,0.05662361384359627,37.86944536181291
2012-10-29,0.174,0.18356666666667235,0.9478845106228144,0.516281250000016,0.0,0.4110189076068289,0.039274495430665995,0.04310012308805,0.010974942283252999,0.02158923621287412,0.06461100996322587,3.9271389293608734,0.428569364911706,0.029899430248073,0.3699664816254829,0.4871722481979291,14.333696707793619,0.053868529425080997,0.0014225128649240002,0.05108040420982996,0.05665665464033205,37.86857100091015
2012-10-30,0.172,0.18190000000000564,0.9455744914788052,0.5115937500000158,0.0,0.4097808027914743,0.039285609161665,0.043115809849056,0.010974534428627,0.021605722368947082,0.06462589732916492,3.928714254755783,0.42825540009117496,0.029865693305307008,0.3697186412127732,0.4867921589695767,14.339375808666384,0.053866212424704005,0.0014224489822109998,0.05107821241957045,0.056654212429837564,37.86864281135068
2012-10-31,0.17800000000000002,0.18076666666667232,0.9846948183661872,0.5084062500000159,0.0,0.4309578747766271,0.039240880709295,0.043036927525556004,0.010974593061739,0.02152672512454756,0.06454712992656443,3.9215055431619694,0.429547346079179,0.03001166025818,0.37072449197314616,0.4883702001852118,14.312681883772195,0.053867338480427004,0.0014224796162810001,0.05107927843251624,0.056655398528337765,37.86861889891479
2012-11-01,0.166,0.17866666666667233,0.9291044776119108,0.5025000000000159,0.0,0.4009974908484327,0.039191568933587,0.04312849746030999,0.010976753385690001,0.021614060824357587,0.06464293409626239,3.929075924811743,0.429350490977735,0.029938633955573,0.3706707684248119,0.4880302135306581,14.341018084354445,0.05387837224889,0.001422781070026,0.051089721351639035,0.056667023146140964,37.868350503078425
2012-11-02,0.158,0.17716666666667233,0.8918156161805924,0.498281250000016,0.0,0.3813921950980821,0.039272001911816,0.043132986915448,0.010979333480472002,0.02161349329372288,0.06465248053717312,3.928561509873377,0.428617964109625,0.029890058762252997,0.3700334489356091,0.4872024792836409,14.33981671026056,0.05389040744622702,0.0014231130577370009,0.051101105853062496,0.056679709039391526,37.867973421548136
2012-11-05,0.149,0.17526666666667232,0.8501331304678309,0.4929375000000159,0.0,0.3599224363382182,0.039405161524129,0.043093768003274,0.010982121861039,0.02156880915563756,0.06461872685091044,3.923992881207899,0.427804179491305,0.029870285018055998,0.3692584208559153,0.4863499381266948,14.322065532106695,0.053905899577535,0.001423540960712,0.05111575929453948,0.056696039860530525,37.86747348006171
2012-11-06,0.14800000000000002,0.17320000000000565,0.8545034642032054,0.4871250000000159,0.0,0.3621519926797633,0.039432422311499,0.043087278509897006,0.01098067700686,0.02156515157645141,0.06460940544334261,3.923918214057345,0.427521283252216,0.029855055994278002,0.3690053735034311,0.4860371930010009,14.319895542455207,0.05390265112056599,0.001423448646943,0.051112691772557714,0.056692610468574274,37.86764716544895
2012-11-07,0.113,0.170133333333339,0.6641849529780344,0.4785000000000159,0.0,0.2693899317031654,0.040651479655149,0.042647174672357,0.011047952621068998,0.02099318753506176,0.06430116180965223,3.860188048872314,0.424470876294728,0.030162549016304007,0.36535228022277216,0.4835894723666839,14.072778665532613,0.054254686210977995,0.001433141693764,0.05144572849120056,0.057063643930755435,37.85716823888527
2012-11-08,0.094,0.16730000000000567,0.5618649133293294,0.470531250000016,0.0,0.2228613303997584,0.04206961496717298,0.041550401431265,0.011048383097719999,0.019895570559733795,0.0632052323027962,3.760767622172584,0.422685681094715,0.030913819467273996,0.362094594938858,0.483276767250572,13.673033238166607,0.054363904920407005,0.0014360638828690001,0.051549219709983767,0.05717859013083024,37.856188411189926
2012-11-09,0.098,0.164833333333339,0.5945399393326388,0.4635937500000159,0.0,0.2374858856773113,0.041821072290318,0.041792676542765,0.011023855889633002,0.02018591899908432,0.06339943408644569,3.7911123803848796,0.4228838272530821,0.030757651408212995,0.36259883049298464,0.4831688240131796,13.74889849815246,0.054373615105933,0.0014361786092610001,0.051558705031781435,0.05718852518008456,37.85992546840541
2012-11-12,0.09300000000000001,0.161833333333339,0.5746652935118235,0.4551562500000159,0.0,0.2285650180591351,0.042332848165046,0.04138689779367501,0.010996256265614998,0.019834235513069617,0.0629395600742804,3.7637261986237673,0.42171777436725294,0.030987479221942,0.3609823150922466,0.4824532336422593,13.609295914223168,0.054363965764766,0.0014357833072429994,0.051549830482569725,0.057178101046962276,37.86362850892094
2012-11-13,0.095,0.15910000000000568,0.5971087366435991,0.447468750000016,0.0,0.23864473703407985,0.042210531352554995,0.041556079959041994,0.010968355222230998,0.020058103723469244,0.06305405619461478,3.788724846804144,0.420916966851927,0.030808295045971,0.36053270856182384,0.4813012251420301,13.662455719274487,0.054344538866055996,0.00143511375642,0.0515317159034728,0.0571573618286392,37.86775690982877
2012-11-14,0.11599999999999999,0.15726666666667233,0.7376006782534706,0.4423125000000159,0.0,0.30416113466521955,0.040913207403043994,0.043026517860795,0.010999367766379999,0.0214677570386902,0.0645852786828998,3.911726453251777,0.42247908769529,0.029961904225083,0.36375375541412736,0.4812044199764527,14.100541958932178,0.054542176916462994,0.001440468375046,0.05171885890137283,0.057365494931553164,37.864196022146494
2012-11-15,0.11,0.15520000000000567,0.7087628865979123,0.4365000000000159,0.0,0.2903584265631588,0.041176747241267,0.042827798309835,0.010995796360225,0.021276037443794,0.064379559175876,3.8949246518201233,0.421838740503658,0.030071328319508997,0.3628989369974204,0.4807785440098956,14.027938374441344,0.054549668929872994,0.0014406543584589999,0.05172598638729335,0.057373351472452636,37.86450831151517
2012-11-16,0.10099999999999999,0.15293333333333906,0.6604184829991036,0.430125000000016,0.0,0.2676382463011594,0.041681182300567006,0.042443884861792,0.010991578933501998,0.02090039015212809,0.06398737957145592,3.861491157782886,0.4208466469839301,0.030301549461589,0.3614556100392157,0.4802376839286445,13.8886180562288,0.054571954694157015,0.001441232052626,0.05174713987101005,0.05739676951730398,37.86479394121945
2012-11-19,0.105,0.15113333333333906,0.6947507719452759,0.4250625000000161,0.0,0.28371992771307597,0.041436965016865,0.042699966143771,0.010985095839469,0.02116917829841176,0.06423075398913024,3.887081803178373,0.42094764573259397,0.030137280959939998,0.3618785750511117,0.4800167164140764,13.967671678548006,0.05458229255018,0.00144146196611,0.0517570270966044,0.0574075580037556,37.86592628417559
2012-11-20,0.13699999999999998,0.15100000000000569,0.9072847682118864,0.424687500000016,0.0,0.3894787827679849,0.040503545853621,0.043945449943798995,0.011070903995056001,0.02224647811348924,0.06564442177410876,3.96945452362562,0.4248144968651079,0.029752425187487996,0.3664997434976314,0.4831292502325844,14.278314933592586,0.054996257936324996,0.0014528428073479998,0.052148686033922934,0.05784382983872707,37.854238365074174
2012-11-21,0.14,0.1511000000000057,0.92653871608203,0.4249687500000161,0.0,0.3996361116752749,0.040468441366853,0.043974216773416,0.011072972184722,0.022271191291360886,0.06567724225547111,3.9713110481836633,0.42495404762384603,0.02974616435817,0.3666515654818328,0.4832565297658592,14.286011551171095,0.05499944109568,0.0014529388082710002,0.05215168103146884,0.057847201159891164,37.853928040584826
2012-11-22,0.125,0.15026666666667235,0.8318544809227725,0.422625000000016,0.0,0.3506509562210073,0.040709650038621,0.043944554310825,0.011088927811884,0.02221025579953236,0.06567885282211762,3.9629218492819334,0.4238595249250711,0.029736391107,0.3655761983553511,0.4821428514947912,14.253899318175858,0.055073437653944,0.0014549874964829995,0.05222166216083732,0.05792521314705067,37.85148517568712
2012-11-23,0.11699999999999999,0.149033333333339,0.7850592708566017,0.419156250000016,0.0,0.327299494418528,0.040930985603792,0.043800126326866,0.011091266256081,0.02206124446494724,0.06553900818878476,3.94906454462344,0.4232433704286089,0.029807856059087007,0.3648199725527984,0.4816667683044194,14.199054423425412,0.055092040807405006,0.0014554973823279998,0.052239265938042116,0.05794481567676789,37.85100645064739
2012-11-26,0.107,0.14786666666667234,0.7236248872858153,0.4158750000000159,0.0,0.2974480700298533,0.041333009069424,0.04349355629295,0.011092938547571,0.02175139673971084,0.06523571584618916,3.920832708703238,0.422552269883394,0.029994093953775,0.363763845733995,0.48134069403279295,14.087849112381921,0.055122789454270994,0.0014563298911649998,0.0522683828675876,0.0579771960409544,37.85048277089011
2012-11-27,0.111,0.14643333333333902,0.7580241292965788,0.411843750000016,0.0,0.3140530028659083,0.041158032831137,0.04364952893768,0.011090070943236,0.021912989888937442,0.06538606798642256,3.9359107043676858,0.42299961202349,0.02992562466294,0.3643453876841276,0.4816538363628524,14.135030322268536,0.055133690685757006,0.00145659694492,0.052278760673713814,0.05798862069780021,37.85102727149836
2012-11-28,0.096,0.14320000000000568,0.6703910614524874,0.402750000000016,0.0,0.2722829384660507,0.041865943678801004,0.043157472773397015,0.011097002694474,0.02140734749222797,0.06490759805456606,3.889110777172947,0.42170428494885204,0.030227451948476,0.36245847912983903,0.480950090767865,13.951036483910947,0.05520678387979901,0.001458586822739,0.052347953707230575,0.05806561405236745,37.84950132493178
2012-11-29,0.099,0.13953333333333906,0.709507883420898,0.39243750000001604,0.0,0.2907126194717325,0.041606475948386,0.043381300563259007,0.011090336569761999,0.021644240886525487,0.06511836023999253,3.91163066065464,0.422345115003667,0.030124052973803,0.3633019711750131,0.4813882588323209,14.020195601533162,0.055219883200464004,0.001458886936373,0.05236046480517292,0.05807930159575508,37.850694131064
2012-11-30,0.111,0.13663333333333902,0.8123932666503687,0.384281250000016,0.0,0.34087322171972784,0.041013913088716006,0.043967407427017,0.011106425321776001,0.02219881379633604,0.06573600105769796,3.958736150758707,0.424199187784971,0.029899258352941,0.3655966414132065,0.4828017341567354,14.187615718676824,0.055315385616077996,0.001461485639258,0.052450873763132316,0.058179897469023675,37.84873701814934
2012-12-03,0.10400000000000001,0.13293333333333904,0.7823470411233366,0.3738750000000161,0.0,0.32596262811512405,0.041201102265502,0.043858057258185,0.011105184422847,0.022091895789404882,0.06562421872696511,3.9493317344605154,0.423412962206573,0.029926221711037,0.3647575676529405,0.4820683567602055,14.148560626696653,0.055321147879935,0.00146163477326,0.0524563437243454,0.0581859520355246,37.84881756509795
2012-12-04,0.11,0.1297666666666724,0.8476753146673143,0.3649687500000161,0.0,0.35867074484974604,0.040994971747332,0.04408893959247402,0.011109230109655,0.022314848577550214,0.06586303060739783,3.9686764210740586,0.423710401305569,0.029805897385744,0.3652908424295107,0.4821299601816272,14.215656580372682,0.055347075850655,0.0014623362799139998,0.05248089674202356,0.05821325495928644,37.84839137951785
2012-12-05,0.102,0.12683333333333904,0.8042049934296616,0.3567187500000161,0.0,0.3367876608694204,0.041140781547692004,0.043967155629079005,0.011109538855361,0.022192459472571445,0.06574185178558656,3.95760401952784,0.42349656054707796,0.02988061728958,0.3649305506595012,0.4820625704346549,14.172952199845026,0.055354813719517004,0.0014625460536010005,0.05248822345445904,0.058221403984574975,37.84825345037343
2012-12-06,0.09,0.12353333333333905,0.7285483000539329,0.34743750000001605,0.0,0.2998078205173724,0.041582775201653,0.043695823842671004,0.011116217161314999,0.021908038206493605,0.0654836094788484,3.9308177600861782,0.422402634726445,0.030025091752380998,0.3635534548917783,0.4812518145611118,14.06832119648556,0.055407685113590996,0.0014639912424429995,0.052538262278402734,0.05827710794877927,37.847005847615364
2012-12-07,0.023,0.11806666666667236,0.19480519480518532,0.332062500000016,0.0,0.07177968239412727,0.058007388778605985,0.03652820927910701,0.011742090955169999,0.013513711006973815,0.059542707551240213,3.11087773196181,0.4101505320123101,0.037390169888012,0.3368657990318066,0.4834352649928136,10.969474951324253,0.058960001301757985,0.00156207998112,0.055898324538762784,0.062021678064753186,37.744547023438045
2012-12-10,0.032,0.11333333333333905,0.2823529411764564,0.3187500000000161,0.0,0.10579634046315037,0.053347876511928995,0.039754912359184,0.011544262388298,0.017128158078119918,0.06238166664024807,3.443694453747119,0.412064471601434,0.034546810327117004,0.34435272336028466,0.4797762198425834,11.927713953898328,0.05912437324612201,0.0015650755373039999,0.05605682519300617,0.06219192129923785,37.77732884890693
2012-12-11,0.035,0.10876666666667238,0.3217897640208228,0.3059062500000161,0.0,0.12150586239278299,0.05265959820198099,0.04027930386679,0.011408236795316001,0.017919159747970644,0.06263944798560936,3.53072123146392,0.4122657256924821,0.034121175851389005,0.3453882210237597,0.4791432303612045,12.082400896383426,0.059142320384349,0.0015646838709029998,0.05607553999737912,0.06220910077131887,37.79825527965225
2012-12-12,0.035,0.10400000000000573,0.3365384615384431,0.2925000000000161,0.0,0.12744494656811306,0.053038350849333,0.040024508381006005,0.011294729662018,0.017886838243450727,0.062162178518561276,3.5436446536297987,0.411826996761116,0.03431287664247,0.3445737585418748,0.4790802349803572,12.002112240609698,0.059135110285079014,0.0015637993574349998,0.056070063544506415,0.06220015702565161,37.8150240335744
2012-12-13,0.031,0.09950000000000572,0.3115577889447057,0.2798437500000161,0.0,0.11740622223736012,0.055210062579344,0.038533626774532995,0.011180571805941002,0.016619706034888642,0.060447547514177365,3.446480863712129,0.4108233653212561,0.035579168117115,0.3410881958117107,0.4805585348308015,11.546738922308615,0.059127106517281,0.001562931775285,0.0560637602377224,0.0621904527968396,37.83089412620392
2012-12-14,0.027000000000000003,0.09513333333333908,0.2838121934127369,0.2675625000000161,0.0,0.10637325286119316,0.057921519500117,0.03684203376771799,0.011050744979673,0.015182573607558909,0.058501493927877075,3.33389593511432,0.4094793676756121,0.037128240581313,0.33670801613623863,0.4822507192149856,11.028784592656029,0.05912045653161701,0.00156201840563,0.05605890045658221,0.062182012606651814,37.84875793943557
2012-12-17,0.048,0.0917666666666724,0.5230657464583763,0.2580937500000161,0.0,0.205769031341666,0.050858812116322,0.042600302011035,0.011133871359751999,0.020777914145921082,0.06442268987614892,3.8261895287410717,0.4139744215401071,0.032802117670745,0.3496822709054469,0.4782665721747673,12.620356578664387,0.059897155014429986,0.0015828967332970002,0.05679467741716785,0.0629996326116921,37.84021645534396
2012-12-18,0.061,0.0888666666666724,0.686421605401306,0.2499375000000161,0.0,0.2797946140673395,0.049056114332805,0.044313940004863,0.011172248167161001,0.022416333597227445,0.06621154641249856,3.9664299737914974,0.4162512348986671,0.031826303710043996,0.35387167962698085,0.4786307901703534,13.078843169818208,0.060162312130454004,0.001590092203797,0.05704573141101187,0.06327889284989613,37.83573807027278
2012-12-19,0.064,0.08723333333333906,0.7336645013373609,0.2453437500000161,0.0,0.3022658870076241,0.048754911852432,0.04457814630466299,0.011173598529391,0.022677893187056628,0.06647839942226935,3.989596206397084,0.4166143438700751,0.031678734541326005,0.3545240241690761,0.4787046635710741,13.151230625282517,0.060182094085349996,0.001590616217411,0.057064486299224434,0.06329970187147556,37.83571010190039
2012-12-20,0.057999999999999996,0.08603333333333905,0.6741573033707416,0.2419687500000161,0.0,0.27404267935844123,0.049312989368982,0.044092619669325,0.011169958771143998,0.022199500477882758,0.06598573886076724,3.947429043626512,0.4164865004237671,0.032027046474171005,0.35371348933439195,0.4792595115131423,13.004211948162215,0.060185805401294985,0.0015907057628020002,0.05706802210620306,0.0633035886963869,37.835913346599796
2012-12-21,0.049,0.08440000000000572,0.5805687203791075,0.2373750000000161,0.0,0.2312065121857728,0.050418033324465,0.043287404708888,0.011168188996221002,0.02139775427629484,0.06517705514148116,3.8759556024288035,0.415749411145145,0.032610325046987,0.3518331740530505,0.4796656482372396,12.749011564469328,0.060244796510847,0.0015922831953439998,0.057123921447972764,0.06336567157372124,37.83547844190976
2012-12-24,0.053,0.0830666666666724,0.6380417335473075,0.2336250000000161,0.0,0.2572942069090101,0.049915805033642,0.043721800349561,0.011159850045879,0.02184849425963816,0.06559510643948384,3.917776687842312,0.41617421393267895,0.032337743663838,0.3527922363515565,0.4795561915138014,12.869612000730596,0.060274780550723,0.0015930112942320002,0.05715247841402828,0.06339708268741773,37.83700766527425
2012-12-25,0.053,0.08166666666667237,0.6489795918366893,0.2296875000000161,0.0,0.2623370539533257,0.049916703991582004,0.043774577652827995,0.011147768056018999,0.021924952263030758,0.06562420304262524,3.9267571259875362,0.4155127776374079,0.032253777612357,0.3522953735171882,0.4787301817576276,12.882608128302458,0.060263745487914,0.0015926450733370005,0.057142161144173476,0.06338532983165453,37.838779334327626
2012-12-26,0.053,0.07956666666667238,0.6661080854628764,0.22378125000001609,0.0,0.2702855143962785,0.049852364805196996,0.04382991377078298,0.011140019837568998,0.02199547488914775,0.06566435265241821,3.934455630228882,0.41555044172039,0.032223057910845,0.35239324821513385,0.4787076352256462,12.896058557512895,0.060265679847512,0.0015926457037309999,0.05714409426819924,0.06338726542682475,37.83997891453031
2012-12-27,0.048,0.07750000000000573,0.6193548387096317,0.2179687500000161,0.0,0.2487371072665847,0.050414416044312016,0.043471489410598994,0.011133700542251004,0.021649436347787026,0.06529354247341096,3.904496016003737,0.414568666697397,0.032438326684801004,0.35098954639518704,0.478147786999607,12.780211221303249,0.060284805446703,0.0015931277871120005,0.05716227498396347,0.06340733590944253,37.84053353056991
2012-12-28,0.05,0.07580000000000571,0.6596306068601087,0.21318750000001607,0.0,0.2672722137194937,0.05011657540891599,0.043584879493319996,0.011122038074661998,0.021785684866982492,0.06538407411965752,3.9187853162106254,0.4158299329255779,0.032442661649339,0.3522423160928735,0.4794175497582823,12.817380319165173,0.060276286434317,0.001592824011708,0.05715435137136932,0.06339822149726468,37.842401917123325
2012-12-31,0.05,0.07396666666667237,0.6759801712482579,0.20803125000001604,0.0,0.27489551052069616,0.050063240588227996,0.04363275946442202,0.011114447217282,0.0218484429185493,0.06541707601029473,3.9257696412087117,0.415837687913185,0.032413917268454,0.35230641006701513,0.4793689657593549,12.828985909638336,0.0602778479079,0.001592816407946,0.057155927748325834,0.06339976806747416,37.84356289097857
2013-01-01,0.05,0.07106666666667237,0.7035647279549154,0.19987500000001604,0.0,0.2878905578064133,0.049918344008716004,0.043748103668978,0.011109655524043001,0.021973178841853718,0.06552302849610228,3.937845199097407,0.41603271177890794,0.032350934473977994,0.3526248802099111,0.4794405433479049,12.859990554941904,0.060284190920946,0.0015929517306649999,0.0571620055288426,0.0634063763130494,37.84432996961444
2013-01-02,0.066,0.0686000000000057,0.9620991253643516,0.19293750000001605,0.0,0.4186714629217314,0.049068189558599005,0.044902979225369004,0.011216420426144,0.022918795190126764,0.06688716326061124,4.003325260589147,0.42009061729249497,0.032114656062444,0.3571458914101047,0.4830353431748852,13.08096267559792,0.060846987576185986,0.0016084608816049999,0.057694404248240176,0.06399957090413179,37.82932384122192
2013-01-03,0.105,0.06793333333333902,1.5456329735033052,0.191062500000016,0.0,0.7975268231620773,0.052662636224782004,0.044450320533918,0.011713818230766,0.021491236801616645,0.06740940426621936,3.794690992999152,0.431443551569446,0.034913537556805,0.36301301795810825,0.4998740851807838,12.357486000021481,0.063559538199855,0.0016835698057679998,0.06025974138054972,0.06685933501916029,37.75283803622996
2013-01-04,0.145,0.06886666666667236,2.10551790900273,0.19368750000001608,0.0,1.3808237119167532,0.066405799484173,0.036978227108074996,0.012248853731807,0.012970473793733284,0.06098598042241672,3.0189132728438666,0.455588577722396,0.047709770770984004,0.3620774270112674,0.5490997284335246,9.549167190706266,0.06689481496512799,0.001776211868982,0.06341343970192327,0.0703761902283327,37.66150656536557
2013-01-07,0.134,0.06976666666667235,1.920688007644373,0.196218750000016,0.0,1.1485737070497375,0.06024718031670901,0.04234539987840899,0.012174469923231,0.018483438828876233,0.06620736092794174,3.478213026557147,0.44156864185483896,0.039752929563403,0.3636528999105691,0.5194843837991088,11.107826434541725,0.06712751803535599,0.0017816570917990001,0.06363547013542996,0.07061956593528203,37.677013351414
2013-01-08,0.11800000000000001,0.07000000000000567,1.6857142857141494,0.19687500000001595,0.0,0.9147046887183992,0.056089348549808,0.04693765673088402,0.012202556129318,0.023020646717420733,0.07085466674434729,3.84654298930946,0.434773639195341,0.035365424362643,0.3654574074445607,0.5040898709461212,12.293748683377864,0.067664752576706,0.0017959836767760004,0.06414462457022503,0.07118488058318696,37.67559441195749
2013-01-09,0.109,0.070433333333339,1.547562707051461,0.19809375000001592,0.0,0.7990512173713961,0.054630743775259005,0.04873268331333799,0.012185146888054,0.02484979541275215,0.07261557121392383,3.999351321822275,0.431961441945294,0.033844096700054005,0.3656270124131882,0.4982958714773998,12.763272891387572,0.067823657481811,0.0018000127678220001,0.06429563245687989,0.07135168250674212,37.67954244228217
2013-01-10,0.133,0.07156666666667233,1.8584070796458707,0.20128125000001595,0.0,1.081067979017046,0.06004238756715299,0.044335962856422995,0.012273676052116999,0.02027955779427368,0.06839236791857232,3.61228067843426,0.442699884095399,0.038812151540614,0.3666280670757955,0.5187717011150025,11.406218581625126,0.068658094937974,0.0018230220398239999,0.06508497173991896,0.07223121813602905,37.661692200162676
2013-01-11,0.151,0.07290000000000565,2.071330589848948,0.2050312500000159,0.0,1.3335998236613702,0.06704610134862,0.039193958200530996,0.012251696018878001,0.015180634003530124,0.06320728239753187,3.1990638798202835,0.454848166612305,0.045875677103707,0.3649318394890393,0.5447644937355707,9.91480007115904,0.06914480355224499,0.0018359847764,0.06554627339050101,0.07274333371398899,37.66088065709312
2013-01-14,0.171,0.07513333333333898,2.2759538598046207,0.21131250000001586,0.0,1.6566764859117953,0.079382250941769,0.03213903789991,0.012201883184441004,0.008223346858405634,0.056054728941414375,2.633940795375836,0.476703063303281,0.060707740111649,0.357715892684449,0.5956902339221131,7.852426435682879,0.069748056013392,0.0018519023737439998,0.06611832736085375,0.07337778466593024,37.66292273409356
2013-01-15,0.16699999999999998,0.07703333333333898,2.1678926871482616,0.21665625000001587,0.0,1.4731877324055278,0.07370265339607401,0.035636530985842005,0.012085317659904,0.011949308372430164,0.05932375359925385,2.9487459071163364,0.4663402511294461,0.052674310308072,0.363098602925625,0.5695818993332672,8.853276832710256,0.069995596529202,0.001857443530379,0.06635500720965916,0.07363618584874483,37.68383554299674
2013-01-16,0.17,0.07930000000000564,2.1437578814626472,0.22303125000001586,0.0,1.4364305337366132,0.073719437830331,0.035652818745919995,0.011946282741455,0.012238104572668194,0.0590675329191718,2.9844278356312652,0.46600291661533,0.052375564257568,0.3633468106704967,0.5686590225601633,8.897334534166706,0.06999423255081097,0.0018563335444360001,0.06635581880371641,0.07363264629790553,37.70563364574351
2013-01-17,0.23600000000000002,0.08416666666667233,2.8039603960394164,0.2367187500000159,0.0,5.797114414426413,0.27970046511358804,0.009776881534253,0.018981598768718997,-0.02742705205243624,0.04698081512094224,0.515071551842355,1.164179566258311,1.5331953515041181,-1.84088332268976,4.169242455206382,0.759315872642198,0.11284615150418699,0.003111629711646,0.10674735726936084,0.11894494573901315,36.26593199114628
2013-01-18,0.223,0.09083333333333896,2.4550458715594807,0.25546875000001584,0.0,2.062822004665801,0.07505741684792,0.140883988394861,0.022977912024712003,0.09584728082642546,0.18592069596329647,6.131278953603065,0.453058269418853,0.024712520065744,0.4046217300899948,0.5014948087477112,18.333147255462567,0.13843141316995802,0.0038922473222240002,0.130802608418399,0.14606021792151705,35.56593446144527
2013-01-21,0.23399999999999999,0.09756666666667232,2.3983600956609474,0.2744062500000159,0.0,1.9156251965878024,0.07568627197502499,0.13927583511244399,0.022560381557777003,0.09505748725920107,0.18349418296568687,6.173469839406704,0.453877575312242,0.024947011923997998,0.4049814319412059,0.5027737186832779,18.19366490443808,0.13833937248015898,0.003879462998106,0.13073562500387126,0.14594311995644674,35.65941279700513
2013-01-22,0.205,0.10323333333333898,1.9857927026153257,0.2903437500000159,0.0,1.2243783471674758,0.07202870595919299,0.15181946637686802,0.022643876007563003,0.10743746940204454,0.1962014633516915,6.704658969434358,0.4481849765879911,0.02277467447263,0.4035466146216363,0.4928233385543459,19.679094738614765,0.140015198207404,0.003926004371675,0.13232022963892098,0.147710166775887,35.663535990323076
2013-01-23,0.193,0.10850000000000563,1.7788018433178798,0.30515625000001584,0.0,1.0009309521630827,0.071420512510745,0.15397016743808,0.02254903177899,0.1097740651512596,0.1981662697249004,6.828238522486721,0.446904097002222,0.022391025326688997,0.4030176873619116,0.4907905066425324,19.959072462373108,0.140206108668359,0.0039285261276470005,0.13250619745817088,0.14790601987854712,35.68923919880353
2013-01-24,0.20600000000000002,0.11433333333333895,1.8017492711369376,0.32156250000001585,0.0,1.0233804168809373,0.07199451258821901,0.15233934136091598,0.022426791911431,0.10838282921451124,0.19629585350732076,6.792738879574872,0.44778492274107395,0.022649090169417,0.4033927060090167,0.4921771394731314,19.770547928927733,0.140158830036521,0.00392447911113,0.1324668509787062,0.1478508090943358,35.713995683916075
2013-01-25,0.281,0.12280000000000565,2.2882736156350747,0.3453750000000158,0.0,1.6799054242594809,0.07687198031777401,0.143724579038893,0.022504297461824,0.09961615601371797,0.18783300206406806,6.386539250234496,0.455296379917285,0.024711370643156004,0.4068620934566992,0.5037306663778708,18.424570069057733,0.141849121842022,0.003976008964101,0.13405614427238405,0.14964209941165996,35.67625805745541
2013-01-28,0.348,0.13280000000000566,2.620481927710732,0.3735000000000159,0.0,2.6842395524079103,0.08706436159959101,0.126890433330474,0.022435408175509,0.08291703330647637,0.17086383335447164,5.655811222057023,0.469742983163535,0.029438853057843998,0.4120428311701608,0.5274431351569092,15.956565367561984,0.144077046336858,0.00404106850385,0.136156552069312,0.15199754060440399,35.65320563103573
2013-01-29,0.355,0.14260000000000564,2.489481065918555,0.4010625000000159,0.0,2.1641181055608736,0.084689097712941,0.132335418341175,0.022087210346537003,0.08904448606196247,0.1756263506203875,5.991495361564414,0.466280227754484,0.027925116671122997,0.4115469990790829,0.5210134564298851,16.697521204509687,0.144579026401258,0.0040448502958949995,0.1366511198213038,0.1525069329812122,35.74397464054292
2013-01-30,0.38,0.15313333333333898,2.4814976055723945,0.4306875000000159,0.0,2.139703437241519,0.08642197490669999,0.128635603018,0.021688199958437,0.08612673109946348,0.17114447493653653,5.931133209049853,0.468998772141753,0.028789612996875998,0.412571130667876,0.5254264136156299,16.290554937040913,0.1444137465686,0.004030771085016,0.13651343524196866,0.15231405789523134,35.82782140753681
2013-01-31,0.32799999999999996,0.16213333333333899,2.023026315789403,0.4560000000000159,0.0,1.2704625455946792,0.081382614262855,0.14367360503839902,0.021873812244001,0.10080093304015704,0.18654627703664095,6.568292871664553,0.4606363312074389,0.025591988545701,0.41047603365786495,0.5107966287570129,17.99923950359894,0.146778823679211,0.00409864297832,0.1387454834417038,0.1548121639167182,35.811566036761505
2013-02-01,0.327,0.17140000000000566,1.907817969661548,0.4820625000000158,0.0,1.134245512242129,0.081274862075559,0.14401106384624898,0.021747595025406,0.10138577759645323,0.18663635009604476,6.621930548091098,0.46030872448408094,0.025482561992001,0.41036290297975897,0.5102545459884029,18.063675254810104,0.14680155259424302,0.00409595225258,0.13877348617918622,0.1548296190092998,35.84064059871975
2013-02-04,0.305,0.17980000000000562,1.6963292547274218,0.5056875000000158,0.0,0.9241699177182781,0.08070090035854,0.14573097282109898,0.02168854752939,0.10322141966349456,0.1882405259787034,6.719259213814065,0.459239576238446,0.025125823867735,0.40999296145768543,0.5084861910192067,18.277592753015114,0.146982209457867,0.00409912683117,0.1389479208687738,0.1550164980469602,35.85695576438853
2013-02-05,0.321,0.1887333333333389,1.7008124337689356,0.5308125000000158,0.0,0.9281945767999288,0.08106310259248199,0.144761253367671,0.021607918254906003,0.10240973358805523,0.1871127731472868,6.699453952941827,0.4600349415950821,0.025313774324726,0.4104199439186191,0.5096499392715451,18.173305003581774,0.146947832182109,0.004096290921125,0.13891910197670398,0.154976562387514,35.873387660107404
2013-02-06,0.31,0.1973000000000056,1.5712113532690886,0.5549062500000158,0.0,0.8179236963059341,0.080902355613211,0.145284074074366,0.021554489230739,0.10303727518211757,0.18753087296661444,6.740316252410773,0.45956449151699397,0.025185150210157,0.4102015971050863,0.5089273859289017,18.24743897424341,0.146991701396213,0.004096045853474,0.13896345152340395,0.15501995126902204,35.88624411310249
2013-02-07,0.264,0.2045000000000056,1.2909535452322385,0.5751562500000158,0.0,0.6143465454250139,0.08044147108748799,0.14720974638850798,0.021571622543905,0.1049293662024542,0.18949012657456174,6.824231514754577,0.45793527003995704,0.024802955024055,0.4093214781928092,0.5065490618871048,18.46293192064527,0.14727883055369598,0.004104158501476,0.139234679890803,0.15532298121658894,35.885268685585274
2013-02-08,0.257,0.2114000000000056,1.2157048249763158,0.5945625000000158,0.0,0.5660751626135457,0.080406582582407,0.14735513195983402,0.021559366174659002,0.1050987742575024,0.18961148966216565,6.834854548416054,0.457761195354781,0.024765532408887996,0.4092207518333605,0.5063016388762015,18.48380191457117,0.14729157898963,0.004104174394384001,0.13924739717663734,0.15533576080262262,35.88823593636138
2013-02-11,0.27,0.21873333333333891,1.2343797622675696,0.6151875000000159,0.0,0.5778393517280037,0.080470964535897,0.147100778656267,0.021545265153906,0.10487205895461124,0.1893294983579228,6.827522316642171,0.458149078628684,0.024823353455068,0.4094953058567507,0.5068028514006173,18.456373328364528,0.147285669650338,0.004103683896712999,0.13924244921278053,0.1553288900878955,35.891085511807084
2013-02-12,0.272,0.226133333333339,1.2028301886792152,0.6360000000000159,0.0,0.5580446957033629,0.080482906160852,0.147061988245767,0.021532391713807997,0.10485850048670332,0.18926547600483068,6.829802754863452,0.45818636060138596,0.024826201445768,0.4095270057676808,0.5068457154350913,18.455757784866083,0.147283167526458,0.004103291618415,0.1392407159543646,0.15532561909855142,35.893906946673006
2013-02-13,0.289,0.2335666666666723,1.2373340944769216,0.6569062500000159,0.0,0.5797131639604277,0.080560735938062,0.14676406324763902,0.021518743203878,0.10458732656803814,0.1889407999272399,6.820289728686014,0.45865797312532997,0.024896481890911,0.4098608686191445,0.5074550776315155,18.422601841297514,0.14728076976723598,0.004102914850355,0.13923905666054018,0.15532248287393174,35.89661865746352
2013-02-14,0.263,0.2388333333333389,1.1011863224005325,0.6717187500000158,0.0,0.4968124594412145,0.080488022369813,0.14720376142882094,0.021520233238466,0.10502410428142757,0.1893834185762143,6.840249350351042,0.45808846633563705,0.024796937333931002,0.4094864691611321,0.5066904635101418,18.473590515100287,0.147343084234074,0.004104632760708,0.1392980040230863,0.15538816444506168,35.896776355857625
2013-02-15,0.247,0.24223333333333896,1.0196779964221587,0.6812812500000158,0.0,0.4502828507981504,0.08048293362561,0.147367683888007,0.021520719870131003,0.10518707294255024,0.18954829483346372,6.847711636846408,0.45774677709157197,0.024752376552578,0.4092321190485192,0.5062614351346248,18.493043531365426,0.147365448883051,0.004105253084124,0.13931915283816795,0.15541174492793405,35.89679999339311
2013-02-18,0.243,0.2458666666666723,0.9883405639913004,0.6915000000000159,0.0,0.4329544696059496,0.08049264269926901,0.147406078345069,0.021520066042598998,0.10522674890157496,0.18958540778856306,6.849703809146362,0.45758987611228896,0.024737006930269,0.4091053425289618,0.5060744096956162,18.498190884701273,0.14736827112549,0.0041053135334120005,0.13932185660000249,0.15541468565097752,35.89695888659693
2013-02-19,0.23199999999999998,0.2496666666666723,0.9292389853137306,0.7021875000000158,0.0,0.4010689110591969,0.080530887290171,0.14750294018107402,0.021521625730908,0.10532055374849432,0.1896853266136537,6.8537080806696125,0.457130018207795,0.024697887649719,0.4087221584143457,0.5055378780012442,18.508871069910718,0.147377588773768,0.004105621651878,0.13933057033608712,0.15542460721144888,35.89653437899249
2013-02-20,0.258,0.254633333333339,1.0132216258672375,0.7161562500000159,0.0,0.4466880862711923,0.08049084585017599,0.147440423307451,0.021525614041069997,0.1052502197869538,0.18963062682794815,6.849533909980132,0.457690878363334,0.024742437216227004,0.4091957014195291,0.5061860553071389,18.49821318585251,0.147400058002996,0.004106337312034001,0.13935163687140936,0.15544847913458262,35.89575010582069
2013-02-21,0.244,0.25833333333333897,0.9445161290322376,0.7265625000000159,0.0,0.40921406214673023,0.080500907100175,0.147514537510479,0.021527389502631004,0.10532085408532224,0.18970822093563575,6.852411784180813,0.45749438471855797,0.024721283896217,0.4090406682819727,0.5059481011551433,18.506093236871298,0.14741466087001,0.004106781777666,0.13936536858578466,0.15546395315423536,35.89542100135182
2013-02-22,0.21,0.26030000000000564,0.8067614291202284,0.7320937500000159,0.0,0.3380614100729977,0.080672040961607,0.14763178404375,0.021536949381581,0.10541936325585123,0.1898442048316488,6.8548140884804285,0.45655830446711704,0.024663801574419997,0.4082172533812538,0.5048993555529802,18.511270579659488,0.147478793228351,0.00410886834655,0.139425411269113,0.155532175187589,35.89280083704449
2013-02-25,0.20199999999999999,0.26133333333333897,0.7729591836734526,0.7350000000000159,0.0,0.3213490750469839,0.080763083571289,0.147596114901185,0.021535734610027002,0.10538607506553208,0.1898061547368379,6.853544472658348,0.4561731753949621,0.024653508205913,0.4078522993113726,0.5044940514785516,18.503377758040546,0.14748191784751902,0.004108962979968,0.13942835040678173,0.1555354852882563,35.89273463073633
2013-02-26,0.182,0.26183333333333897,0.6950986632717864,0.7364062500000158,0.0,0.2838842152971757,0.08098269757557001,0.147375632345737,0.021533482527776003,0.10517000659129604,0.18958125810017795,6.8440221945353805,0.45575318344706395,0.024676300871899,0.407387633738142,0.504118733155986,18.46926675975433,0.14750400471153,0.004109613360917,0.13944916252413267,0.15555884689892732,35.89242874142417
2013-02-27,0.177,0.2620666666666723,0.6754006614092961,0.7370625000000158,0.0,0.2746243072057436,0.08111972591571201,0.147194194538619,0.021523403071188,0.10500832451909052,0.1893800645581475,6.8387974732333126,0.455528852137693,0.024699415638606004,0.4071179974860252,0.5039397067893607,18.44289997799329,0.147501527686417,0.004109343450132,0.13944721452415829,0.1555558408486757,35.89418345689421
2013-02-28,0.147,0.2591000000000057,0.5673485140872125,0.728718750000016,0.0,0.2253007715915065,0.081624820668902,0.146586720007082,0.021510633210992003,0.10442587891353768,0.18874756110062632,6.814616686047728,0.454866824248437,0.024779986469137004,0.4062980507689285,0.5034355977279455,18.35621762001233,0.14754706015881602,0.004110501624829999,0.13949047697414926,0.1556036433434828,35.895147022334704
2013-03-01,0.135,0.2561666666666723,0.5270006506180756,0.7204687500000159,0.0,0.20748923341301312,0.082019218198597,0.14593644059326802,0.02147616983964,0.10384314770757362,0.1880297334789624,6.795273164766122,0.454629824176142,0.024882421188977003,0.4058602786457471,0.5033993697065371,18.271124852494108,0.147536217300345,0.0041094841733269995,0.13948162832062408,0.1555908062800659,35.90139566857133
2013-03-04,0.14,0.2530333333333389,0.5532867869845748,0.7116562500000158,0.0,0.21905715069357434,0.08215473554118599,0.145713527247543,0.021441769535233,0.10368765895848632,0.18773939553659968,6.795779005464258,0.454503200506502,0.024918125228422,0.4056636750587949,0.5033427259542091,18.239863406260035,0.14752468810178798,0.004108331700604,0.13947235796860413,0.15557701823497186,35.908660461886456
2013-03-05,0.159,0.2515000000000056,0.6322067594433258,0.7073437500000158,0.0,0.2546143857589171,0.082058549149327,0.14590799013579,0.021423667581733,0.10391760167559333,0.18789837859598668,6.810598119072712,0.4545289023617271,0.024894822523306,0.4057350502160473,0.5033227545074068,18.257969179583494,0.147540823228754,0.0041082600399,0.13948863355055,0.155593012906958,35.91321430381819
2013-03-06,0.149,0.250033333333339,0.5959205439274629,0.7032187500000159,0.0,0.2381085454300178,0.082326001285325,0.145526617207123,0.021404147053595,0.1035744889820768,0.1874787454321692,6.798991655342737,0.454226952147486,0.024948874503624003,0.40532715812038295,0.5031267461745891,18.206310352056484,0.14753877510963698,0.004107814916549,0.13948745787320094,0.15559009234607302,35.916607273429925
2013-03-07,0.16899999999999998,0.2488000000000056,0.6792604501607563,0.6997500000000157,0.0,0.2764320278121901,0.08219639135984799,0.14574095324802802,0.021394039388444,0.10380863604667777,0.18767327044937826,6.812222348564656,0.454411159155386,0.024930841624217,0.4055467095719207,0.5032756087388514,18.226867989646767,0.14756102666098,0.00410810769685,0.139509135575154,0.155612917746806,35.91946403307316
2013-03-08,0.18100000000000002,0.2454666666666723,0.7373709940249696,0.6903750000000158,0.0,0.3040504442262164,0.082151422424526,0.145855156578519,0.021388507868998,0.10393368115528293,0.18777663200175507,6.8193236046132935,0.45433963272706,0.02491260772694,0.4055109215822576,0.5031683438718624,18.237337403893992,0.147566828872817,0.004108103534871,0.13951494594446984,0.15561871180116416,35.92091280567901
2013-03-11,0.18,0.2398666666666723,0.7504168982768029,0.6746250000000158,0.0,0.31035708123320993,0.08216260908375099,0.145813007937951,0.021383780062687,0.10390079901508448,0.1877252168608175,6.818860253448928,0.454386919817371,0.024925363647487996,0.40553320706829454,0.5032406325664475,18.229901326360896,0.147563229576589,0.004107887487860999,0.13951177010038146,0.15561468905279655,35.921925810439575
2013-03-12,0.204,0.2348333333333389,0.8687012065294327,0.6604687500000158,0.0,0.3694295681500689,0.08195690977444299,0.14599390685965,0.021389314479426002,0.10407085047997504,0.1879169632393249,6.825553338798136,0.4551845965043511,0.024945593736308,0.40629123278118745,0.5040779602275148,18.247094108722,0.147599173934692,0.004108936181178,0.1395456590195831,0.15565268884980088,35.921505573824774
2013-03-13,0.204,0.2289666666666723,0.8909593827340005,0.6439687500000159,0.0,0.3809464984194525,0.081944778907664,0.14599784684503198,0.021389646946721998,0.10407413882945683,0.1879215548606071,6.825631447245757,0.4552486063468621,0.024948463732055,0.4063496174320343,0.5041475952616898,18.247560700979435,0.147600618558464,0.0041089805160890005,0.13954701674692954,0.15565422036999846,35.92146956660706
2013-03-14,0.2,0.2247000000000056,0.8900756564307745,0.6319687500000158,0.0,0.3804866990571796,0.081934616939008,0.146000765453287,0.021389757226603,0.10407684128914513,0.18792468961742886,6.8257327049838805,0.455294416129502,0.024950063525437,0.4063922916196455,0.5041965406393585,18.24822672957616,0.147600367173543,0.004108972589450999,0.13954678089821906,0.15565395344886696,35.92147768336945
2013-03-15,0.18100000000000002,0.21983333333333896,0.8233510235026326,0.6182812500000158,0.0,0.3463668702638009,0.081984758526668,0.14600768372964099,0.021391923543396998,0.1040795135845829,0.18793585387469916,6.825364882846718,0.455088195374609,0.024940221804531003,0.4062053606377282,0.5039710301114897,18.24715910473316,0.147615580070939,0.00410946839874,0.1395610220094086,0.1556701381324694,35.92084565395198
2013-03-18,0.162,0.2150666666666723,0.7532548047116976,0.6048750000000158,0.0,0.3117342619278371,0.08216915849649001,0.145889662503104,0.021390658816583998,0.10396397122259936,0.18781535378360864,6.820251014896289,0.45450614637062,0.024932051503902,0.405639325422972,0.5033729673182679,18.22979333648057,0.14762725872378601,0.004109835351284999,0.1395719814352674,0.15568253601230458,35.92048004493277
2013-03-19,0.158,0.20963333333333892,0.7536969311496061,0.5895937500000159,0.0,0.3119489881336746,0.08207079013752999,0.145849710257401,0.021381459308612998,0.10394205001251952,0.1877573705022825,6.82131692473614,0.45492184227185495,0.024956093730467005,0.4060078985601397,0.5038357859835704,18.228888190000525,0.14758610896285998,0.004108425812991,0.1395335943693976,0.15563862355632235,35.922787870769504
2013-03-20,0.162,0.20470000000000568,0.7914020517830753,0.5757187500000159,0.0,0.3304328650598412,0.08181213207994999,0.14607172910598998,0.021380379375987003,0.10416618552905546,0.1879772726829245,6.832045705888872,0.455502103489525,0.024945039962964002,0.4066098251621156,0.5043943818169344,18.260227450660075,0.14755948458896698,0.004107552699736,0.13950868129748442,0.15561028788044953,35.92394191277642
2013-03-21,0.153,0.20100000000000565,0.7611940298507248,0.5653125000000159,0.0,0.3155971186065142,0.081660878210979,0.14628014643111198,0.021387815545102,0.10436002796271207,0.1882002648995119,6.839414998817585,0.45565955379361706,0.024915379022793,0.4068254109089427,0.5044936966782912,18.288285053852704,0.147553648374256,0.0041075118328040006,0.13950292518196014,0.15560437156655182,35.92287846764659
2013-03-22,0.149,0.19740000000000565,0.7548125633231799,0.5551875000000159,0.0,0.31249101887534153,0.08172718669999901,0.146203185810505,0.021394134272951,0.10427068263552106,0.18813568898548896,6.833797710401182,0.45551197852827796,0.024918303740921,0.4066721031960728,0.5043518538604832,18.280216152122303,0.14755080711236,0.004107630526538,0.1394998512803455,0.15560176294437447,35.921148739907906
2013-03-25,0.14,0.1930666666666723,0.7251381215469402,0.5430000000000158,0.0,0.2981727579872425,0.081889533202358,0.146011898718306,0.021394122647615,0.1040794183289806,0.1879443791076314,6.824860319036549,0.455170132912886,0.024930815882606004,0.40630573378297824,0.5040345320427938,18.25733000701536,0.14754523763012198,0.004107543762723,0.1394944518551849,0.15559602340505907,35.920551588307994
2013-03-26,0.128,0.18826666666667227,0.6798866855523877,0.5295000000000157,0.0,0.2767256316546353,0.082037459051305,0.145845569148115,0.021391426012535002,0.1039183741635464,0.1877727641326836,6.81794514599684,0.454914684630026,0.024947286642403,0.4060180028109161,0.5038113664491358,18.235036585373713,0.14755288104628198,0.00410775125971,0.13950168857725034,0.15560407351531358,35.920597844744
2013-03-27,0.122,0.1827000000000056,0.6677613574165093,0.5138437500000158,0.0,0.2710560675236787,0.08212462310153701,0.14572385388890194,0.021384587130506002,0.10381006311311017,0.18763764466469368,6.814433825613601,0.45479976594910704,0.024962796788735,0.4058726842431864,0.5037268476550276,18.219103003488293,0.14755099102957506,0.004107560590002999,0.1395001722731692,0.15560180978598093,35.92180511924478
2013-03-28,0.121,0.1779666666666723,0.6799026034837771,0.5005312500000159,0.0,0.2767330957320129,0.082086773001634,0.145745511712121,0.021378703771577,0.10384325231983008,0.18764777110441191,6.8173221945236735,0.454914428517614,0.024965679502655,0.4059816966924102,0.5038471603428177,18.221592104842927,0.147546542711948,0.0041072727045,0.13949628821112803,0.155596797212768,35.923239903276546
2013-03-29,0.121,0.17376666666667231,0.6963360828697261,0.4887187500000159,0.0,0.284468790972276,0.08199720231358999,0.145839281497636,0.021376500699147,0.10394134012730788,0.18773722286796413,6.822411373600372,0.4550945993753019,0.024959292501297997,0.4061743860727578,0.504014812677846,18.233473539029035,0.147542661021968,0.004107067185968,0.1394928093374707,0.1555925127064653,35.92409238544693
2013-04-01,0.121,0.16970000000000565,0.7130229817324453,0.4772812500000159,0.0,0.2923854927367146,0.082044975194192,0.145775274610811,0.021374628076168002,0.10388100358152172,0.18766954564010027,6.820014556105686,0.45500356391297797,0.02496476882109,0.4060726170236416,0.5039345108023144,18.225827251746548,0.14753848615221501,0.0041069245246290005,0.13948891408394215,0.15558805822048782,35.92432372872912
2013-04-02,0.129,0.1662666666666723,0.7758620689654909,0.4676250000000159,0.0,0.3227733922630381,0.081940450628468,0.145915647243422,0.021377867296962,0.10401502734137646,0.1878162671454675,6.825547432608468,0.4552373293700721,0.024956002297056,0.4063235648678424,0.5041510938723018,18.24159670893184,0.147553337107177,0.00410737758432,0.1395028770419098,0.1556037971724442,35.923976814415155
2013-04-03,0.145,0.1625000000000056,0.8923076923076614,0.4570312500000158,0.0,0.38164842625012574,0.081680929898031,0.146230955132716,0.021391647991598997,0.10430332506918197,0.18815858519625006,6.8358901188980745,0.45599231947289603,0.0249498285154,0.407090655582712,0.50489398336308,18.276370885332508,0.147600814656346,0.004108924457451,0.13954732271974205,0.15565430659294996,35.92200737317085
2013-04-04,0.134,0.158833333333339,0.8436516264427821,0.4467187500000159,0.0,0.3566249776659408,0.081577928828412,0.146421834108305,0.021401370018432002,0.10447514887217828,0.18836851934443166,6.841703777945041,0.456019288197126,0.024916928783808998,0.4071821077808604,0.5048564686133916,18.301584924601272,0.14760832789582198,0.004109332729429,0.13955403574614114,0.15566262004550285,35.92026677195679
2013-04-05,0.13,0.1561666666666723,0.8324439701173659,0.4392187500000159,0.0,0.350948625303951,0.081770347504779,0.146139548453906,0.021398226991606997,0.10419902355035628,0.18808007335745566,6.829516693660097,0.45556688221691,0.024931156126902002,0.4067018162081821,0.5044319482256379,18.2729946376346,0.14756653185983098,0.00410818568371,0.13951448791975934,0.1556185757999026,35.92012221963572
2013-04-08,0.124,0.1535666666666723,0.8074668981983641,0.4319062500000158,0.0,0.3384131972815374,0.081799826115894,0.146128462016417,0.021399675846312,0.10418509735764547,0.1880718266751885,6.828536238860817,0.455456782470003,0.024926959413811,0.4065999420189334,0.5043136229210725,18.27165419211344,0.14756969494498198,0.004108325627203,0.1395173767156641,0.15562201317429986,35.919668579298765
2013-04-09,0.13699999999999998,0.15206666666667226,0.9009206488381956,0.42768750000001576,0.0,0.3861439817283834,0.081624346896714,0.14630569270648902,0.021407901883385,0.10434620501505444,0.1882651803979236,6.834191108659785,0.45606889824556396,0.024933989281854002,0.4071982792531302,0.5049395172379978,18.291052149343244,0.147599775154002,0.004109294608468,0.1395455577214047,0.1556539925865993,35.91851867954361
2013-04-10,0.14,0.15083333333333895,0.928176795580076,0.4242187500000158,0.0,0.4005050538498953,0.081667317856304,0.146225061729488,0.021408320744355,0.1042647530705522,0.18818537038842376,6.83029105718356,0.45602706662801296,0.024941631522466,0.4071414688439797,0.5049126644120464,18.283770499025,0.147591164284707,0.004109083571122999,0.13953736048530593,0.15564496808410808,35.91826784004069
2013-04-11,0.128,0.1502000000000056,0.8521970705725381,0.4224375000000158,0.0,0.3609747504002968,0.08180632297136001,0.14619667921551802,0.021408578957417,0.1042358644589807,0.18815749397205533,6.828882921482626,0.45536840129252004,0.024910547262002,0.4065437286589961,0.5041930739260441,18.280144410441505,0.147595674936964,0.004109269329129,0.13954150705187116,0.15564984282205682,35.91774184542134
2013-04-12,0.122,0.14976666666667227,0.8146004896505371,0.4212187500000157,0.0,0.3419773836894077,0.081857785718444,0.146169058412065,0.021408405614306,0.10420858340802523,0.1881295334161048,6.8276480297248625,0.455199949420147,0.024907890455661,0.40638048412705147,0.5040194147132426,18.27533127425832,0.147600836653242,0.004109432085855,0.13954634976496622,0.1556553235415178,35.91757536553767
2013-04-15,0.122,0.14916666666667228,0.8178770949720363,0.4195312500000158,0.0,0.34361875509135864,0.081875705996514,0.14615693053780898,0.021407018753860998,0.10419917378024142,0.18811468729537656,6.827523823766887,0.455134083741368,0.024907464552127,0.40631545321919904,0.5039527142635369,18.272999356833726,0.147600188250007,0.004109384886293,0.13954579387287272,0.1556545826271413,35.91783012156305
2013-04-16,0.126,0.1480666666666723,0.8509680324177975,0.4164375000000158,0.0,0.3603479834775424,0.08184882742029,0.146181893120503,0.021407075864822,0.1042240244254519,0.1881397618155541,6.828671699188951,0.4552277240936261,0.024909948903647998,0.406404224242476,0.5040512239447762,18.274936084953413,0.147603742548873,0.004109471192484,0.13954917901160438,0.15565830608614165,35.917940687557284
2013-04-17,0.115,0.14693333333333894,0.7826678765879918,0.4132500000000158,0.0,0.3261206757230932,0.081980387575482,0.146130621284181,0.021407786334806,0.10417136006796124,0.1880898825004008,6.826050064157755,0.454758393543463,0.024897554406019,0.40595918690766575,0.5035576001792602,18.265183243600973,0.14762025678395402,0.00410999963091,0.1395646575073704,0.15567585606053766,35.917340642505664
2013-04-18,0.126,0.14550000000000565,0.8659793814432654,0.4092187500000159,0.0,0.3680302868870133,0.081911400485355,0.14625662166391698,0.021410529999233,0.1042919828654203,0.18822126046241366,6.831060308603242,0.454870488735261,0.024887505066686,0.4060909788045564,0.5036499986659655,18.277062627067064,0.147639926679307,0.004110580401945,0.1395831890914948,0.1556966642671192,35.917051180761355
2013-04-19,0.13,0.14380000000000565,0.904033379693984,0.4044375000000159,0.0,0.3877736644955301,0.081896462030649,0.146312942380593,0.021411275165772996,0.10434684305567793,0.18827904170550808,6.833452993704977,0.45477176263537294,0.024874097463285998,0.4060185316073324,0.5035249936634135,18.282945272953487,0.147638860104439,0.004110566054404,0.13958215063780716,0.15569556957107086,35.91691707429678
2013-04-22,0.115,0.141633333333339,0.8119557542950958,0.3983437500000159,0.0,0.3406545011368489,0.081999887488808,0.146462742641374,0.021414540238745,0.1044902437734338,0.18843524150931415,6.839406357012602,0.4537858802574461,0.024800441051343,0.4051770157968138,0.5023947447180783,18.2974923437048,0.147647362847338,0.004110917181991,0.13958996517063565,0.15570476052404034,35.91591761910245
2013-04-23,0.10800000000000001,0.138433333333339,0.7801589212617066,0.389343750000016,0.0,0.3248853981903705,0.08207208086950199,0.14642504261980702,0.021417248339335,0.1044472358747104,0.1884028493649036,6.8367812848712735,0.45353150584694696,0.024799110778002998,0.4049252487220612,0.5021377629718329,18.288216456907726,0.14765193014720002,0.00411114081579,0.1395940941482516,0.15570976614614845,35.915074857103164
2013-04-24,0.10300000000000001,0.13506666666667233,0.7625863770976976,0.379875000000016,0.0,0.31627611043754145,0.08213852805132801,0.14630395878153102,0.021415851565559,0.1043288897130354,0.18827902785002665,6.8315732546827554,0.45350266905000103,0.024821914388008997,0.4048517168495033,0.5021536212504986,18.27025353326845,0.147645908388183,0.0041109715557,0.13958840413901097,0.15570341263735502,35.91508877833285
2013-04-25,0.106,0.13193333333333898,0.8034360788276563,0.3710625000000159,0.0,0.3364048647960676,0.082100076599948,0.146403678443315,0.021417011763919996,0.1044263353860318,0.1883810215005982,6.835859271924738,0.45343955677703,0.024807063566321,0.4048177121870409,0.5020614013670192,18.278646949276048,0.147651367352253,0.004111133342549001,0.13959354600085694,0.15570918870364905,35.91500324840329
2013-04-26,0.098,0.12916666666667231,0.7587096774193217,0.3632812500000159,0.0,0.31438674371757297,0.082204136939585,0.14629263678834198,0.021416782325956,0.10431574342946824,0.18826953014721573,6.830747708120568,0.453237293306521,0.024820065255162005,0.4045899654064035,0.5018846212066386,18.260922711001264,0.147655927242017,0.004111299364175001,0.139597780488234,0.15571407399579998,35.91466204788322
2013-04-29,0.092,0.12683333333333902,0.7253613666228323,0.3567187500000159,0.0,0.29827971453232954,0.082304492630989,0.146331561355093,0.021410645386731996,0.1043666963970983,0.1882964263130877,6.834523607857728,0.45239989192887203,0.024769675040522004,0.4038513288494489,0.5009484550082951,18.264264314681945,0.14762911497621,0.004110439011053,0.13957265451454612,0.1556855754378739,35.91565635184461
2013-04-30,0.087,0.12446666666667232,0.6989823245848636,0.35006250000001593,0.0,0.2857200634392465,0.082406784858744,0.146315809148609,0.021409619784618,0.10435295437075773,0.18827866392646028,6.834115253822893,0.451894579414831,0.024752673747407004,0.4033793388699133,0.5004098199597488,18.25639460311513,0.14763035817470999,0.004110484493753,0.13957380856695414,0.15568690778246588,35.91556138919145
2013-05-01,0.087,0.12196666666667234,0.7133096474446238,0.34303125000001594,0.0,0.29252204354548605,0.08242665651298199,0.14635109985691594,0.021409208213225,0.10438905175899492,0.18831314795483692,6.8358950223348165,0.4516817200948621,0.024742916942788,0.4031856028869977,0.5001778373027266,18.254990757123466,0.147631179722749,0.004110502788037,0.1395745942581965,0.1556877651873015,35.915601408280985
2013-05-02,0.054000000000000006,0.11866666666667232,0.4550561797752593,0.3337500000000159,0.0,0.17649586252241542,0.08360417017693099,0.145367533345096,0.021433366061903002,0.10335813586376613,0.18737693082642587,6.7823006860075985,0.4501657314727141,0.024889387484074,0.4013825320039289,0.4989489309414992,18.08665366959121,0.147932600704549,0.004119953641312,0.13985749156757749,0.15600770984152051,35.906375067229206
2013-05-03,0.062,0.11576666666667232,0.5355600345522341,0.32559375000001595,0.0,0.2112413464321036,0.08345140279431,0.14577920848601802,0.021402461487804,0.1038303839699222,0.18772803300211385,6.81132908796913,0.44974681438026004,0.024809115750632,0.4011209475090213,0.4983726812514987,18.128288766954906,0.14793763045862302,0.004119197736884001,0.13986400289433035,0.15601125802291566,35.91418521475014
2013-05-06,0.064,0.113233333333339,0.5652045922872839,0.31846875000001595,0.0,0.22434631536154967,0.08348028307315401,0.145878728273806,0.021385425129610003,0.1039632950197704,0.1877941615278416,6.821408851574558,0.449241120705973,0.024775511722252,0.4006811177303591,0.4978011236815869,18.13246586961464,0.14793048717047302,0.004118562286009,0.13985810508989538,0.15600286925105067,35.91799198302506
2013-05-07,0.09,0.11196666666667232,0.8038106579338683,0.31490625000001593,0.0,0.33659132677257797,0.082958163439185,0.14697008591764998,0.021427894658186,0.10497141238760542,0.18896875944769453,6.858820629002084,0.45012030819365295,0.024686123206400002,0.40173550670910896,0.498505109678197,18.233738219250213,0.14816251382211199,0.004125821519798,0.14007590364330794,0.1562491240009161,35.911033259954465
2013-05-08,0.07200000000000001,0.11030000000000566,0.6527651858567209,0.3102187500000159,0.0,0.2640883246014326,0.083268014814755,0.146989181093934,0.021447521413345,0.1049520391237778,0.1890263230640902,6.853434402097232,0.448947766397687,0.024644680377915,0.4006441928569736,0.4972513399384004,18.21682243442701,0.148255117667869,0.004129010864207,0.14016225637402327,0.15634797896171473,35.90572234940277
2013-05-09,0.078,0.10886666666667233,0.7164727495406854,0.3061875000000159,0.0,0.29402999998292023,0.08321306242268901,0.146991866250536,0.021450210546227,0.1049494535799311,0.1890342789211409,6.85270039348834,0.44924682619089396,0.02466918890629,0.4008952159345656,0.4975984364472224,18.21084705692745,0.148256897990786,0.004129111326141,0.14016383979154964,0.15634995619002234,35.90527992117113
2013-05-10,0.105,0.108333333333339,0.9692307692307186,0.3046875000000159,0.0,0.4225330166202848,0.082865430978332,0.147860995894066,0.021499410905161,0.10572215051995046,0.1899998412681816,6.877444063296117,0.449911264549582,0.024605179809486,0.4016851121229895,0.4981374169761746,18.285225632698914,0.14849332753297598,0.004136748175409001,0.14038530110917433,0.15660135395677766,35.896148674386616
2013-05-13,0.08800000000000001,0.107233333333339,0.8206403481504074,0.3015937500000159,0.0,0.34500506674906445,0.082927979072602,0.148262509622832,0.021525427759741,0.10607267121373964,0.19045234803192435,6.8877845902847765,0.44887756815833896,0.024503842556168,0.4008500367482497,0.4969050995684282,18.318660313353465,0.148579934171099,0.0041398254248520006,0.14046587633838908,0.1566939920038089,35.89038641077961
2013-05-14,0.098,0.10620000000000564,0.9227871939735856,0.2986875000000159,0.0,0.3976489044886184,0.08283705871852999,0.14834655562465301,0.021543772133656,0.10612076224268724,0.19057234900661876,6.885820862953727,0.44934873465432795,0.024527569331699,0.401274698764198,0.4974227705444581,18.32014940321061,0.14861848361761099,0.004141332661997,0.1405014716000969,0.15673549563512512,35.886632576372406
2013-05-15,0.1,0.10470000000000564,0.955109837631276,0.2944687500000159,0.0,0.4149014036375106,0.08279128428334799,0.14844127864053305,0.0215551592061,0.10619316659657706,0.19068939068448906,6.886577696838574,0.449361953483393,0.024518558854497,0.4013055781285789,0.4974183288382071,18.327421124140425,0.148627029575142,0.004141847773257,0.14050900793955828,0.15674505121072574,35.88423276557989
2013-05-16,0.083,0.10300000000000567,0.8058252427184023,0.289687500000016,0.0,0.33759476501814073,0.082871705337998,0.148820720583037,0.021579342901492004,0.10652520849611266,0.19111623266996133,6.896443569314978,0.44829701849009,0.024419283809095003,0.4004352222242638,0.4961588147559162,18.35831967861048,0.14871259785473906,0.004144856498467,0.14058867911774375,0.15683651659173434,35.878829076409986
2013-05-17,0.073,0.10110000000000567,0.7220573689416014,0.28434375000001594,0.0,0.2966979387817316,0.083061307945709,0.14866406990310402,0.021589619990009,0.1063484147226864,0.19097972508352165,6.8859048918834125,0.447892767256818,0.024435074523358996,0.4000000211910344,0.4957855133226016,18.329912062623407,0.14873713513209802,0.0041458855768920005,0.1406111994013897,0.15686307086280635,35.875841813170865
2013-05-20,0.1,0.10030000000000566,0.9970089730807016,0.2820937500000159,0.0,0.43771779815504974,0.082822175681827,0.149093988781303,0.021638363406442002,0.10668279650467667,0.19150518105792927,6.890261799416696,0.44945448094917,0.024495276585875,0.401443738840855,0.497465223057485,18.34861832947621,0.14899655852049698,0.004154226759425,0.14085427407202394,0.15713884296897,35.86625553900422
2013-05-21,0.102,0.099133333333339,1.0289172831203175,0.27881250000001595,0.0,0.4554496638266644,0.082818639445209,0.149045972696268,0.021640430072312998,0.1066307297545345,0.19146121563800148,6.887384964079865,0.449642480633709,0.024514711798938,0.4015936455077905,0.4976913157596274,18.341740434133644,0.149000536388264,0.004154391051235999,0.14085792992784146,0.15714314284868655,35.86579466175303
2013-05-22,0.094,0.09760000000000564,0.9631147540983048,0.2745000000000159,0.0,0.4192204831766195,0.08281344985402901,0.149257535292776,0.021645047096754,0.10683324298313816,0.1916818276024138,6.895690022090869,0.449113418214645,0.024454842249245,0.4011819274061248,0.4970449090231652,18.365009826571452,0.14901383176642,0.00415487056525,0.14087028545853,0.15715737807431,35.864855336946704
2013-05-23,0.228,0.100933333333339,2.2589167767502034,0.2838750000000159,0.0,1.6254169474917608,0.088445345741894,0.151431127734043,0.022849758988191003,0.10664560011718864,0.19621665535089736,6.6272527343638945,0.4602701068283329,0.026046436204242997,0.40921909186801664,0.5113211217886492,17.67113562942484,0.157029573384043,0.004413028249804,0.14838003801442715,0.16567910875365885,35.5831788276015
2013-05-24,0.228,0.10446666666667233,2.182514358646978,0.2938125000000159,0.0,1.4961320188899676,0.08869016547771197,0.150898577613651,0.022635916976397996,0.10653218033991092,0.19526497488739109,6.666333763769902,0.46031827003993897,0.026082577601324,0.409196417941344,0.5114401221385341,17.648496136998624,0.156978222624708,0.004405633772795,0.1483431804300298,0.1656132648193862,35.63124642680381
2013-05-27,0.237,0.10830000000000567,2.1883656509694145,0.30459375000001593,0.0,1.5054633983839676,0.08976867691283001,0.148260007987695,0.02242546218123,0.1043061021124842,0.19221391386290584,6.611235335510242,0.46223009912409097,0.026601647219897002,0.4100908705730929,0.5143693276750891,17.375995377397302,0.15686769980699,0.0043972109328590005,0.14824916637858634,0.16548623323539366,35.6743631820684
2013-05-28,0.255,0.11260000000000568,2.264653641207701,0.31668750000001594,0.0,1.6358341660422202,0.09164506146242997,0.144237806858008,0.022209697117416,0.10070680050787263,0.18776881320814334,6.494361723866185,0.4650937929566721,0.027468369855222,0.41125578804043694,0.5189317978729072,16.931976502720822,0.15681743861026,0.004390736689749,0.14821159469835196,0.16542328252216806,35.715518759384594
2013-05-29,0.297,0.11866666666667232,2.5028089887639253,0.3337500000000159,0.0,2.2062539840552278,0.09709441589456196,0.134983923629589,0.022028577207277,0.09180791230332608,0.17815993495585192,6.1276732654798876,0.473099553544759,0.029978546968590997,0.4143416014863207,0.5318575056031973,15.781270321087465,0.157486893121215,0.004406878400784,0.14884941145567834,0.16612437478675166,35.73660963578895
2013-05-30,0.32299999999999995,0.125233333333339,2.5791855203618743,0.352218750000016,0.0,2.489441804952889,0.101392202508296,0.12748678994466198,0.021669054879121002,0.08501544238158483,0.16995813750773914,5.883357195587598,0.47948387330632103,0.032124017151667,0.4165207996890536,0.5424469469235883,14.926024694935752,0.157453337133246,0.004397747759179,0.14883375152525516,0.16607292274123686,35.80317602450132
2013-05-31,0.313,0.131333333333339,2.383248730964364,0.369375000000016,0.0,1.8797865903372808,0.09846092541620098,0.13380706189004102,0.021501857287274998,0.09166342160698203,0.17595070217310002,6.223046693237588,0.47494007005107797,0.030305894519407996,0.4155405167930383,0.5343396233091177,15.671541051095696,0.15820524427228602,0.004412698424092999,0.14955635536106374,0.1668541331835083,35.85226749430692
2013-06-03,0.327,0.13840000000000566,2.362716763005684,0.3892500000000159,0.0,1.833063275369076,0.099478560413717,0.131900208933935,0.021259287122904997,0.0902320061730412,0.1735684116948288,6.204357096801344,0.47623869870260105,0.030740216348198,0.4159878746601329,0.5364895227450691,15.492366524301419,0.158099255475707,0.004403492976488,0.14946840924179053,0.16673010170962346,35.90314696080325
2013-06-04,0.336,0.14600000000000568,2.301369863013609,0.410625000000016,0.0,1.7052048175259336,0.09986381663313001,0.131073314813712,0.021048658503672,0.0898179441465149,0.17232868548090913,6.227157649540822,0.47704366648844304,0.030909025456302006,0.4164619765940911,0.537625356382795,15.43379836296896,0.15804118748945098,0.00439628508284,0.1494244687270846,0.16665790625181734,35.948803253531125
2013-06-05,0.32799999999999996,0.1535000000000057,2.136807817589497,0.431718750000016,0.0,1.4260914256374249,0.099065731796149,0.13271426152777002,0.020912878216468003,0.09172502022349274,0.1737035028320473,6.3460543380998375,0.475901210604657,0.030417102171457995,0.41628369034859936,0.5355187308607147,15.645843181314804,0.15820089053234804,0.004396678094926,0.14958340146629304,0.166818379598403,35.981913416613935
2013-06-06,0.3670000000000001,0.1622000000000057,2.2626387176324734,0.456187500000016,0.0,1.632163013974652,0.10132234592458,0.128730405362339,0.020758668304332,0.08804341548584829,0.16941739523882973,6.201284373115404,0.4800002385680979,0.031606570678904995,0.41805136003744414,0.5419491170987517,15.186723148312158,0.158250069320829,0.004394761506592,0.14963633676790866,0.16686380187374933,36.00879571814677
2013-06-07,0.423,0.17303333333333906,2.444615680986242,0.4866562500000161,0.0,2.0340605082683134,0.105481388427919,0.12239124196970401,0.020590410756491002,0.08203403688698163,0.16274844705242636,5.944089383021122,0.48684811845336295,0.033762629886462996,0.4206733638758956,0.5530228730308305,14.419733299524815,0.15855861125729098,0.004400295374314,0.14993403232363553,0.16718319019094646,36.033629056555135
2013-06-10,0.462,0.1853666666666724,2.4923574896600567,0.5213437500000161,0.0,2.173062805043148,0.10819383909814,0.11821518926437899,0.020331970113398,0.07836452784211892,0.1580658506866391,5.8142515754772415,0.49081727533127795,0.035153442517251,0.4219165279974661,0.55971802266509,13.96213969913236,0.15846298128902495,0.004391631523447001,0.14985538350306882,0.16707057907498107,36.08294103067942
2013-06-11,0.506,0.19933333333333905,2.538461538461465,0.5606250000000161,0.0,2.32856057939704,0.11123538758136399,0.11377566756244699,0.020062070230647,0.07445400991037887,0.15309732521451513,5.671182796910106,0.49547775830763896,0.036784944961043,0.4233792661839947,0.5675762504312833,13.469579982581887,0.158375595202854,0.0043830017143,0.149784911842826,0.166966278562882,36.13404819946248
2013-06-12,0.478,0.2123666666666724,2.250824046460464,0.5972812500000161,0.0,1.61090395803926,0.10714933926449399,0.121697665662345,0.02004159083095,0.08241614763368299,0.160979183691007,6.072255774946184,0.488330782030626,0.033988845135312,0.4217126455654145,0.5549489184958375,14.367383772133048,0.15959633678631302,0.004414781665099,0.150943364722719,0.16824930884990705,36.150448401102665
2013-06-13,0.445,0.2254000000000057,1.9742679680567377,0.6339375000000161,0.0,1.2105340965964777,0.10547181267881,0.12528289335572698,0.020000814324469,0.08608129727976774,0.16448448943168625,6.2638896258567724,0.48492032124630696,0.032817669272131006,0.4205976894729303,0.5492429530196838,14.776196238229167,0.160095557237786,0.004426860001252,0.15141891163533208,0.16877220284023994,36.16458555104422
2013-06-14,0.41200000000000003,0.2370666666666724,1.737907761529767,0.666750000000016,0.0,0.9621324909592508,0.104676249739696,0.127045782687319,0.019967174625573996,0.08791012042119396,0.16618144495344406,6.362732087523183,0.4832355503551721,0.032260071913558,0.4200058094045984,0.5464652913057458,14.979369905002505,0.160329573729135,0.004432114004241,0.15164263028082264,0.16901651717744734,36.174514819724216
2013-06-17,0.415,0.2487666666666724,1.6682299343427192,0.6996562500000161,0.0,0.8993068310546537,0.104705472907316,0.127005962431743,0.019919021056632,0.08796468116074428,0.1660472437027417,6.3761146730379865,0.483231194944359,0.03224614041108,0.4200287597386422,0.5464336301500758,14.985706468558122,0.160326098077924,0.004430744852914,0.15164183816621254,0.16901035798963546,36.18490872307801
2013-06-18,0.442,0.2605000000000057,1.696737044145836,0.7326562500000161,0.0,0.9245353312811864,0.105076320983499,0.12620017416912901,0.019868882498186,0.08725716447268443,0.16514318386557356,6.351649328071213,0.484437859543066,0.032507922899743996,0.42072233065956777,0.5481533884265642,14.902147425324356,0.160299231521445,0.004428807223446,0.15161876936349086,0.16897969367939916,36.19467351679607
2013-06-19,0.42200000000000004,0.27216666666667244,1.5505205143906593,0.7654687500000162,0.0,0.8013922590037489,0.10484219428161301,0.126790366926786,0.01983859732612,0.0879067161675908,0.1656740176859812,6.391095340185799,0.483642324007996,0.032293512362188,0.4203470397781075,0.5469376082378845,14.976454669399194,0.160362687390308,0.004429661889211,0.15168055008745446,0.16904482469316154,36.20201527816136
2013-06-20,0.5379999999999999,0.2875000000000058,1.871304347826049,0.8085937500000163,0.0,1.0946780091198285,0.10644438534164,0.12451680815558196,0.019840690463275003,0.08562905484756297,0.16340456146360094,6.275830389374035,0.48755325685122797,0.033220204479751,0.4224416560709161,0.5526648576315399,14.676407460056572,0.16077421420101098,0.004441602612382,0.15206867308074226,0.1694797553212797,36.19734321859463
2013-06-21,0.5589999999999999,0.3026333333333391,1.847119726842128,0.8511562500000162,0.0,1.0693069573485148,0.106748080283551,0.12394713541635699,0.019769193169807,0.0851995168035353,0.1626947540291787,6.269711381325233,0.4882192460158979,0.03338110821813798,0.42279227390834745,0.5536462181234484,14.62561526793839,0.160744353880279,0.0044389815731499995,0.152043949996905,0.16944475776365303,36.21198944654087
2013-06-24,0.63,0.3207000000000058,1.9644527595883647,0.9019687500000164,0.0,1.1988927042398188,0.10788247152532199,0.12202500098563401,0.019697549901936,0.08341780317783945,0.16063219879342855,6.1949329532419775,0.49088450549559703,0.034072105056110004,0.4241031795856214,0.5576658314055726,14.407225637723426,0.16077536761300198,0.004438324127257,0.15207625232357827,0.1694744829024257,36.224341216012704
2013-06-25,0.585,0.3369333333333391,1.7362485160268797,0.9476250000000159,0.0,0.9605896119348724,0.10712919805197099,0.12366662587845402,0.019663290088858,0.08512657730429234,0.16220667445261572,6.289213316774823,0.489099194789557,0.033501220897282996,0.4234368018308823,0.5547615877482317,14.599443891587374,0.160993615029034,0.004443159007444001,0.15228502337444375,0.16970220668362426,36.234043111965974
2013-06-26,0.515,0.35076666666667244,1.4682124869333602,0.9865312500000164,0.0,0.7382096248952524,0.106447181485298,0.125204678946422,0.01966028413879,0.08667052203439361,0.1637388358584504,6.368406380220598,0.487641496522896,0.033014470428138,0.4229331344837455,0.5523498585620465,14.770538197313853,0.16123439270376502,0.004449455412285999,0.15251346009568445,0.1699553253118456,36.236882441517416
2013-06-27,0.48,0.3640000000000058,1.3186813186812976,1.0237500000000164,0.0,0.6327380527643711,0.10622002672028097,0.125703946411884,0.01965013882612,0.08718967431268881,0.1642182185110792,6.397102204936677,0.487118184930714,0.032844732623997994,0.422742508987678,0.5514938608737501,14.830937749050179,0.16129645645368398,0.004450808441059,0.15257287190920835,0.17002004099815962,36.23981094439306
2013-06-28,0.46299999999999997,0.3770000000000058,1.2281167108753126,1.0603125000000162,0.0,0.5738785279521389,0.10614292829736599,0.125895312450091,0.019641965434559,0.08739706019835536,0.16439356470182664,6.4095068729009546,0.48685696314089,0.032769510537577,0.4226287224872391,0.551085203794541,14.857010530645914,0.161317320976496,0.00445113107567,0.1525931040681828,0.17004153788480922,36.24187161286967
2013-07-01,0.447,0.3885666666666724,1.1503817448743074,1.092843750000016,0.0,0.5259809213266264,0.10610285324880699,0.126033165069895,0.019637461331031,0.08754374086107425,0.16452258927871574,6.417996855364318,0.486604672006648,0.032710683022914,0.4224917332817365,0.5507176107315594,14.876016855587508,0.161333325440904,0.004451428320556,0.15260852593261426,0.17005812494919376,36.24304691056259
2013-07-02,0.428,0.3994333333333391,1.0715179838103823,1.1234062500000157,0.0,0.4796244363845013,0.106106051580667,0.12615632219244302,0.019636183785125,0.08766940197359803,0.16464324241128805,6.424686363345728,0.48622149486036703,0.032649791287214,0.4222279039374275,0.5502150857833064,14.89202459468018,0.161350999310546,0.0044518767364619995,0.15262532090708048,0.17007667771401153,36.243366306401896
2013-07-03,0.429,0.4106000000000058,1.0448124695567316,1.1548125000000162,0.0,0.464401555109387,0.10605386903135,0.126182566286915,0.019634221616527,0.08769949191852207,0.16466564065530792,6.42666507241107,0.486351810068325,0.032646280234161,0.4223651008093695,0.5503385193272806,14.897617939314268,0.161349714141302,0.004451769496727999,0.15262424592771512,0.1700751823548889,36.243950694190396
2013-07-04,0.33299999999999996,0.4141000000000058,0.804153586090305,1.1646562500000164,0.0,0.3367620636930843,0.10628697345367599,0.12653645699833801,0.019659625135548,0.08800359173266391,0.16506932226401205,6.436361635885758,0.48509315780294104,0.032507385432907994,0.4213786823544413,0.5488076332514407,14.922552255213823,0.1615438486981,0.004457834157604999,0.15280649374919422,0.1702812036470058,36.23819168384761
2013-07-05,0.332,0.4175666666666725,0.7950826215374679,1.1744062500000163,0.0,0.33225559964207396,0.106231841087837,0.126552328696944,0.019658868784449,0.08802094587942398,0.16508371151446402,6.437416622723132,0.48525066898081104,0.032512906814713,0.4215253716239735,0.5489759663376484,14.924862662886074,0.161538293888026,0.004457645517071,0.15280130867456684,0.17027527910148518,36.238479096062676
2013-07-08,0.314,0.4201333333333392,0.7473817835607639,1.1816250000000164,0.0,0.3088862950857957,0.10633845561287099,0.12650178766111,0.019659237207794996,0.08796968273383181,0.1650338925883882,6.434725128142301,0.4850074515944529,0.032511617355941005,0.4212846815768085,0.5487302216120973,14.917973667213626,0.161546557177508,0.004457912428982001,0.15280904881670326,0.1702840655383127,36.23816298572017
2013-07-09,0.29600000000000004,0.4215000000000058,0.7022538552787567,1.1854687500000165,0.0,0.2872691705803844,0.10643251633017199,0.126434712408111,0.019657725432842,0.08790557055974069,0.1649638542564813,6.431807832501295,0.484865640995569,0.032521400437422,0.42112369613822187,0.5486075858529161,14.90912551347675,0.161551512405779,0.004458034992568,0.15281376382034573,0.17028926099121228,36.23827822686253
2013-07-10,0.317,0.4221666666666725,0.7508882747729861,1.1873437500000164,0.0,0.3105856997503493,0.106334156633482,0.126509729252736,0.019657396516916,0.08798123207958063,0.16503822642589133,6.43573166690057,0.48507062141034296,0.032518095007821,0.42133515519501386,0.5488060876256722,14.916944590194321,0.161558882433582,0.004458204445369001,0.15282080172065876,0.17029696314650522,36.23855397690584
2013-07-11,0.34299999999999997,0.4228333333333391,0.8111943240047188,1.1892187500000162,0.0,0.34027396197897763,0.106275660979916,0.126554998978986,0.019658670367026,0.08802400505961505,0.16508599289835696,6.437617428656769,0.48521627671468803,0.032517995812976,0.42148100492125506,0.5489515485081209,14.92146931518646,0.161567585874471,0.004458455945698,0.15282901222090292,0.1703061595280391,36.23846188956181
2013-07-12,0.33799999999999997,0.4236666666666724,0.7977970102281559,1.1915625000000158,0.0,0.3336019826132342,0.10637411908860199,0.12650472075361,0.019657622303774,0.08797578103821296,0.16503366046900705,6.435402959661257,0.484935773359407,0.032511562647241,0.4212131105708147,0.5486584361479994,14.9157940705925,0.161563577640834,0.004458348076601,0.15282521541069605,0.17030193987097195,36.23843963390285
2013-07-15,0.344,0.424233333333339,0.8108745187396763,1.193156250000016,0.0,0.3401141764352552,0.10631108176331099,0.12652683548094198,0.019657137491554,0.08799884599749615,0.16505482496438784,6.436686701474569,0.48512597909184,0.032518607952779,0.4213895075043932,0.5488624506792869,14.91841163054384,0.161561491393358,0.0044582592592080006,0.1528233032453103,0.17029967954140568,36.23869362457057
2013-07-16,0.322,0.4237666666666723,0.7598521198772809,1.1918437500000159,0.0,0.31494315900061914,0.10640888255318401,0.12648587812693599,0.019657539699131,0.08795710031663925,0.16501465593723275,6.434471457917433,0.484891525974526,0.032515715760761,0.4211607230834344,0.5486223288656176,14.912528130771658,0.16157056891640698,0.004458549930933,0.1528318110517783,0.17030932678103566,36.23836705190988
2013-07-17,0.331,0.4238666666666723,0.7809059452657965,1.1921250000000159,0.0,0.3252530339857114,0.106433044312449,0.12647355188208198,0.019656052585616,0.08794768881427463,0.16499941494988934,6.434331172609682,0.484817692643944,0.032514626080767994,0.4210890255256387,0.5485463597622493,14.910757129411015,0.161568735412086,0.004458466488035999,0.15283014109553544,0.17030732972863655,36.23863403384583
2013-07-18,0.316,0.4221666666666723,0.7485195420449959,1.1873437500000157,0.0,0.3094373880011006,0.10655115354045698,0.126409844116218,0.019654425070082,0.08788717097885729,0.16493251725357871,6.431622581961866,0.48454213964439896,0.03251476328465,0.420813203606485,0.548271075682313,14.902219505720575,0.161571701240457,0.004458541879353,0.15283295915692513,0.17031044332398887,36.23868646129841
2013-07-19,0.315,0.4185666666666723,0.7525682886039557,1.1772187500000155,0.0,0.3114009350862613,0.10664510289156,0.126363590764967,0.019650703050176004,0.08784821278662203,0.16487896874331198,6.430487013228476,0.484248516581829,0.03250813732181,0.42053256743108136,0.5479644657325766,14.896224652556088,0.16156436690213094,0.004458271813931,0.15282615414682618,0.1703025796574357,36.23923655737313
2013-07-22,0.335,0.414333333333339,0.8085277554303993,1.1653125000000155,0.0,0.3389424344190018,0.10660837677788099,0.12641964175042694,0.019649624604492003,0.08790637752562261,0.16493290597523128,6.433692464614565,0.484225774843989,0.032495851747536,0.4205339054188184,0.5479176442691596,14.901156572414115,0.161568573322737,0.004458344949219,0.15283021722226775,0.17030692942320624,36.23958557783678
2013-07-23,0.3720000000000001,0.4098666666666723,0.9076122316200268,1.1527500000000157,0.0,0.3896506749236206,0.10643317451833803,0.12648814452304802,0.019653476012163003,0.08796733153920852,0.1650089575068875,6.435917211020081,0.48492854162363497,0.032531974358175,0.421165871881612,0.548691211365658,14.906213077773753,0.161596625558551,0.004459171806793,0.15285664881723673,0.17033660229986528,36.23915663271281
2013-07-24,0.395,0.4071000000000057,0.9702775730778544,1.144968750000016,0.0,0.4231010840438545,0.10643885144234698,0.126478055187178,0.019653375329374,0.08795743954160495,0.16499867083275105,6.435436817722795,0.48494004521466905,0.032534943657311,0.42117155564633946,0.5487085347829985,14.905206239866672,0.16159640661157199,0.0044591692625220005,0.15285643485702888,0.17033637836611515,36.23912820931701
2013-07-25,0.39399999999999996,0.4054000000000056,0.9718796250616538,1.140187500000016,0.0,0.4239710924428237,0.10648166945649301,0.126526476377055,0.019650256095435,0.08801197443000239,0.1650409783241076,6.4389225139131785,0.484401880527008,0.032481923221148,0.4207373110135579,0.5480664500404581,14.912967967722896,0.16157011662584198,0.004458370377942,0.15283171068507564,0.1703085225666083,36.23972504061472
2013-07-26,0.391,0.4047000000000056,0.966147763775623,1.1382187500000158,0.0,0.420861839129476,0.1064816820042,0.12663560257984,0.019651165030426004,0.08811931912020503,0.16515188603947495,6.444177858349291,0.48391913497255795,0.032422319980439,0.4203713878108976,0.5474668821342185,14.925493772947679,0.16155922278372598,0.004458092187722,0.15282136209579086,0.1702970834716611,36.23954283149817
2013-07-29,0.39,0.4038666666666723,0.9656652360514888,1.1358750000000155,0.0,0.42060053217325777,0.10646377888308901,0.126732950928552,0.01965491929587,0.0882093091086468,0.1652565927484572,6.44789983722712,0.483623535377002,0.032381475682642005,0.4201558430390237,0.5470912277149803,14.935191345719053,0.161558354700549,0.004458157573191001,0.15282036585709466,0.17029634354400336,36.23881660712526
2013-07-30,0.384,0.401933333333339,0.9553823187924894,1.1304375000000155,0.0,0.41504811548908105,0.106459572144699,0.12677971507592098,0.019659590743243,0.0882469172191647,0.16531251293267726,6.44874640228679,0.48347889368001,0.032364694444416,0.42004409256895453,0.5469136947910653,14.938466189147734,0.161560801643525,0.004458348819772,0.15282243795677186,0.1702991653302781,36.2378109418049
2013-07-31,0.361,0.3999000000000057,0.9027256814203422,1.1247187500000158,0.0,0.3870886902648817,0.10648112017208801,0.126948844294599,0.019665652277203998,0.08840416583127915,0.16549352275791884,6.455358942848685,0.48277792797506397,0.032282080134554005,0.41950505091133816,0.5460508050387899,14.954982019833016,0.161567639606504,0.004458696701165999,0.15282859407221866,0.17030668514078934,36.23651717871861
2013-08-01,0.35600000000000004,0.39383333333333903,0.9039356749894074,1.1076562500000158,0.0,0.3877224704098664,0.10642486759229401,0.127148609619831,0.019672373105284,0.08859075833347435,0.16570646090618762,6.4633081600956865,0.48224593198196597,0.032202546207107996,0.4191289414160344,0.5453629225478978,14.975397562678346,0.161562903374169,0.004458726286762,0.1528237998521155,0.17030200689622252,36.23521449474581
2013-08-02,0.36,0.3872000000000057,0.9297520661156888,1.089000000000016,0.0,0.4013413909242951,0.10639418505267098,0.127151469593789,0.019680419421798,0.08857784752706492,0.16572509166051308,6.460810964879997,0.4823900798196461,0.032218772495987015,0.4192412857275116,0.5455388739117807,14.972329559722805,0.161565570291901,0.004459008404418,0.1528259138192417,0.17030522676456028,36.233520020243475
2013-08-05,0.389,0.3791666666666723,1.0259340659340508,1.066406250000016,0.0,0.4537784628923287,0.10628647627147099,0.127277040219141,0.019691688565589,0.08868133063058656,0.16587274980769542,6.463490410952144,0.482587470094314,0.032211665922122996,0.4194526048869529,0.5457223353016751,14.981760684500056,0.161596538898125,0.004460132349338,0.15285467949342252,0.1703383983028275,36.23133266933496
2013-08-06,0.38,0.37233333333333896,1.0205908683974778,1.0471875000000157,0.0,0.45079216207457706,0.106268813085063,0.127321996125042,0.019698450895628,0.08871303236961113,0.16593095988047288,6.4635537484471675,0.482512204378205,0.032200419765556,0.4193993816377153,0.5456250271186948,14.98465572471608,0.16159904181493898,0.004460370077090999,0.1528567164638406,0.17034136716603734,36.22996276585522
2013-08-07,0.3720000000000001,0.36756666666667226,1.0120613040718085,1.0337812500000156,0.0,0.446043412363198,0.106280374962935,0.127238553348411,0.019702208737131,0.08862222422363424,0.16585488247318775,6.458085742875018,0.482725885815597,0.032237772421732994,0.4195398518690003,0.5459119197621937,14.973921879607758,0.161590635924523,0.004460251677692001,0.15284854263624667,0.17033272921279932,36.22903988416281
2013-08-08,0.368,0.36383333333333895,1.0114521300961823,1.0232812500000157,0.0,0.4457051220653998,0.106280384700681,0.127130445791797,0.019703052842386003,0.08851246222072043,0.16574842936287354,6.452322226853599,0.483060034145358,0.032287069508101,0.41977737790947994,0.546342690381236,14.961408437026297,0.161577875428725,0.004459930113193,0.15283641240686674,0.17031933845058328,36.228790884133375
2013-08-09,0.36200000000000004,0.3604666666666723,1.0042537451451663,1.013812500000016,0.0,0.4417163119288932,0.106275384019176,0.127208781960306,0.019704843287411997,0.08858728911697847,0.16583027480363352,6.4557114261128214,0.482774054761726,0.032249790497875,0.41956446538589104,0.5459836441375611,14.969835379040306,0.161575997348604,0.00445992233625,0.152834549569554,0.170317445127654,36.228432956177116
2013-08-12,0.3670000000000001,0.3578000000000057,1.0257126886528627,1.006312500000016,0.0,0.4536545583879221,0.10626101026161,0.127186827049916,0.019707260758827998,0.0885605959626131,0.16581305813721886,6.453805458119776,0.4829335191620229,0.03226826271023,0.4196877242499721,0.5461793140740736,14.966207617025509,0.16157780622460902,0.004460031814562,0.1528361438680675,0.17031946858115055,36.22794924848795
2013-08-13,0.414,0.357333333333339,1.1585820895522203,1.0050000000000159,0.0,0.5309268030870666,0.10627522859698199,0.127062012464888,0.019714655775476004,0.08842128714495502,0.16570273778482095,6.445053563803325,0.48368467588126396,0.032361379869278,0.4202563713374791,0.5471129804250489,14.946355125618147,0.16163486636705401,0.004461809550914001,0.15288971964726256,0.17038001308684542,36.22630336921228
2013-08-14,0.418,0.35696666666667226,1.1709776823232612,1.0039687500000158,0.0,0.5384497137592549,0.106275092787345,0.127105930521658,0.019711692213939,0.08847101378233756,0.16574084726097846,6.44825056834922,0.4834581766514829,0.032331994928022,0.4200874665925597,0.546828886710406,14.952933703217607,0.161624838584129,0.004461452236478,0.1528803922006321,0.17036928496762588,36.22695705730902
2013-08-15,0.429,0.3601666666666723,1.1911152244331142,1.0129687500000155,0.0,0.5507931836868295,0.106254655197768,0.12717602858534402,0.019710444835198997,0.08854355670835397,0.16580850046233406,6.452215038710634,0.48323128068821997,0.032297194428408,0.4199287796085404,0.5465337817678997,14.962020362461612,0.16161591596877806,0.004461168000914,0.15287202668698666,0.17035980525056948,36.227265132281715
2013-08-16,0.42200000000000004,0.3631666666666723,1.162000917852208,1.0214062500000158,0.0,0.5329960513251311,0.106223302990376,0.127289314318978,0.019712465289547,0.08865288235146587,0.16592574628649012,6.4573006191406055,0.482961671872636,0.032252048062348,0.4197476576704339,0.5461756860748381,14.974604742588756,0.16161892103609501,0.004461287497025,0.15287479754192598,0.170363044530264,36.22696836818151
2013-08-19,0.45,0.3677000000000056,1.2238237693771912,1.0341562500000157,0.0,0.5711726574251479,0.106294531869454,0.127032573174954,0.019713076740352,0.08839494276386409,0.16567020358604392,6.444076429475894,0.483652553523261,0.032364532910135,0.4202180690193964,0.5470870380271255,14.943906493759501,0.161625450207078,0.004461515723254001,0.15288087938950015,0.17037002102465584,36.22657864112753
2013-08-20,0.44299999999999995,0.3726000000000056,1.188942565754142,1.0479375000000155,0.0,0.5494540787887082,0.106298709145538,0.12700720439737198,0.019710289532784,0.08837503691311535,0.1656393718816286,6.443700595373052,0.4837169044560801,0.03237334935717,0.4202651397160269,0.5471686691961333,14.941824496418645,0.161623237452988,0.004461383917007999,0.15287892497565236,0.1703675499303237,36.227152932707746
2013-08-21,0.44799999999999995,0.3769666666666723,1.1884339906269166,1.0602187500000158,0.0,0.5491408804513936,0.106323072934924,0.126869988467097,0.019705752668248002,0.08824671323733091,0.16549326369686307,6.438220889249346,0.484075580791262,0.032428456991183,0.42051580508854336,0.5476353564939807,14.927493495076973,0.161614302966894,0.004461029997313,0.15287068417216051,0.17035792176162748,36.22802425992168
2013-08-22,0.465,0.3810333333333389,1.2203656722946197,1.0716562500000155,0.0,0.5689983069685013,0.106367656950713,0.12677592857308198,0.019701066914643003,0.0881618374203817,0.16539001972578227,6.434977817310785,0.4842276916079501,0.032459602382653004,0.42060687093795024,0.5478485122779501,14.917856537476414,0.161613636719975,0.004460899073269,0.15287027453636776,0.17035699890358225,36.22893817266677
2013-08-23,0.49,0.3861000000000056,1.2691012691012509,1.0859062500000158,0.0,0.6000868147658168,0.106452465971864,0.126513547605176,0.019694523696439,0.08791228116015556,0.16511481405019646,6.423793210497848,0.484858287770057,0.032565634710949996,0.421029643736595,0.548686931803519,14.888648480940898,0.16161578931587198,0.004460819571298001,0.1528725829561279,0.17035899567561605,36.23006641106142
2013-08-26,0.465,0.390133333333339,1.1919002050580825,1.0972500000000158,0.0,0.5512774430182584,0.106417105607554,0.126618925513434,0.019689413020781,0.08802767599270325,0.16521017503416474,6.43081260877602,0.484687180582718,0.032524765298462,0.4209386405977325,0.5484357205677035,14.902096176098526,0.16162770097402698,0.004460995717612,0.15288414936750747,0.1703712525805465,36.23130601446388
2013-08-27,0.452,0.3944666666666724,1.1458509379753088,1.1094375000000158,0.0,0.5232587066055195,0.10640585115834801,0.126640480709964,0.0196849453409,0.08805798784180001,0.165222973578128,6.433367150217062,0.484666171159067,0.032514425382429005,0.42093789740950616,0.5483944449086279,14.906189036358748,0.16162940708405701,0.004460915124262,0.15288601344050345,0.17037280072761052,36.23234304660596
2013-08-28,0.46299999999999997,0.3988666666666723,1.160788901888668,1.1218125000000159,0.0,0.5322619878029422,0.10642812317012901,0.126550328365224,0.019680342570256,0.08797685692752225,0.16512379980292574,6.430290931850146,0.484901703953176,0.032549521502232004,0.4211046418088013,0.5486987660975507,14.897352758931673,0.16162803415922306,0.004460769982297,0.15288492499392092,0.1703711433245252,36.233214176172105
2013-08-29,0.436,0.4028666666666723,1.0822439185834698,1.1330625000000158,0.0,0.4858043460351225,0.10642398763368399,0.126697278396737,0.01967958665998,0.0881252885431762,0.1652692682502978,6.438005054973482,0.4844665823906271,0.032483349963551,0.4207992164620672,0.548133948319187,14.914304803360643,0.161646131353113,0.004461235480004001,0.15290210981230518,0.17039015289392084,36.23349004499328
2013-08-30,0.439,0.4070000000000056,1.0786240786240635,1.1446875000000158,0.0,0.4837144480323841,0.10643504952758999,0.12670289867721699,0.019677766556039,0.08813447622738058,0.16527132112705345,6.43888615694194,0.48438392554393395,0.032474493741972,0.4207339178096689,0.5480339332781992,14.915826845296767,0.161644326307188,0.004461135989528,0.1529004997677131,0.1703881528466629,36.23389349408196
2013-09-02,0.447,0.41073333333333895,1.0882973543255816,1.1551875000000158,0.0,0.4893090583021053,0.10644019385534698,0.126767563328192,0.01967507470682,0.0882044169028248,0.1653307097535592,6.443053722395617,0.484008969735986,0.032429064569055,0.42044800318063824,0.5475699362913338,14.925159765411177,0.16162688406928602,0.004460584687762999,0.15288413808127055,0.1703696300573015,36.23446148499365
2013-09-03,0.462,0.41373333333333895,1.116661295520449,1.163625000000016,0.0,0.5058963381742815,0.10643963782443801,0.126751137862393,0.019675686795729,0.08818679174276417,0.16531548398202184,6.4420184758127785,0.484086694130683,0.032439089896467,0.4205060779336077,0.5476673103277583,14.922943142847092,0.161628966476586,0.0044606567121070004,0.1528860793208563,0.17037185363231572,36.23434326114029
2013-09-04,0.45899999999999996,0.41586666666667227,1.1037191407502256,1.1696250000000157,0.0,0.4982935990912678,0.106411494515856,0.126883798837768,0.019676183719233003,0.08831847874807132,0.1654491189274647,6.448597992797855,0.483667306145999,0.032376837921784,0.4202087038193024,0.5471259084726956,14.93868262597002,0.16162209032294,0.004460470260453,0.1528795686124521,0.1703646120334279,36.23431631321785
2013-09-05,0.513,0.4198333333333389,1.2219134577213018,1.1807812500000159,0.0,0.5699709248083463,0.10644741212533199,0.126767798177824,0.019682715705605,0.08818967539483819,0.1653459209608098,6.4405644055368905,0.4842044823558789,0.032451507177657,0.4205995282876712,0.5478094364240866,14.920862679970147,0.161665156044291,0.004461845915272,0.15291993805035786,0.17041037403822412,36.23279672005957
2013-09-06,0.469,0.4224333333333389,1.110234356505943,1.1880937500000155,0.0,0.5021136722995913,0.106384444161844,0.12710272615472198,0.019689806339601,0.08851070572910402,0.16569474658033995,6.455255270798903,0.48345747901647396,0.032325402995697014,0.4200996891449079,0.5468152688880401,14.955961386802684,0.161705813823373,0.00446311961313,0.1529580993816382,0.17045352826510782,36.23156622279417
2013-09-09,0.46399999999999997,0.4249000000000056,1.0920216521534336,1.1950312500000155,0.0,0.4914714061572554,0.106392578724996,0.12705439043045694,0.019692287834409,0.08845750627501531,0.16565127458589854,6.451987270288062,0.483579867663505,0.032347070755788,0.42017960898216056,0.5469801263448495,14.94972670985884,0.161701708226943,0.004463076906160999,0.15295407749086742,0.17044933896301856,36.230993018231004
2013-09-10,0.48700000000000004,0.4283333333333389,1.1369649805447324,1.2046875000000157,0.0,0.5179412386553323,0.10636960891440404,0.12708863946340598,0.019695133278297004,0.08848617823794386,0.1656911006888681,6.45279408205136,0.4835732721939221,0.032340130929376,0.4201866155723452,0.5469599288154989,14.95273081144751,0.161704939598831,0.004463235684873,0.15295699765647994,0.17045288154118207,36.230428105529114
2013-09-11,0.473,0.4320666666666722,1.0947384662860529,1.2151875000000156,0.0,0.4930517581929755,0.106344445514297,0.127214355426008,0.019699301118133,0.08860372523446733,0.1658249856175487,6.457810592524543,0.4832530649392,0.032290414126506004,0.41996385325124813,0.5465422766271517,14.965836704537981,0.16171219449722304,0.004463537707129001,0.15296366059125022,0.17046072840319587,36.22960196773037
2013-09-12,0.45399999999999996,0.4353333333333389,1.042879019908103,1.2243750000000158,0.0,0.4633083794163904,0.106313442831413,0.12740066167213002,0.019705742709913997,0.08877740596069858,0.16602391738356145,6.465154018682699,0.48274870704539796,0.032215333608593,0.4196066531725557,0.5458907609182403,14.985060000019253,0.161722515653207,0.004463976169832,0.15297312236033628,0.17047190894607772,36.22835550650122
2013-09-13,0.46,0.4386666666666723,1.0486322188449713,1.233750000000016,0.0,0.4665647667488777,0.10630857293680301,0.12736827967216802,0.019710809045487998,0.08873509394301153,0.1660014654013245,6.461849403453263,0.48288841440055996,0.032236218197798,0.4197054267328759,0.5460714020682441,14.979685626819196,0.16172165392280302,0.0044640880486000005,0.15297204134754702,0.17047126649805902,36.227254516971286
2013-09-16,0.45,0.4407000000000056,1.0211027910142825,1.2394687500000159,0.0,0.4510778884800972,0.106303269050384,0.12742543120298,0.019715756102499,0.08878254924208195,0.16606831316387805,6.463126777411746,0.482719466668948,0.032214736831695,0.4195785824788258,0.5458603508590701,14.9844299269276,0.161725598947494,0.004464323614338,0.1529755246633915,0.1704756732315965,36.2262266176412
2013-09-17,0.44299999999999995,0.4428000000000056,1.0004516711833658,1.2453750000000157,0.0,0.4396158887330711,0.10628722559220698,0.127527400191591,0.019721082148421002,0.08887407918068585,0.16618072120249616,6.466551846993832,0.482427814765786,0.032174281027731004,0.4193662239514333,0.5454894055801388,14.994206532539954,0.16172920580170802,0.004464562282095,0.1529786637288018,0.17047974787461426,36.22509791168704
2013-09-18,0.449,0.4453666666666721,1.0081580720005865,1.2525937500000155,0.0,0.4438778250479801,0.106281108410447,0.12748681103836698,0.019725147040305,0.08882552283936918,0.1661480992373648,6.463161505355017,0.48259710222678703,0.032198846590418995,0.4194873629095657,0.5457068415440082,14.988024520430846,0.16172718114721,0.004464614605132,0.15297653652115129,0.1704778257732687,36.22421988256313
2013-09-19,0.395,0.44626666666667225,0.8851210038840642,1.2551250000000158,0.0,0.3779127206769507,0.106384349325627,0.127583601181744,0.019734783726286,0.08890342507822344,0.16626377728526456,6.464910026442637,0.48204145708436896,0.032151042359785,0.4190254140591904,0.5450575001095476,14.99302733921036,0.161773912851608,0.004466186949160999,0.15302018643125245,0.17052763927196354,36.221930405760105
2013-09-20,0.408,0.4478000000000055,0.9111210361768534,1.2594375000000155,0.0,0.3914943741689075,0.106354599489385,0.127594310646466,0.019738204955617,0.08890742893345667,0.16628119235947533,6.46433203694926,0.4821526467249821,0.032160555005559,0.4191179589140864,0.5451873345358778,14.992049939487671,0.161776735081737,0.004466347345104999,0.15302269428533122,0.1705307758781428,36.221261487655134
2013-09-23,0.391,0.4486000000000055,0.8716005349977602,1.2616875000000154,0.0,0.3709222601501974,0.10640440724335401,0.127655196892308,0.019741841207675002,0.08896118812526503,0.16634920565935096,6.4662254928219225,0.481735906518381,0.032123471683742987,0.4187739020182447,0.5446979110185173,14.996383680478216,0.16178325273886,0.00446663849005,0.153028641298362,0.17053786417935798,36.22035969538528
2013-09-24,0.375,0.4473000000000055,0.8383635144198421,1.2580312500000157,0.0,0.3539426872781354,0.10646137531253301,0.12769295332612302,0.019745322883841,0.08899212047379465,0.16639378617845138,6.466997479723473,0.4813678381968329,0.032096165260546004,0.4184593542861627,0.5442763221075031,14.997674466381092,0.16178864312260702,0.004466895369612001,0.15303352819816748,0.17054375804704655,36.219483497024434
2013-09-25,0.386,0.4462333333333389,0.8650183013371074,1.2550312500000156,0.0,0.3675366661608917,0.106430411065035,0.12771950328696602,0.01974862020004,0.08901220769488763,0.1664267988790444,6.467262117214112,0.48142740021926395,0.032099412486309,0.4185125517460984,0.5443422486924296,14.998012827325141,0.16179193831431302,0.004467069891075,0.153036481327806,0.17054739530082005,36.21880612111849
2013-09-26,0.39299999999999996,0.4450333333333389,0.8830799191071719,1.2516562500000157,0.0,0.37685428598710174,0.10641077403587101,0.127722306873129,0.019751244583049,0.08900986749035296,0.16643474625590504,6.466544745374707,0.481512206291956,0.03210892405036,0.4185787151532504,0.5444456974306616,14.996211194643125,0.16179303591522698,0.004467170711936,0.1530373813198324,0.17054869051062155,36.21823439228348
2013-09-27,0.374,0.4434333333333389,0.8434187777193008,1.2471562500000155,0.0,0.3565067182008663,0.10647241880731899,0.1278254006862,0.019753742059777,0.08910806624903707,0.16654273512336293,6.4709461275429865,0.480835441972471,0.032043280407712,0.4180306123733555,0.5436402715715866,15.005812009707608,0.16179137765370002,0.004467206628384,0.1530356526620674,0.17054710264533265,36.21757198910433
2013-09-30,0.366,0.4406333333333389,0.8306225886980756,1.2392812500000157,0.0,0.3500291845437056,0.10650062065987101,0.127874046647634,0.019757501693147,0.08914934332906588,0.1665987499662021,6.4721769297375324,0.480539922310291,0.032018447527252004,0.4177837651568771,0.5432960794637051,15.008220554768775,0.161793848853364,0.004467386753357,0.1530377708167843,0.17054992688994372,36.216664861571466
2013-10-01,0.369,0.4381666666666722,0.8421453023963378,1.2323437500000156,0.0,0.3558601914426091,0.106489684895285,0.127929380346685,0.019761482246634998,0.0891968751432804,0.1666618855500896,6.473673318127338,0.48039502954622,0.032001947341892996,0.4176712127561097,0.5431188463363302,15.011431161170163,0.161796144124896,0.004467552347611,0.15303974152357847,0.17055254672621356,36.21583621989981
2013-10-02,0.365,0.4354000000000056,0.8383096003674675,1.2245625000000155,0.0,0.3539153774560537,0.10650812932744698,0.127907957832013,0.019764462516830002,0.0891696112990262,0.1666463043649998,6.471613266644575,0.480384596105515,0.032012297747819,0.41764049251978974,0.5431286996912402,15.006251656466727,0.161794849795796,0.004467607726255,0.1530383386523362,0.1705513609392558,36.21509758901935
2013-10-03,0.36200000000000004,0.4319666666666722,0.8380276255883835,1.2149062500000156,0.0,0.35377255706560823,0.106509639927783,0.128023898317243,0.019767182186258,0.08928022123217733,0.1667675754023087,6.476588170783709,0.479911870579526,0.031957421248341,0.4172753249327776,0.5425484162262744,15.017227668344512,0.16178964560679998,0.004467537225585999,0.1530332726446514,0.17054601856894855,36.21450419712379
2013-10-04,0.38,0.4283000000000056,0.8872285780994514,1.2045937500000157,0.0,0.3790068113402344,0.106443202359307,0.128082985952431,0.01977298310807,0.08932793906061381,0.1668380328442482,6.477676395735871,0.48004884790120794,0.031959684123659,0.4174078670188364,0.5426898287835796,15.020450328726266,0.161799583477301,0.004467946964468,0.15304240742694372,0.17055675952765828,36.213407357796605
2013-10-07,0.366,0.4250000000000056,0.8611764705882241,1.1953125000000155,0.0,0.3655658921582943,0.10648218025241996,0.12799592939554302,0.019774815819148,0.08923729039001294,0.1667545684010731,6.4726736555293884,0.48014521695429296,0.031990839002002,0.4174431725103691,0.5428472613982169,15.008834776863734,0.16179043610268698,0.004467762412625,0.15303362177394195,0.17054725043143198,36.21285582364405
2013-10-08,0.369,0.4222333333333389,0.8739243704112934,1.1875312500000157,0.0,0.3721202756728189,0.106433896859784,0.12787742987733194,0.019772431104714,0.0891234649120925,0.1666313948425714,6.467461143250342,0.480649280368625,0.032051641132076,0.41782806374975606,0.543470496987494,14.996089541499465,0.161763701163327,0.004466952800156,0.15300847367502124,0.17051892865163276,36.2134341687418
2013-10-09,0.371,0.4191666666666723,0.8850894632206641,1.1789062500000158,0.0,0.3778963562746238,0.10644980404949199,0.12790768907084699,0.019772562914259998,0.0891534657588974,0.16666191238279662,6.468948392046713,0.480444475339363,0.03203208049806,0.4176615975631655,0.5432273531155606,14.998853270503695,0.16176045393921099,0.0044668686078690005,0.15300539146778774,0.17051551641063425,36.21338976800385
2013-10-10,0.379,0.4172666666666723,0.9082920594344024,1.1735625000000158,0.0,0.3900076246426824,0.106420819537675,0.127904078058449,0.019773607673009997,0.0891478070193494,0.1666603490975486,6.468423980770782,0.48059772648658,0.032045488210647004,0.4177885695937119,0.5434068833794481,14.997360106590754,0.16176194009979902,0.004466937281127,0.1530067430287901,0.17051713717080794,36.213165737348795
2013-10-11,0.38,0.4153000000000056,0.9150012039489402,1.1680312500000158,0.0,0.3935371717352871,0.10640653034541901,0.127895276996004,0.019774060823626,0.08913811778169704,0.16665243621031095,6.467830666485701,0.48069143670055703,0.032055130974621,0.4178633799902998,0.5435194934108142,14.995772036655636,0.161761283016044,0.0044669251445760005,0.15300610973267506,0.17051645629941298,36.21311702804326
2013-10-14,0.37799999999999995,0.4130000000000056,0.9152542372881228,1.1615625000000158,0.0,0.3936705316153207,0.106409817040692,0.12790023410301898,0.019774453932249,0.08914230439581095,0.16665816381022702,6.467952770844168,0.480659189401553,0.032052828279466,0.4178356459737996,0.5434827328293064,14.995843275068385,0.16176148994857698,0.0044669423620559996,0.15300628291894722,0.17051669697820673,36.213023772734644
2013-10-15,0.413,0.4113666666666723,1.0039705048213134,1.1569687500000159,0.0,0.4415596860587769,0.106340389666399,0.127873941931394,0.019777858156454,0.08910933994474418,0.16663854391804386,6.465510113372133,0.48122173722863304,0.032101718000702995,0.4183023699472551,0.5441411045100109,14.990529080658202,0.16178668047168202,0.004467708494609,0.15302997182224834,0.17054338912111566,36.21245223740321
2013-10-16,0.41600000000000004,0.40993333333333903,1.014799154334024,1.1529375000000155,0.0,0.4475652270448983,0.106338528632176,0.127853584135828,0.019776924452810003,0.08909081220832041,0.1666163560633356,6.464785990405312,0.4813061777118761,0.032111058820396,0.4183685024239,0.5442438529998522,14.988798108586767,0.16178657854906198,0.004467682710942,0.15302992043561567,0.17054323666250829,36.21263841159547
2013-10-17,0.375,0.40533333333333904,0.9251644736841976,1.140000000000016,0.0,0.3989077075619984,0.106341042011574,0.127917390665248,0.019778464235099998,0.08915160076445199,0.16668318056604398,6.467508758250336,0.481145800188419,0.032086278153337006,0.4182566950078785,0.5440349053689595,14.995375839138319,0.16180189250437,0.004468143107671,0.15304433201333484,0.17055945299540515,36.21233443185281
2013-10-18,0.366,0.4019000000000057,0.9106742970888152,1.1303437500000155,0.0,0.3912594464543933,0.106327411232954,0.127920175712669,0.019778332509389998,0.08915464399426459,0.16668570743107342,6.467692645572567,0.481192850815189,0.032087801492573995,0.418300759889744,0.544084941740634,14.996130256121054,0.161801194157728,0.004468115415586,0.15304368794317946,0.17055870037227658,36.21240256984707
2013-10-21,0.379,0.3990666666666723,0.9497160040093416,1.1223750000000159,0.0,0.4120016268142077,0.10625042914107598,0.127913916381844,0.019778875064099997,0.08914732125620799,0.16668051150747998,6.467198764707043,0.481581446079831,0.032114388395358996,0.41863724482492737,0.5445256473347346,14.995815587427854,0.16180394770402806,0.004468181906319001,0.15304631116764286,0.1705615842404133,36.21247995190463
2013-10-22,0.345,0.39433333333333903,0.8748943364327852,1.1090625000000158,0.0,0.37262075073751744,0.106376656650557,0.127944794264392,0.01978039033636,0.08917522920512641,0.1667143593236576,6.468264381477119,0.480974650923507,0.032067999373661,0.4181213721511314,0.5438279296958826,14.998586139382287,0.161817530147569,0.004468631805311,0.15305901180915946,0.17057604848597854,36.21187361089984
2013-10-23,0.353,0.39033333333333897,0.9043552519214216,1.0978125000000158,0.0,0.3879423336091143,0.106408152326804,0.12795293215831,0.019778828978535997,0.08918642736037942,0.16671943695624056,6.46918643652575,0.480729429673055,0.032048156927955,0.4179150420942632,0.5435438172518468,15.000220785043714,0.161805367061177,0.004468267862897,0.1530475620498989,0.17056317207245514,36.21210098095713
2013-10-24,0.364,0.38733333333333897,0.9397590361445646,1.0893750000000155,0.0,0.4066706537635057,0.10639601082285904,0.127975665186183,0.019779583030301997,0.08920768244679109,0.16674364792557492,6.4700891313091375,0.480705450694181,0.032042397829481005,0.4179023509483982,0.5435085504399638,15.00216847853703,0.161806472198374,0.004468312526119,0.15304857964718074,0.17056436474956724,36.21198634888187
2013-10-25,0.369,0.3843000000000056,0.9601873536299624,1.0808437500000159,0.0,0.41763883001971225,0.10639558695941301,0.12802297260094098,0.019780060294161,0.08925405442438543,0.16679189077749654,6.472324689461768,0.480499276741472,0.032017551531179,0.4177448757403612,0.5432536777425829,15.007371075004091,0.16180134435652802,0.004468184379282001,0.1530437029731353,0.17055898573992073,36.21187726870771
2013-10-28,0.373,0.38173333333333903,0.9771219001047708,1.0736250000000158,0.0,0.4268232582599565,0.106378448333807,0.128004849193985,0.019781430655353,0.08923324510949313,0.16677645327847687,6.470960135501798,0.480648181126258,0.032033613072124996,0.41786229950489295,0.5434340627476231,15.00449481124918,0.16180192493512602,0.004468232201789,0.1530441898196196,0.17055966005063244,36.21161963568919
2013-10-29,0.36,0.3789666666666723,0.9499516228340082,1.0658437500000155,0.0,0.4121281222789767,0.10639911530802,0.128055834375103,0.019782979540278,0.08928119447615812,0.1668304742740479,6.4730307239303695,0.48037904705999396,0.032005169842452996,0.4176489141687861,0.5431091799512019,15.00942033504844,0.161804545308608,0.004468346864619,0.15304658545395475,0.17056250516326124,36.21127683479829
2013-10-30,0.33299999999999996,0.3751000000000057,0.8877632631298186,1.054968750000016,0.0,0.37928456921073983,0.106460170788229,0.128097907629044,0.019786245229305,0.0893168669796062,0.1668789482784818,6.474088749254872,0.4800256630225101,0.031976555423662,0.4173516143921326,0.5426997116528876,15.011800259989846,0.161817996952217,0.004468819769404,0.15305911020418514,0.17057688370024884,36.21045495280887
2013-10-31,0.289,0.3715666666666723,0.7777877455817591,1.0450312500000158,0.0,0.3237193569539398,0.106663960158652,0.128136957079987,0.019792638529991004,0.08934338556120465,0.1669305285987694,6.4739704555219015,0.47921238111954295,0.031926191561561,0.4166370456588834,0.5417877165802025,15.010007698397455,0.161860197462155,0.004470216797674,0.15309857253871395,0.17062182238559606,36.20857886498474
2013-11-01,0.276,0.3671666666666723,0.7517022242396617,1.0326562500000158,0.0,0.3109805899120657,0.106761157986822,0.128097947627996,0.019792636705829,0.08930437968457118,0.16689151557142085,6.472000144895892,0.4789372323196889,0.031924482956589,0.4163652457247745,0.5415092189146034,15.002192297709186,0.16186278903989998,0.004470318937646,0.1531009639221138,0.17062461415768615,36.20833128410237
2013-11-04,0.281,0.3635000000000057,0.7730398899587226,1.0223437500000159,0.0,0.3213886466414687,0.10675311711448901,0.12810321141296802,0.019792242772658,0.08931041557855833,0.1668960072473777,6.4723949117041775,0.478957338211882,0.031930459682393,0.41637363723439175,0.5415410391893722,15.000013873147699,0.161863416346775,0.004470326608066,0.15310157619496564,0.17062525649858434,36.2084094828171
2013-11-05,0.308,0.3612666666666723,0.8525558221073865,1.0160625000000159,0.0,0.36115777536072863,0.106639035126044,0.128207173257733,0.019796062912321,0.08940688994958385,0.16700745656588215,6.47639754559162,0.479209340438104,0.031930128321930006,0.4166262889271212,0.5417923919490868,15.008061840734134,0.161885107791985,0.004470991074274,0.15312196528640798,0.17064825029756206,36.20787988673898
2013-11-06,0.299,0.35836666666667233,0.8343409915356579,1.007906250000016,0.0,0.3519071490552667,0.10664680657933699,0.128128518420236,0.019794864474606003,0.08933058405000824,0.16692645279046378,6.472816148077422,0.4793924540690879,0.031962496292115006,0.4167459613365425,0.5420389468016333,14.998592403039437,0.16187225709749406,0.004470616142160999,0.1531098494588585,0.17063466473612962,36.2080420125856
2013-11-07,0.237,0.3531666666666723,0.6710712600283045,0.9932812500000158,0.0,0.27260052576542004,0.107072175045068,0.12801119811931,0.019804197416374,0.08919497118321695,0.16682742505540304,6.463841751722483,0.47848954373541996,0.031955313146852,0.4158571299675901,0.54112195750325,14.973708488992054,0.161967737329005,0.004473620802359,0.15319944055638135,0.17073603410162866,36.205066205785954
2013-11-08,0.259,0.34933333333333905,0.7414122137404461,0.9825000000000159,0.0,0.3059997976718719,0.10695916544603999,0.128126890306747,0.019802299059903997,0.08931438414933518,0.16693939646415884,6.4703037722613255,0.47865519042136495,0.031945634408686,0.4160417469803405,0.5412686338623895,14.983430421129006,0.161983406425009,0.004473975188281,0.15321441505597824,0.17075239779403975,36.205700659514854
2013-11-11,0.256,0.34566666666667234,0.7405978784956484,0.972187500000016,0.0,0.30560668290528337,0.107016854793765,0.12809779921252198,0.019799513830568,0.08929075210460871,0.16690484632043526,6.469744677000741,0.47849965150652507,0.031946968148202005,0.41588359393604907,0.5411157090770009,14.977936225020125,0.161982364528694,0.004473890319464001,0.15321353950254454,0.17075118955484345,36.2061545907787
2013-11-12,0.255,0.3418666666666724,0.7459048361934353,0.961500000000016,0.0,0.30817136290424624,0.1070258112508,0.12805647240388499,0.019796336777926003,0.08925565231915006,0.16685729248861994,6.468695387455379,0.47858572496318497,0.031966205390304,0.4159319623981892,0.5412394875281809,14.971615151679613,0.16197757664867002,0.004473679982995999,0.15320916388199787,0.17074598941534214,36.206786641940475
2013-11-13,0.23,0.3373666666666724,0.6817508151368327,0.948843750000016,0.0,0.2776001196689866,0.107263066186396,0.12791549257939094,0.019793651137763,0.08911993634937546,0.16671104880940646,6.462450595350349,0.47813637344973997,0.031978812622646,0.41545790070935373,0.5408148461901262,14.951661248083687,0.161991626020764,0.004474069691040999,0.15322244942632365,0.17076080261520435,36.20677307399197
2013-11-14,0.233,0.3330666666666724,0.6995596477181626,0.936750000000016,0.0,0.2859932582198909,0.107278174564763,0.127889262238589,0.019788145841703,0.08910449638885114,0.16667402808832688,6.462922967197138,0.478155386189698,0.03199089910863,0.4154532239367832,0.5408575484426128,14.946606676044095,0.16198964374982094,0.004473874961718,0.15322084882485365,0.17075843867478824,36.207905928516396
2013-11-15,0.24600000000000002,0.3286000000000057,0.7486305538648683,0.924187500000016,0.0,0.3094911747532735,0.10722356701674901,0.127945297616685,0.019785644324878997,0.08916543473992215,0.16672516049344782,6.4665722033526745,0.47822719206782704,0.031986870827467005,0.4155329252459917,0.5409214588896624,14.950733838496385,0.161996047630001,0.004473968846953,0.15322706868997313,0.17076502657002887,36.208577478210564
2013-11-18,0.245,0.32456666666667233,0.7548526240114893,0.9128437500000159,0.0,0.3125104878566684,0.10721697062153,0.127918982615407,0.019782777285963,0.0891447391349195,0.1666932260958945,6.4661791803204105,0.478330494110682,0.032002626175221,0.4156053468072489,0.5410556414141152,14.946601303647098,0.16199189816739,0.004473781139367,0.1532232871342307,0.17076050920054933,36.20916918396719
2013-11-19,0.253,0.3207000000000057,0.7888992828188198,0.901968750000016,0.0,0.3291953096863884,0.107191836171769,0.127942876259888,0.019781507149854,0.08917112224617417,0.16671463027360184,6.467802240277263,0.47836994172059,0.032002294963653,0.4156454435918301,0.5410944398493499,14.947988644686566,0.16199471541893398,0.004473822442663,0.1532260234313145,0.17076340740655346,36.20946461221341
2013-11-20,0.245,0.3165000000000057,0.774091627172182,0.890156250000016,0.0,0.3219044735942986,0.107296325761583,0.127915486635773,0.019779225748951,0.08914820416782905,0.166682769103717,6.467163490591006,0.4779748490609179,0.031984761978604004,0.4152847155828541,0.5406649825389818,14.943830108244974,0.16198936645251802,0.004473645151662,0.1532210219552605,0.17075771094977554,36.20970393513546
2013-11-21,0.22899999999999998,0.3115000000000057,0.7351524879614633,0.8760937500000159,0.0,0.3029819222177417,0.10742742185445199,0.127847229394211,0.019777502835858,0.08908332383592933,0.1666111349524927,6.46427561938773,0.47767502390404,0.031986797998837996,0.4149808998263175,0.5403691479817625,14.933505501907005,0.16199421276714498,0.004473771505693,0.1532256206159867,0.17076280491830326,36.2097645266408
2013-11-22,0.257,0.3074000000000056,0.8360442420299132,0.8645625000000158,0.0,0.3527685480537386,0.10731460573227301,0.12802429254877098,0.019778463603983998,0.08925850388496234,0.16679008121257966,6.472913928611933,0.4775766856703579,0.031942334552199,0.4149697099480478,0.5401836613926679,14.951214191621649,0.162004531957436,0.0044740502866190005,0.15323539339566275,0.17077367051920925,36.20981472692692
2013-11-25,0.23600000000000002,0.3026666666666723,0.7797356828193688,0.8512500000000158,0.0,0.32467716819254977,0.10744216009800801,0.128012796313629,0.019780496833401003,0.08924302252016303,0.16678257010709496,6.471667389944838,0.477122252532966,0.031922302312205,0.4145545400010442,0.5396899650648878,14.94636094435266,0.162016367009103,0.004474467376981,0.15324641095022026,0.17078632306798575,36.20908442479315
2013-11-26,0.225,0.2964000000000056,0.7591093117408764,0.8336250000000157,0.0,0.31458134644959834,0.10752774353964999,0.128004153097688,0.019780485013913003,0.08923440247041853,0.16677390372495748,6.471234300253804,0.47678458907348903,0.031908219274573,0.4142444792953259,0.539324698851652,14.942375347578098,0.16201804849432402,0.0044745450727770005,0.1532479401516811,0.17078815683696694,36.208831480998896
2013-11-27,0.235,0.2903666666666723,0.8093215474687021,0.8166562500000157,0.0,0.33933862218866073,0.10746238467218099,0.12814682882435002,0.019781890554421002,0.08937432333768486,0.1669193343110152,6.47798694830569,0.476544881496685,0.031863162131435,0.4140930837190724,0.5389966792742976,14.95598206891552,0.16201829919694102,0.004474567991769,0.1532481459330738,0.17078845246080826,36.208702045648224
2013-11-28,0.23,0.2855333333333389,0.8055101564323914,0.8030625000000157,0.0,0.337437758233572,0.107460941537544,0.128307168493951,0.019783785821266997,0.08953094828426766,0.16708338870363432,6.485470963602285,0.475870626822408,0.03178342533972,0.4135751131565568,0.5381661404882592,14.972288912727866,0.162003809195426,0.004474210969254001,0.15323435569568816,0.17077326269516385,36.20835278191021
2013-11-29,0.225,0.2808333333333389,0.8011869436201621,0.7898437500000157,0.0,0.33528599686169874,0.107416754890029,0.128541751901673,0.019788973143939997,0.0897553645395506,0.1673281392637954,6.495625162897098,0.47512203164099603,0.031683129096972004,0.4130230986109309,0.5372209646710611,14.996057686941102,0.161990931087544,0.004473979644139,0.15322193098503156,0.17075993119005645,36.2073464727886
2013-12-02,0.23399999999999999,0.27600000000000563,0.8478260869565044,0.7762500000000159,0.0,0.3587474835406961,0.10733234647862598,0.128651582565237,0.019799225714766003,0.08984510016429564,0.16745806496617838,6.497808773869945,0.475156384801168,0.031669791057883,0.41308359432771735,0.5372291752746187,15.00345815142019,0.16200229192694002,0.00447454775693,0.15323217832335725,0.1707724055305228,36.2052883838422
2013-12-03,0.226,0.27203333333333896,0.8307805416002769,0.7650937500000158,0.0,0.3501088863435996,0.107284563432521,0.128893902770526,0.019808832840063,0.09006859040400253,0.1677192151370495,6.506890325705714,0.47446349481481104,0.031574276778651,0.41257791232865504,0.5363490773009669,15.02689984448395,0.162000443494208,0.004474733380637,0.15322996606815947,0.17077092092025653,36.20337341107652
2013-12-04,0.263,0.2690333333333389,0.9775740304794741,0.7566562500000158,0.0,0.4270696304233737,0.10713867698396601,0.128950521268772,0.019828403252916002,0.09008685089305662,0.16781419164448735,6.5033235215148375,0.475313032116705,0.031637533909308,0.4133034656544613,0.5373225985789487,15.023706761697454,0.162070714680576,0.004477159173345,0.15329548270081975,0.1708459466603322,36.19945335994653
2013-12-05,0.268,0.265833333333339,1.0081504702194144,0.7476562500000159,0.0,0.443873612007735,0.10702775438233599,0.129179494718825,0.019837598553529998,0.0902978015539062,0.1680611878837438,6.511851440598737,0.474950511989355,0.031563595627736,0.4130858645589924,0.5368151594197176,15.047414673250985,0.162068709185909,0.004477312018396,0.15329317762985284,0.17084424074196514,36.19776967073359
2013-12-06,0.28300000000000003,0.26296666666667234,1.07618202560525,0.7395937500000159,0.0,0.4823070030911015,0.10693937337281,0.129295997524888,0.019850353019675,0.090389305606325,0.168202689443451,6.513536429137412,0.4750228618096571,0.031549504825548,0.41318583235158296,0.5368598912677311,15.056428442737296,0.16208715877591398,0.004478131868409001,0.15331002031383234,0.17086429723799562,36.195262564592134
2013-12-09,0.301,0.26056666666667233,1.1551746194191894,0.7328437500000159,0.0,0.5288686810849403,0.106949076879404,0.12917975619659694,0.019860863577839002,0.0902524635840325,0.1681070488091614,6.50423662044282,0.47553985614126504,0.03162038584293,0.4135638998891222,0.5375158123934077,15.039027622985113,0.162109776546767,0.004479048500496999,0.15333084148579287,0.17088871160774113,36.19290492808121
2013-12-10,0.298,0.2585000000000056,1.1528046421663192,0.7270312500000158,0.0,0.527439701381129,0.10691273650761901,0.129261937058014,0.019866659238499,0.09032328495055596,0.16820058916547204,6.506475774624382,0.475413935476919,0.031595377528015,0.4134869955220096,0.5373408754318284,15.046945872236547,0.16211231300408,0.00447925887498,0.1533329656091192,0.1708916603990408,36.191771346285684
2013-12-11,0.298,0.2573333333333389,1.1580310880828764,0.7237500000000157,0.0,0.5305937093443921,0.10683578617761999,0.129435639190389,0.019873141885891003,0.09048428109404263,0.16838699728673534,6.513093899977743,0.47511238060100897,0.031536383765701,0.4133010684202351,0.536923692781783,15.065531423350453,0.162111371822706,0.0044793785457949995,0.1533317898729478,0.1708909537724642,36.19059433476004
2013-12-12,0.324,0.2585000000000056,1.2533849129593542,0.7270312500000158,0.0,0.5899553591143403,0.106830319246326,0.129408996784491,0.019883205865051004,0.09043791328899103,0.16838008027999096,6.508457321359442,0.4754065955987921,0.031570991358916,0.4135274525353168,0.5372857386622675,15.058335995665047,0.162140719297288,0.004480458183422,0.15335902125778084,0.1709224173367951,36.1884237413989
2013-12-13,0.324,0.2601000000000056,1.2456747404844022,0.7315312500000157,0.0,0.5850223231279521,0.10682224420078998,0.129416729820804,0.019887651968502,0.09043693196254007,0.1683965276790679,6.5073911201671635,0.4754215800999699,0.031572347893573,0.4135397782285668,0.537303381971373,15.058163608945513,0.162141990742957,0.004480610465451,0.15335999423067306,0.17092398725524094,36.18747757547353
2013-12-16,0.33899999999999997,0.2620333333333389,1.29372853326546,0.7369687500000158,0.0,0.6161720050482904,0.10687160358357099,0.129282715109489,0.019891099439654,0.09029616020776716,0.16826927001121084,6.499525855858704,0.4757482200352371,0.031629567072432,0.4137542685732704,0.5377421714972038,15.041249820010831,0.162151128986107,0.004480975271466,0.15336841745403365,0.17093384051818036,36.18657081610122
2013-12-17,0.325,0.2626000000000056,1.2376237623762112,0.7385625000000158,0.0,0.5798970776269393,0.106821353314395,0.12943380185817502,0.019894331009003004,0.09044091308052912,0.1684266906358209,6.506064556762433,0.4754737269569179,0.031577273727121005,0.4135822704517608,0.5373651834620751,15.05746604554242,0.162160901338216,0.004481309579432,0.15337753456252928,0.17094426811390273,36.186051970719035
2013-12-18,0.33,0.2636333333333389,1.2517385257301543,0.7414687500000158,0.0,0.5888999408311663,0.106770187947339,0.129542479465796,0.019897777366561,0.09054283582733644,0.16854212310425554,6.5103994822808335,0.475294825368011,0.031540480708141,0.4134754831800546,0.5371141675559673,15.069358953851946,0.162159592729841,0.004481348632130999,0.15337614941086425,0.17094303604881778,36.18544461530257
2013-12-19,0.307,0.2659666666666723,1.154279984960497,0.7480312500000158,0.0,0.528329020562369,0.106796931454477,0.12948565875180199,0.019900142198498002,0.09048138004274596,0.16848993746085808,6.506770527578343,0.475346231004195,0.031558093112197004,0.4134923685042888,0.5372000935041011,15.062577745563175,0.162153096179262,0.004481243545936,0.15336985882922746,0.17093633352929655,36.184843451843726
2013-12-20,0.3,0.2673333333333389,1.1221945137156872,0.7518750000000157,0.0,0.5091644938159003,0.106716366995228,0.129733120499513,0.019904692327601,0.09071992353741504,0.16874631746161095,6.5177154393700825,0.474791169052582,0.031463758320295,0.4131222027448038,0.5364601353603602,15.090097127599757,0.16215198149948698,0.0044812998226770005,0.15336863384704005,0.1709353291519339,36.1841402976259
2013-12-23,0.295,0.2686333333333389,1.0981511353765747,0.7555312500000158,0.0,0.4950404297793447,0.10672801676143903,0.129686582121407,0.019909538513382,0.09066388663517827,0.1687092776076357,6.513791469060931,0.474887514980758,0.031483741311907995,0.4131793820094184,0.5365956479520977,15.083579498257912,0.162148193153276,0.0044813371665240005,0.15336477230688894,0.17093161399966306,36.182993407531924
2013-12-24,0.299,0.2701000000000056,1.1069974083672485,0.7596562500000157,0.0,0.5002139250815433,0.10667248980622199,0.129821658663286,0.019914701522838002,0.09078884367852352,0.16885447364804845,6.518885483390765,0.474634239799915,0.031437199148231,0.4130173294693822,0.5362511501304478,15.097853901104465,0.162147150425647,0.004481424119122,0.1533635591521679,0.17093074169912612,36.18205867500426
2013-12-25,0.299,0.2724000000000055,1.0976505139500512,0.7661250000000155,0.0,0.4947484540002348,0.106637642560136,0.12991292395899198,0.019921311007572,0.09086715438415087,0.1689586935338331,6.521303939766293,0.4744755859655179,0.031408903130352,0.412914135830028,0.5360370361010078,15.106404193625341,0.162150531906335,0.004481686964009,0.15336642545687734,0.17093463835579265,36.18069115681817
2013-12-26,0.299,0.2746000000000055,1.0888565185724473,0.7723125000000155,0.0,0.489633413990355,0.106617956547019,0.12995659483400698,0.019927651398611003,0.09089839809272944,0.16901479157528454,6.521420524400972,0.474417944111261,0.031398539202317,0.4128768072747197,0.5359590809478023,15.109554653302212,0.162152962728061,0.004481915828024,0.15336840770513396,0.17093751775098806,36.179385992519
2013-12-27,0.307,0.27663333333333884,1.1097722617182573,0.7780312500000155,0.0,0.5018422504560155,0.10662646253121301,0.129872051542331,0.019932015681687,0.09080530080622448,0.16893880227843752,6.515751021691952,0.4746882066211161,0.031439330929465,0.4130671179993647,0.5363092952428675,15.098546711635981,0.162152843099603,0.004482037383802,0.15336804982735108,0.17093763637185494,36.178378093320624
2013-12-30,0.278,0.2777333333333389,1.00096015362456,0.7811250000000156,0.0,0.4398965400764071,0.106621229147426,0.130116261026089,0.019941980958632997,0.09102997834716832,0.1692025437050097,6.524741012239188,0.474052664722865,0.031349443021872,0.4126077563999959,0.5354975730457341,15.121565776850623,0.16219255740612,0.004483383769524001,0.15340512521785296,0.17097998959438707,36.17637162998224
2013-12-31,0.278,0.27856666666667224,0.9979657771927528,0.7834687500000157,0.0,0.4382449593004337,0.10660630479899699,0.130152133798589,0.019947788723953,0.09105446789964113,0.1692497996975369,6.5246396780964995,0.47400176774035996,0.031341949568424995,0.412571546586247,0.535431988894473,15.123557221784301,0.162194852708162,0.004483604144152001,0.15340698858562407,0.17098271683069993,36.175105449425146
2014-01-01,0.278,0.2796666666666722,0.9940405244338302,0.7865625000000156,0.0,0.43608406687274814,0.106605950179837,0.13011642560876402,0.019951794082456002,0.09101090920715027,0.16922194201037774,6.521540121706475,0.4741179238296671,0.03136105705746,0.4126502519970455,0.5355855956622887,15.118046657706405,0.1621922010635,0.00448364258152,0.15340426160372078,0.1709801405232792,36.17420392338797
2014-01-02,0.292,0.2817666666666723,1.0363184668164942,0.7924687500000158,0.0,0.4596079135537672,0.106593252305464,0.129973748926285,0.019953147450856003,0.09086557992260724,0.16908191792996274,6.513947197874807,0.474666617620465,0.031432294594005004,0.4130593202162152,0.5362739150247149,15.101239783843171,0.16218736576167,0.004483547296352,0.1533996130608201,0.17097511846251992,36.17389424967952
2014-01-03,0.273,0.2823000000000056,0.9670563230605548,0.7939687500000158,0.0,0.42135404364166734,0.1066149672927,0.130120763425126,0.019956797739573002,0.09100543985556292,0.16923608699468906,6.520122372493937,0.4741239574010021,0.031365604960697006,0.412647371678036,0.5356005431239682,15.116046956374895,0.162202796064802,0.004484071227358,0.15341401645918032,0.1709915756704237,36.17310873100421
2014-01-06,0.28,0.2837666666666722,0.986726183484064,0.7980937500000156,0.0,0.43206986131269104,0.10659843221408,0.130089973067277,0.019958911403391004,0.09097050671663062,0.16920943941792335,6.5178891993666195,0.474312830995799,0.031387511516835,0.4127933084228024,0.5358323535687957,15.111514359505684,0.16220332511809699,0.0044841431206,0.153414404601721,0.17099224563447302,36.17264675896268
2014-01-07,0.29100000000000004,0.28596666666667225,1.01760111901152,0.8042812500000157,0.0,0.4491250808882526,0.106583725855994,0.130101832695653,0.01996072305081,0.0909788155160654,0.1692248498752406,6.517891779996183,0.474351765810206,0.031389071899056,0.41282918488805626,0.5358743467323558,15.112003544917373,0.16220618593932198,0.00448426512586,0.15341702629263634,0.1709953455860076,36.17230056356824
2014-01-08,0.28800000000000003,0.2877333333333389,1.0009267840592948,0.8092500000000158,0.0,0.4398781196933317,0.10658408392213901,0.130146435654693,0.019962472102316,0.09101999033415364,0.16927288097523235,6.519555042463567,0.4741973515216,0.03136983707596,0.4127124708527184,0.5356822321904816,15.116347285239579,0.162207852770789,0.004484357480921,0.15341851210818386,0.17099719343339415,36.17192729636199
2014-01-09,0.285,0.28956666666667225,0.9842293081616018,0.8144062500000157,0.0,0.4307032245870736,0.106585438408884,0.130163118578809,0.019964389554691004,0.09103291505161462,0.16929332210600334,6.519764514824699,0.47413750558449397,0.031363776539308,0.4126645035674503,0.5356105076015377,15.117360149223973,0.16220904281141402,0.004484442921292,0.1534195346856817,0.17099855093714633,36.17150349740327
2014-01-10,0.265,0.29090000000000565,0.9109659676864724,0.8181562500000159,0.0,0.3914128216902553,0.10663555434718,0.13026136905798,0.019968999755498002,0.09112212953720393,0.16940060857875608,6.5231794608097875,0.47366807353949897,0.031315449331165,0.4122897928504156,0.5350463542285824,15.125699412146421,0.162228027192555,0.004485101925062,0.15343722741943347,0.17101882696567652,36.170421520648134
2014-01-13,0.261,0.2918000000000056,0.8944482522275359,0.8206875000000158,0.0,0.382763811364184,0.106649872439616,0.13026480215250502,0.019971392632272,0.09112087259325193,0.16940873171175813,6.522569785244317,0.47359688836098796,0.031313393179459,0.4122226377292484,0.5349711389927276,15.124419306677375,0.162228864381836,0.004485192935443,0.15343788622836774,0.17101984253530428,36.16987423213756
2014-01-14,0.28300000000000003,0.2937000000000056,0.9635682669390352,0.8260312500000156,0.0,0.4194657368125753,0.106592261486636,0.130279141691797,0.019975552432461997,0.09112705892417147,0.16943122445942252,6.521929350002912,0.47389834369405703,0.031335310351419995,0.41248113540527376,0.5353155519828402,15.123460989515454,0.162245579741596,0.004485755835941001,0.15345349830315164,0.17103766118004038,36.169061731275946
2014-01-15,0.299,0.29490000000000555,1.0139030179721749,0.8294062500000156,0.0,0.44706686098995374,0.10656737803676199,0.130250503020964,0.019977747300072,0.09109411831282288,0.16940688772910512,6.519779285650157,0.474164078885337,0.031362399870021,0.4126937751400959,0.5356343826305782,15.118871031887664,0.16225428151524302,0.004486049031213001,0.15346162541406552,0.1710469376164205,36.16863756644084
2014-01-16,0.28300000000000003,0.2954000000000055,0.9580230196343764,0.8308125000000155,0.0,0.4164710625122547,0.106551539597706,0.13052535095071902,0.01997443327094,0.09137546173967663,0.1696752401617614,6.534620991756225,0.472951388193436,0.031210348847806,0.41177910445173627,0.5341236719351358,15.153671959891545,0.16220548931706502,0.004484601265437001,0.1534156708368085,0.17099530779732156,36.16943396220623
2014-01-17,0.268,0.29490000000000555,0.9087826381824176,0.8294062500000156,0.0,0.3902652866038676,0.106581303349676,0.130587164237975,0.019981974242148,0.09142249472336493,0.16975183375258507,6.535248352113554,0.47265319563070796,0.031183479489776005,0.4115335758307471,0.533772815430669,15.157166658892812,0.162215389564123,0.004485086422785999,0.15342462017546246,0.17100615895278354,36.167728840185475
2014-01-20,0.259,0.29350000000000553,0.882453151618382,0.8254687500000155,0.0,0.3765294911354885,0.10659986601997802,0.130641001233089,0.019988347280063,0.09146384056416552,0.1698181619020125,6.535858087846849,0.472404769717521,0.031161143878492,0.41132892771567664,0.5334806117193653,15.160058679475432,0.16222030444509,0.004485396319912,0.15342892765806249,0.17101168123211752,36.1663257547528
2014-01-21,0.268,0.2925000000000056,0.9162393162392988,0.8226562500000157,0.0,0.3941898817138205,0.106555722927844,0.130686246283382,0.019994607178281002,0.09149681621395124,0.16987567635281275,6.536074708451433,0.472473127238198,0.031161394279734,0.4113967944499194,0.5335494600264766,15.162130519476747,0.162226531822432,0.0044857245266120005,0.15343451175027248,0.1710185518945915,36.16506784132925
2014-01-22,0.27899999999999997,0.2918666666666722,0.955915943353111,0.8208750000000156,0.0,0.41533549697632055,0.10651683785932403,0.130690027330973,0.020000123693933,0.09148978489086436,0.16989026977108168,6.534460952889796,0.472669970306295,0.031178835678411,0.4115594523766094,0.5337804882359806,15.159962199408787,0.162233059476767,0.004486048907343,0.15344040361837472,0.17102571533515928,36.163907890356114
2014-01-23,0.273,0.29016666666667223,0.9408385985065876,0.8160937500000156,0.0,0.4072472811056557,0.10652138559789,0.130699630071514,0.020003852898399,0.09149207839065196,0.16990718175237604,6.533722815067141,0.4726201337302921,0.031176953482265,0.4115133049050527,0.5337269625555315,15.15927892053774,0.162233929597383,0.004486172423104,0.15344103164809916,0.17102682754666684,36.16310616191653
2014-01-24,0.254,0.2878333333333389,0.8824551244933241,0.8095312500000156,0.0,0.3765305133261945,0.10657416242607501,0.130710399175446,0.020007901695663,0.09149491185194653,0.16992588649894547,6.532938894026022,0.4724010699793701,0.031165386842855,0.4113169117673743,0.5334852281913659,15.157876023209784,0.162243186176974,0.00448655836542,0.1534495317807508,0.1710368405731972,36.16205852295458
2014-01-27,0.259,0.28516666666667223,0.9082407948567912,0.8020312500000156,0.0,0.3899807032721399,0.10654625868843699,0.13071701228348198,0.020010643674968,0.0914961506805447,0.16993787388641926,6.532374190791215,0.472516455499546,0.03117524014165,0.4114129848219121,0.53361992617718,15.156786390500296,0.162245859715137,0.0044866960186669995,0.1534519355185497,0.1710397839117243,36.16154494089315
2014-01-28,0.253,0.2827666666666723,0.8947306377460627,0.7952812500000158,0.0,0.3829110473853313,0.106538317916222,0.130646314863024,0.020010301654647,0.09142612361991588,0.16986650610613213,6.528952792307567,0.4727367757537701,0.031206431614796998,0.4115721697887679,0.5339013817187722,15.148696960584823,0.162233743653807,0.004486356890362001,0.1534404841486975,0.1710270031589165,36.16157778315488
2014-01-29,0.239,0.2797333333333389,0.8543851286939771,0.7867500000000158,0.0,0.3620915574689316,0.10657280907921199,0.130633640181307,0.020011006063145,0.09141206829754278,0.1698552120650712,6.52808958075814,0.47264422189918803,0.03120558882539,0.4114812678014236,0.5338071759969524,15.1461401527739,0.16223624772228698,0.004486452894934,0.15344280004821634,0.17102969539635762,36.161362109804045
2014-01-30,0.204,0.2763000000000056,0.738327904451668,0.7770937500000158,0.0,0.3045116835627935,0.10684757030144501,0.130637202503468,0.020015151890961,0.09140750479718444,0.16986690020975154,6.52691536967387,0.471638295746015,0.031149992998275998,0.4105843094693941,0.532692282022636,15.14087967121266,0.162274502981114,0.0044877083499910006,0.15347859461513166,0.17107041134709638,36.15977027148572
2014-01-31,0.17800000000000002,0.2722333333333389,0.6538508632300588,0.7656562500000158,0.0,0.2645911411219425,0.10716638973076599,0.130512562398091,0.020014247633136,0.09128463703714444,0.16974048775903755,6.520982691450738,0.47081067598743,0.031136900226121,0.4097823515442328,0.5318390004306272,15.120666237432838,0.16229629481904198,0.004488383957465,0.15349906226241058,0.17109352737567338,36.15918253810021
2014-02-03,0.19899999999999998,0.2690333333333389,0.7396852930243929,0.7566562500000158,0.0,0.30516632206821376,0.107007867972665,0.130765741649426,0.020015078447768002,0.09153618789180074,0.16999529540705127,6.533361435013844,0.47069692930201396,0.031080388869064,0.4097793671186486,0.5316144914853794,15.144499358903756,0.16231382958257198,0.004488837926363,0.1535157072469005,0.17111195191824347,36.159431961068655
2014-02-04,0.193,0.2655000000000056,0.7269303201506441,0.7467187500000156,0.0,0.2990317218541821,0.10708550096353699,0.130711703001339,0.020015175453361,0.09148195911275143,0.16994144688992655,6.530629886603874,0.470546272715667,0.0310906539566,0.409608590960731,0.5314839544706029,15.1346534354829,0.162313161652449,0.004488849922710999,0.15351501580393545,0.17111130750096254,36.15918652821093
2014-02-05,0.187,0.26176666666667225,0.71437667133578,0.7362187500000157,0.0,0.2930304753641115,0.10717201429582003,0.130681037143283,0.02001447404072,0.0914526680234718,0.1699094062630942,6.529326570231554,0.470281089591368,0.031088093462935,0.4093484264040154,0.5312137527787206,15.127369909385605,0.16231390882031,0.0044888846927549995,0.1535156948225102,0.17111212281810978,36.15907289449231
2014-02-06,0.22899999999999998,0.2594333333333389,0.882693048952827,0.7296562500000157,0.0,0.3766537949807738,0.10689953996334699,0.130983206358279,0.020029940453671,0.09172452306908384,0.17024188964747414,6.539370731592723,0.470963495835185,0.031085272544029,0.4100363616488881,0.5318906300214818,15.150695403043866,0.16241246045541802,0.004491934841309,0.15360826816645234,0.17121665274438366,36.156459564334384
2014-02-07,0.201,0.2559000000000056,0.7854630715122924,0.7197187500000156,0.0,0.3274986819297803,0.10705733054752599,0.13106062673641095,0.020036644381072,0.09178880374950983,0.17033244972331207,6.5410467064146305,0.47018205972000104,0.031027409129807008,0.4093683378255792,0.5309957816144227,15.153764781098195,0.162445373884002,0.0044930693551129995,0.1536389579479805,0.17125178982002348,36.154655324678394
2014-02-10,0.221,0.25400000000000555,0.8700787401574613,0.7143750000000156,0.0,0.3701385005660541,0.106938642408915,0.131172942991928,0.020043323210402,0.09188802949954007,0.1704578564843159,6.5444707753778255,0.47044996551833707,0.031028681050987002,0.4096337506584025,0.5312661803782716,15.161777735420985,0.162471122363935,0.004493926901763,0.15366302563647952,0.17127921909139046,36.15348578549499
2014-02-11,0.215,0.2519000000000055,0.8535132989281274,0.7084687500000155,0.0,0.3616464172221767,0.106957887849199,0.131253602525511,0.020047111844682,0.09196126330993427,0.17054594174108773,6.547257457453965,0.470084729091198,0.030991151410832,0.4093420723259673,0.5308273858564287,15.168353148921382,0.162472585809515,0.004494075404599,0.15366419801650094,0.17128097360252906,36.15261676366907
2014-02-12,0.212,0.2497000000000055,0.8490188225870858,0.7022812500000155,0.0,0.3593547587830275,0.10696863621656598,0.13125851733168906,0.020050781967408,0.09195898467556936,0.17055804998780874,6.546304156368767,0.470023576558789,0.030991386280834,0.4092804594483544,0.5307666936692237,15.166264984069786,0.16247322222928,0.004494198529326999,0.15366459311179909,0.17128185134676094,36.15176792237242
2014-02-13,0.192,0.2463666666666721,0.7793262075497053,0.6929062500000155,0.0,0.3244757508271069,0.107094410698642,0.13130981144041498,0.020056010743189,0.09200003038376453,0.17061959249706546,6.547155021095534,0.46939246120194106,0.030947704926592996,0.4087349595458187,0.5300499628580633,15.167278553137708,0.16249127347029402,0.004494874874435,0.15368131871640142,0.1713012282241866,36.150344116243694
2014-02-14,0.198,0.2438666666666722,0.8119190814652631,0.6858750000000156,0.0,0.3406361698783513,0.107051700386142,0.131392243908586,0.020059962163218002,0.09207471806867873,0.17070976974849328,6.5499746629387925,0.4693149228805129,0.030930868168883997,0.4086904212695003,0.5299394244915255,15.173027808920102,0.16249643119350501,0.004495113857307001,0.15368600803318327,0.1713068543538267,36.14956958862168
2014-02-17,0.247,0.2427666666666721,1.01743786901,0.6827812500000155,0.0,0.4490341328244226,0.10686956281335902,0.131552411523432,0.020082967370818,0.09218979547662873,0.17091502757023527,6.5504469082883885,0.4703617103892821,0.030992315955649,0.40961677111621,0.5311066496623541,15.176720289712415,0.162638140174918,0.004499594507539,0.15381893494014154,0.17145734540969446,36.14506593925557
2014-02-18,0.23600000000000002,0.2409333333333389,0.9795240730492306,0.6776250000000155,0.0,0.4281329319011807,0.10687263775884598,0.131649949672041,0.020086173849156,0.09228104892769523,0.17101885041638676,6.554257205016322,0.470032299102742,0.030950926547387,0.4093684830698635,0.5306961151356205,15.186372478481774,0.16264378021741002,0.0044998350801930004,0.15382410346023173,0.1714634569745883,36.1443869206036
2014-02-19,0.23600000000000002,0.2392000000000055,0.9866220735785728,0.6727500000000154,0.0,0.4320128405928368,0.10686223602757901,0.13164701780527802,0.020088999682063,0.09227257842843453,0.1710214571821215,6.553189302045013,0.47009259352762794,0.030958067251267,0.4094147817151447,0.5307704053401113,15.184817246896856,0.16264448491554198,0.004499925628458,0.1538246306837643,0.17146433914731965,36.143816219310786
2014-02-20,0.252,0.2381000000000055,1.0583788324233272,0.6696562500000154,0.0,0.4721057952500489,0.10684503088854,0.131576319720785,0.020092606039413003,0.09219481188353552,0.17095782755803451,6.548494479147602,0.47052035127504,0.031007015548947,0.4097466007991039,0.5312941017509761,15.174641704303806,0.162661672631921,0.004500497038906,0.15384069843566522,0.17148264682817674,36.14304625149722
2014-02-21,0.245,0.23743333333333885,1.0318685946932231,0.6677812500000154,0.0,0.4571057440430898,0.10683742506512299,0.131688806641281,0.020093632371238998,0.09230528719365257,0.17107232608890946,6.5537581363224975,0.470146406855878,0.030956749745828998,0.4094711773540531,0.5308216363577029,15.187201845026438,0.162660721212434,0.004500490602263,0.15383975963199853,0.17148168279286946,36.142886540112144
2014-02-24,0.254,0.23720000000000546,1.070826306913972,0.6671250000000154,0.0,0.479227224048144,0.10683214140138199,0.131637890916311,0.020095768433268,0.09225018478710573,0.1710255970455163,6.550527856321646,0.470383945078189,0.030986341650237007,0.4096507154437245,0.5311171747126535,15.180363993520706,0.16266632884531398,0.004500708509498,0.15384494016669792,0.17148771752393005,36.14238258310772
2014-02-25,0.248,0.2360333333333388,1.050699053805935,0.6638437500000154,0.0,0.4677372167761273,0.10683350904398199,0.13159998901405,0.020095474694090003,0.0922128586136336,0.17098711941446645,6.548737515155689,0.470492428960537,0.031001824175019,0.4097288535774998,0.5312560043435742,15.176282089221644,0.162662704399551,0.004500602493868,0.1538415235115697,0.17148388528753228,36.14242862398206
2014-02-26,0.221,0.2334333333333388,0.9467371126659782,0.6565312500000153,0.0,0.4104037432041059,0.106867583627241,0.13179920661494,0.0201016153074,0.09240004061243598,0.17119837261744397,6.556647542967515,0.469837969747017,0.030920221557382006,0.4092343354945483,0.5304416039994857,15.195168277662052,0.16269846070737198,0.004501753017093,0.15387502479386972,0.17152189662087425,36.14113437356947
2014-02-27,0.2,0.2306666666666721,0.8670520231213669,0.6487500000000153,0.0,0.3685814946775994,0.106940942090315,0.131899979985399,0.020107480334837,0.09248931852911847,0.17131064144167954,6.559746810090183,0.469289956442731,0.030868822390292008,0.4087870645577587,0.5297928483277033,15.202716530913913,0.16272152029602802,0.004502574499949,0.15389647427612801,0.17154656631592805,36.13966194182497
2014-02-28,0.243,0.2298333333333388,1.0572878897751743,0.6464062500000154,0.0,0.4714840573887882,0.10683295169582499,0.131954030760301,0.020126012783666,0.09250704570431564,0.17140101581628636,6.556392077192483,0.4702634747562801,0.030944717125054998,0.4096118291911723,0.5309151203213879,15.196890404776628,0.162841301310468,0.004506349739785,0.1540088558204894,0.1716737468004466,36.135966073118226
2014-03-03,0.225,0.22870000000000545,0.98382160034978,0.6432187500000153,0.0,0.4304802475626132,0.10684132077793801,0.13200113004806802,0.020127717872259,0.09255080301844038,0.17145145707769566,6.558176683805589,0.470117112366796,0.030926355440156005,0.40950145570409024,0.5307327690295017,15.201180536015565,0.16285139168106902,0.004506676587715999,0.15401830556914567,0.17168447779299234,36.135584285090964
2014-03-04,0.231,0.2274666666666721,1.0155334114888386,0.6397500000000154,0.0,0.4479737528284215,0.106833736776256,0.132002000563373,0.020128504294729,0.09255013214570416,0.17145386898104184,6.557963703142197,0.4701587571036741,0.030929746208418,0.4095364545351749,0.5307810596721734,15.200860489948315,0.162853361238395,0.0045067488173730005,0.15402013355634392,0.17168658892044608,36.13544216412001
2014-03-05,0.235,0.22600000000000545,1.0398230088495324,0.6356250000000153,0.0,0.4615829391278757,0.10683076167504901,0.131994061159644,0.020128907024857,0.09254140339092426,0.17144671892836372,6.557438066391042,0.47020784147300104,0.030935237703613002,0.4095747755739195,0.5308409073720824,15.199748777688669,0.162854696468468,0.004506794637134,0.15402137897968535,0.17168801395725064,36.1353710521076
2014-03-06,0.271,0.2259333333333388,1.19946886987309,0.6354375000000153,0.0,0.5559586690529872,0.10690117975942699,0.13167175090761,0.020135450431128,0.09220626806259913,0.17113723375262085,6.539299995199336,0.4714836841108711,0.031107128755562,0.4105137117499696,0.5324536564717727,15.156772835441327,0.16292993499200198,0.004509083892458,0.1540921305627843,0.17176773942121965,36.13371116570392
2014-03-07,0.28300000000000003,0.22690000000000546,1.24724548259142,0.6381562500000153,0.0,0.5860253258293986,0.106989870044891,0.13143046502119302,0.020126749613415998,0.09198203577889766,0.17087889426348835,6.5301386237541035,0.471976488015748,0.031191774334124,0.41084061032086494,0.533112365710631,15.131440839497328,0.162933178606579,0.004508974818818,0.1540955879616957,0.17177076925146229,36.13530462103528
2014-03-10,0.268,0.22720000000000545,1.179577464788704,0.6390000000000153,0.0,0.5437023917700824,0.10697024849548599,0.13154131487246198,0.020119771676578,0.0921065623863691,0.17097606735855486,6.53791290413072,0.47172510055186895,0.031145049180752997,0.4106808041575931,0.5327693969461449,15.146070176809655,0.162943514846914,0.004509058066372,0.15410576103682488,0.1717812686570031,36.13692980849637
2014-03-11,0.273,0.2278666666666721,1.1980690462258343,0.6408750000000153,0.0,0.5550912235502101,0.10701279178003804,0.131390219824743,0.020111972309268,0.09197075409857773,0.17080968555090828,6.532935596982656,0.47206221390590003,0.031197524072391007,0.4109150667240136,0.5332093610877864,15.1313999409223,0.162940476419369,0.004508778148347999,0.15410327124860693,0.1717776815901311,36.13849940234606
2014-03-12,0.264,0.22870000000000545,1.1543506777437418,0.6432187500000153,0.0,0.5283716531982823,0.107021065757783,0.13145694074876801,0.020105598936534998,0.0920499668331594,0.1708639146643766,6.538325028949688,0.471790573464709,0.031159168948419996,0.4107186023258058,0.5328625446036122,15.141307980507822,0.16294124175017402,0.004508620676551,0.15410434522413405,0.171778138276214,36.139931353641465
2014-03-13,0.23600000000000002,0.2297666666666721,1.0271289714202572,0.6462187500000153,0.0,0.4544475147503406,0.107001374639844,0.13171183107679102,0.020109336547534,0.09229753144362438,0.17112613070995766,6.549785009836171,0.4712453622090279,0.031069791259533,0.4103485713403433,0.5321421530777126,15.16731664762744,0.162989869661361,0.004510046080572001,0.15415017934343989,0.17182955997928212,36.13929142840858
2014-03-14,0.249,0.2321333333333388,1.0726593911544835,0.6528750000000153,0.0,0.48028026261178597,0.10700381111953301,0.131629071895577,0.020108470763643003,0.0922164691988367,0.17104167459231728,6.545951377544121,0.4715647935996461,0.031109970317698996,0.410589251776956,0.5325403354223361,15.157995613109641,0.16299572543206198,0.004510187665316,0.15415575760804262,0.17183569325608133,36.139455279330456
2014-03-17,0.253,0.2339333333333388,1.0815047021943325,0.6579375000000153,0.0,0.485377207801353,0.107020556282885,0.131603550687694,0.020105715854903998,0.09219634761208216,0.17101075376330585,6.545578960601765,0.471569874382957,0.031113789518825007,0.41058684692606,0.5325529018398539,15.156298274038287,0.162993553297559,0.00451005782432,0.1541538399618918,0.17183326663322618,36.140014085551186
2014-03-18,0.253,0.2359333333333388,1.0723368183102324,0.6635625000000154,0.0,0.4800948761210858,0.107033063893236,0.131635978845537,0.020103424530206002,0.09223326676633324,0.17103869092474075,6.547938071334571,0.4713755614026141,0.031091143856876,0.4104369194431372,0.5323142033620911,15.16108778668698,0.162989568266694,0.004509888875652001,0.15415018607041608,0.17182895046297192,36.140484335799954
2014-03-19,0.265,0.2385333333333388,1.110955841252071,0.6708750000000152,0.0,0.5025376000739681,0.10704924695147698,0.131566483342166,0.020102224159001002,0.09216612399052404,0.17096684269380796,6.544871965486388,0.4715742607441861,0.031120140178092996,0.4105787859951239,0.5325697354932484,15.153346291034582,0.162993198982228,0.004509964738547,0.15415366809467587,0.17183272986978013,36.140681453476574
2014-03-20,0.299,0.2408666666666721,1.2413506781068082,0.6774375000000153,0.0,0.5822663638285394,0.10714472811786901,0.131108407022471,0.020099810107009997,0.0917127792127314,0.1705040348322106,6.522867943749563,0.47297875665725897,0.031323822669139995,0.4115840642257446,0.5343734490887734,15.099649926291745,0.163023978357711,0.004510792167627,0.15418282570916209,0.17186513100625994,36.14087554902056
2014-03-21,0.292,0.24390000000000545,1.1972119721196943,0.6859687500000153,0.0,0.5545604813208537,0.10714952585126501,0.131137470311041,0.020090786880063,0.09175952802611753,0.17051541259596448,6.52724410914822,0.472861077139491,0.031302711220664,0.4115077631469896,0.5342143911319924,15.106074160992765,0.16302541217447,0.004510585527331999,0.1541846645408993,0.1718661598080407,36.14284912382134
2014-03-24,0.272,0.24560000000000545,1.1074918566774998,0.6907500000000153,0.0,0.5005038806642353,0.10711261874521699,0.131293749766978,0.020087581609839002,0.09192208981169356,0.17066540972226246,6.536065531286818,0.4725814676399179,0.031245869233818,0.4113395639416346,0.5338233713382011,15.124606203255697,0.163046200825064,0.004511050796378001,0.1542045412641631,0.17188786038596487,36.14372973941343
2014-03-25,0.259,0.2470666666666721,1.0483000539665177,0.6948750000000155,0.0,0.4663764682778052,0.107116890363907,0.131379524496056,0.020085735332666,0.09201148324403063,0.17074756574808134,6.540936755369235,0.472309365090312,0.031206192192687998,0.4111452283926436,0.5334735017879805,15.13511684392483,0.16305574131303802,0.004511257838824999,0.15421367594894106,0.171897806677135,36.144185754525694
2014-03-26,0.243,0.2481000000000055,0.979443772672288,0.6977812500000155,0.0,0.4280891241146824,0.10713895961154404,0.131474719382116,0.020086407808233002,0.09210536007797933,0.17084407868625268,6.545457039273541,0.471955905596253,0.031161555234229,0.4108792573371641,0.5330325538553419,15.145454135672972,0.16307055403221,0.004511687839932999,0.15422764586594132,0.17191346219847867,36.14402410310368
2014-03-27,0.218,0.2489666666666721,0.8756192261346707,0.7002187500000154,0.0,0.3729949369539616,0.107226100612965,0.13158343681541598,0.020091353858314,0.09220438325312057,0.1709624903777114,6.549256846669126,0.4713911902625871,0.0311062273183,0.4104229847187191,0.5323593958064551,15.15423858505851,0.16310662285320002,0.004512837943294001,0.15426146048434378,0.17195178522205626,36.14280523757285
2014-03-28,0.218,0.2496333333333388,0.8732808118573717,0.7020937500000154,0.0,0.3717883558111039,0.10724007506735404,0.131595561526592,0.020091925840986,0.09221538687825943,0.17097573617492454,6.549673862430296,0.4712878909529699,0.031098469038244998,0.41033489163800974,0.5322408902679301,15.154697498882635,0.163106891797575,0.00451286580445,0.154261674820853,0.171952108774297,36.14264169715294
2014-03-31,0.23399999999999999,0.2492000000000055,0.9390048154092892,0.7008750000000153,0.0,0.4062679985567438,0.10719030998727001,0.131617709814435,0.020094506402931,0.09223247726469024,0.17100294236417973,6.549934951138558,0.47150607498661296,0.031111523172639,0.4105274895682406,0.5324846604049854,15.155351680154045,0.163120509874387,0.004513297517533,0.15427444674002233,0.17196657300875168,36.14220184703253
2014-04-01,0.254,0.24980000000000546,1.0168134507605862,0.7025625000000154,0.0,0.4486863400317128,0.10714933893755199,0.131564977587859,0.020097034805297002,0.0921747893694769,0.17095516580624112,6.546487024701742,0.471986807359075,0.03115916103079,0.4109148517387266,0.5330587629794235,15.147609619292252,0.16313976093434301,0.004513885483423001,0.1542925453868339,0.17198697648185207,36.141758919998004
2014-04-02,0.271,0.25096666666667217,1.0798246779120495,0.7058437500000154,0.0,0.4844071245582272,0.10716250018457,0.131484668453841,0.020096596119294,0.09209534006002476,0.17087399684765722,6.54263377107968,0.4722768188651261,0.031197567368132006,0.4111295868235874,0.5334240509066649,15.138257842102105,0.16315007841169,0.0045141654294250004,0.154302314170017,0.17199784265336301,36.14180316658475
2014-04-03,0.258,0.2511666666666721,1.0272063702720409,0.7064062500000154,0.0,0.4544908673802863,0.107170199669518,0.131561822246051,0.020095986701127,0.09217368831184207,0.17094995618025993,6.546671442546075,0.472012507007438,0.031161786013061,0.4109354064218385,0.5330896075930376,15.147158343542984,0.163158126158417,0.004514369236495,0.1543099624548868,0.1720062898619472,36.14195419360039
2014-04-04,0.23800000000000002,0.25093333333333884,0.9484590860786192,0.7057500000000155,0.0,0.4113271019793885,0.107199673682527,0.13181619324252306,0.020093583467301997,0.09243276964661114,0.17119961683843501,6.560113752583094,0.470795277962341,0.031017756673339,0.41000047488259656,0.5315900810420855,15.17825041057868,0.16312749198871102,0.004513457441140001,0.1542811154040766,0.17197386857334546,36.14246818897905
2014-04-07,0.248,0.2507333333333389,0.9890986439776436,0.7051875000000155,0.0,0.4333701336842095,0.107173517699749,0.131762033526631,0.020097816276942,0.09237031362382468,0.1711537534294373,6.5560373182334875,0.47112483140166794,0.031055898535579,0.4102552702719332,0.5319943925314028,15.17022058987993,0.1631311434651,0.004513672985476,0.15428434441356706,0.17197794251663295,36.14155123555408
2014-04-08,0.256,0.2510000000000055,1.0199203187250774,0.7059375000000154,0.0,0.4504180224327882,0.10715477376848301,0.13176326506420402,0.020100793981819,0.09236570885983876,0.17116082126856927,6.555127383693522,0.471227162515235,0.031065085531441,0.41033959487361066,0.5321147301568594,15.169028330480835,0.163135353965938,0.004513862651882999,0.15428818316824733,0.17198252476362869,36.14096540972128
2014-04-09,0.272,0.25270000000000553,1.0763751483972857,0.7107187500000156,0.0,0.4824182347524488,0.107151757981559,0.131635168546931,0.020102285442476,0.09223468907967804,0.17103564801418394,6.548268798769759,0.47173873722443604,0.031130666643273998,0.41072263060361897,0.5327548438452531,15.153505789968571,0.16314222571835,0.004514098330585001,0.15429459299040338,0.1719898584462966,36.14060079573451
2014-04-10,0.243,0.2541333333333389,0.9561909758656664,0.7147500000000155,0.0,0.4154836469537503,0.10717781296396901,0.131806880736113,0.020108330260625997,0.09239455342528603,0.17121920804693996,6.5548396623563265,0.471256263875339,0.031066937805941,0.4103650657756946,0.5321474619749833,15.169060652808044,0.16318493023539402,0.004515439520112001,0.1543346687759745,0.17203519169481354,36.139323649131455
2014-04-11,0.251,0.2544000000000055,0.9866352201257648,0.7155000000000155,0.0,0.43202004074260064,0.107153939692694,0.131765308556034,0.020109272345803002,0.09235113475826012,0.17117948235380787,6.552465265285332,0.471520796628519,0.031095197239108998,0.4105742100398653,0.5324673832171726,15.163782143033929,0.16318680332142801,0.004515513865927,0.15433639614421107,0.1720372104986449,36.13914344340913
2014-04-14,0.256,0.2554333333333389,1.0022184523032536,0.7184062500000157,0.0,0.4405913831359678,0.10715056966559101,0.13175777767886,0.020109400682968997,0.09234335234024074,0.17117220301747926,6.5520489524310275,0.47156609254876203,0.031100113580208,0.4106098699315543,0.5325223151659697,15.162841490356042,0.163187411411276,0.004515532947085,0.1543369668349894,0.17203785598756258,36.1391253975093
2014-04-15,0.23,0.2554000000000056,0.9005481597493931,0.7183125000000157,0.0,0.385949141372004,0.10722272576926599,0.131908330401151,0.020114839497913,0.09248324498524152,0.17133341581706046,6.557762015194781,0.470909028096131,0.031029377213462,0.4100914487577455,0.5317266074345165,15.176232022208588,0.16322175283586998,0.0045166483578780005,0.1543691220544291,0.17207438361731087,36.13780394286975
2014-04-16,0.237,0.2554666666666722,0.9277139874738838,0.7185000000000157,0.0,0.4002594742808887,0.107199842149431,0.131923679419685,0.020116917294421,0.09249452152261983,0.17135283731675016,6.55784768058216,0.470972816573261,0.031032846103050002,0.41014843821128294,0.531797194935239,15.176591119271471,0.163224883405824,0.0045167820205620005,0.15437199064552248,0.17207777616612552,36.13742763382717
2014-04-17,0.27399999999999997,0.2555666666666722,1.0721272988130717,0.7187812500000156,0.0,0.4799744811563654,0.107154348547466,0.13187364809417,0.020126416434179003,0.09242587188317912,0.17132142430516084,6.552266695139145,0.4717431008076421,0.031108486132974997,0.4107704679870111,0.5327157336282731,15.164450587249794,0.163292667932573,0.004518900380145001,0.1544356231874888,0.1721497126776572,36.13548744071871
2014-04-18,0.27399999999999997,0.2552666666666722,1.0733873073909403,0.7179375000000155,0.0,0.4806987311475809,0.107163748647015,0.13189050236851999,0.020124681890181,0.09244612586376524,0.17133487887327478,6.553668926954424,0.471624197903438,0.031095037626660996,0.4106779241551825,0.5325704716516936,15.167185309950144,0.163289682740123,0.004518778146187999,0.15443287757359453,0.1721464879066515,36.135804294322774
2014-04-21,0.27399999999999997,0.2554666666666722,1.0725469728601018,0.7185000000000157,0.0,0.4802156505651069,0.107166606949308,0.131859340534226,0.020123462184799,0.09241735465201996,0.17130132641643206,6.552517619648624,0.47171672539974396,0.031107453282122006,0.4107461169667849,0.5326873338327032,15.164106207011535,0.163288584074724,0.004518713635753,0.15443190534864812,0.17214526280079984,36.136077042536996
2014-04-22,0.27399999999999997,0.2555000000000056,1.0724070450097614,0.7185937500000156,0.0,0.4801352333228438,0.107171452661651,0.13188443261458402,0.020122272273046003,0.09244477895941386,0.17132408626975418,6.554152077111385,0.471590700497419,0.031092123600927,0.4106501382396021,0.532531262755236,15.167529453773367,0.16328599546907901,0.004518607832465,0.1544295241174476,0.17214246682071038,36.13635029265483
2014-04-23,0.35100000000000003,0.2584000000000056,1.3583591331269058,0.7267500000000157,0.0,0.6596585108058813,0.10747947482321199,0.13134970271395802,0.020149410932179,0.09185685728688717,0.17084254814102887,6.5187862392636164,0.47367567389576504,0.03140330190747,0.4121252021571238,0.5352261456344062,15.083626406275954,0.163548984329899,0.004526727154685,0.1546765991067164,0.1724213695530816,36.12963157292215
2014-04-24,0.358,0.26246666666667223,1.3639827279654269,0.7381875000000157,0.0,0.6635333052911219,0.107578831196307,0.13108487105261898,0.020130896570108,0.0916283137752073,0.17054142833003064,6.511626076668001,0.474134042378826,0.031486080113585,0.4124213253561994,0.5358467594014527,15.058528742491903,0.16353859458820902,0.004525967009079,0.15466769925041418,0.17240948992600386,36.13340403501493
2014-04-25,0.336,0.2653666666666722,1.2661725913829658,0.7463437500000155,0.0,0.5981910618976658,0.107500702991306,0.131259568079333,0.020119031653643,0.09182626603819273,0.1706928701204733,6.5241493894445215,0.4739532375473571,0.03142658960923,0.4123571219132663,0.5355493531814479,15.081281279345431,0.16355690371395099,0.004526117421215999,0.15468571356836766,0.17242809385953434,36.13624846480729
2014-04-28,0.341,0.26830000000000553,1.2709653373089564,0.7545937500000156,0.0,0.601295313100625,0.107566875094098,0.131102357352116,0.020106205070674,0.09169419541359496,0.17051051929063704,6.520492399798236,0.474195133935045,0.031471399827369,0.4125111902734018,0.5358790775966882,15.067494186345934,0.16355094909156698,0.004525626595595001,0.15468072096420074,0.1724211772189332,36.138851855513295
2014-04-29,0.316,0.2704000000000056,1.1686390532544138,0.7605000000000157,0.0,0.5370260567453736,0.10752756688385301,0.131360705565418,0.020101116381595,0.09196251745749183,0.1707588936733442,6.534995523218672,0.4735937341717871,0.031368395816325,0.4121116783717901,0.5350757899717841,15.09779897400162,0.16357827166716699,0.004526211054825,0.15470689799971002,0.17244964533462398,36.14022185129832
2014-04-30,0.298,0.2715000000000056,1.0976058931859811,0.7635937500000156,0.0,0.4947224341169029,0.10750187984830101,0.131445830475169,0.020097862072014,0.09205402081402156,0.17083764013631644,6.540289211070104,0.4734591449436621,0.031337356943969,0.4120379253334829,0.5348803645538414,15.108458118858195,0.163588468664569,0.004526394227714001,0.15471673597824956,0.17246020135088844,36.14101212460809
2014-05-01,0.298,0.27146666666667224,1.0977406679764017,0.7635000000000157,0.0,0.4948010279415521,0.107501688015324,0.13138322523262802,0.020093657991945,0.09199965556841584,0.1707667948968402,6.538541926278236,0.473666806392353,0.03136192618089298,0.4121974310778027,0.5351361817069032,15.103243457059257,0.163585223839104,0.004526187616651,0.15471389611046804,0.17245655156773998,36.14194498639471
2014-05-02,0.268,0.2706666666666723,0.9901477832512112,0.7612500000000157,0.0,0.4339456741213709,0.107532257857695,0.13158947949839694,0.020096295845857,0.09220073964051724,0.17097821935627666,6.547946970313251,0.4729918039969529,0.031272671339538,0.4116973681714584,0.5342862398224474,15.12476497007612,0.16362014389815802,0.00452722483809,0.15474678321550162,0.17249350458081442,36.14137794118717
2014-05-05,0.27399999999999997,0.2707333333333389,1.0120659935976153,0.7614375000000156,0.0,0.44604601702389785,0.10753267513886001,0.131573374979891,0.020095884290791,0.09218544176994063,0.17096130818984134,6.547279685531688,0.473050699310937,0.031279939627567005,0.4117420176409057,0.5343593809809684,15.123133386550114,0.163620634537714,0.004527223014472,0.15474727742934888,0.17249399164607912,36.141500874743656
2014-05-06,0.28600000000000003,0.2716333333333389,1.052889925144168,0.7639687500000156,0.0,0.4689815314033135,0.107528507351362,0.131508783190866,0.020095346470993,0.09212190410771973,0.1708956622740123,6.544240646992412,0.473328810591842,0.03131337488949,0.4119545958084416,0.5347030253752424,15.115867014089089,0.163625374641229,0.004527339858073,0.15475178851940594,0.17249896076305207,36.14161511410561
2014-05-07,0.297,0.2734333333333389,1.0861879800072924,0.7690312500000155,0.0,0.4880864148500744,0.107520651914297,0.131395645265774,0.020092667679481004,0.09201401661399122,0.17077727391755676,6.539482330659287,0.47376641244199796,0.031366697703097995,0.41228768494392604,0.5352451399400701,15.104121477066073,0.163624585828677,0.004527248383136,0.15475117899773044,0.17249799265962354,36.14217113383066
2014-05-08,0.26,0.2748333333333389,0.9460278956943412,0.7729687500000155,0.0,0.41002369372610575,0.10751776752963699,0.131607777064603,0.020098237030718002,0.09221523248439573,0.17100032164481027,6.5482249444791325,0.473323984085003,0.03129494009331798,0.4119859015020997,0.5346620666679063,15.124617036287976,0.16367793880439702,0.0045288605661800005,0.15480137209468425,0.1725545055141098,36.1410859116959
2014-05-09,0.26899999999999996,0.2765333333333389,0.9727579556412532,0.7777500000000157,0.0,0.4244483990209308,0.10750137324650301,0.131584171282402,0.020097934010513,0.09219222062179652,0.1709761219430075,6.5471491355067375,0.4734916996108201,0.031310627456534,0.4121228697960135,0.5348605294256268,15.122395751031654,0.163679772064532,0.004528896065596,0.15480313577596386,0.17255640835310015,36.141207414304816
2014-05-12,0.27399999999999997,0.2778666666666722,0.9860844529750282,0.7815000000000155,0.0,0.4317184389455781,0.10751428551501598,0.13156887716118099,0.020096834803965,0.0921790809454096,0.17095867337695242,6.546746213748329,0.473479696280129,0.031311619204313,0.41210892263967547,0.5348504699205825,15.121533421526713,0.163678013901764,0.004528822145685001,0.1548015224962214,0.17255450530730662,36.14140909854447
2014-05-13,0.254,0.2778666666666722,0.9141074856045884,0.7815000000000155,0.0,0.39306628451130027,0.107585177654259,0.131656528112368,0.020098517699458,0.09226343342143033,0.17104962280330568,6.550559104959197,0.472936704953555,0.031257590993148995,0.4116718266069829,0.534201583300127,15.13029923058392,0.163692554474674,0.004529288912798001,0.15481514820558992,0.1725699607437581,36.14089487913708
2014-05-14,0.22899999999999998,0.2764666666666721,0.8283096214130532,0.7775625000000154,0.0,0.3488628063223651,0.107710063081692,0.13171335094939599,0.02010215760594,0.09231312204175364,0.1711135798570384,6.552199695741752,0.47232596471262395,0.031210837937725,0.41115272235468303,0.533499207070565,15.133395830482247,0.16371706312779,0.004530098928818,0.15483806922730672,0.17259605702827327,36.139842793784965
2014-05-15,0.217,0.27510000000000545,0.7888040712468037,0.7737187500000153,0.0,0.3291482602208497,0.107809787696647,0.131723194646076,0.020102995484255,0.0923213234969362,0.17112506579521575,6.552416267975618,0.47187907273782,0.031184127983757998,0.4107581818896543,0.5329999635859857,15.132027196129947,0.163721448082016,0.004530271860103,0.1548421152362141,0.1726007809278179,36.13943117274227
2014-05-16,0.231,0.2748666666666721,0.8404074702886081,0.7730625000000154,0.0,0.35497859069054544,0.107752387755338,0.131803366544097,0.020105259162184,0.09239705858621636,0.17120967450197766,6.555666130979718,0.47188960641184496,0.031171774813561006,0.4107929277772655,0.5329862850464246,15.138361842860165,0.16372948832740802,0.00453053879953,0.15484963228032922,0.17260934437448686,36.139076514338
2014-05-19,0.23,0.2742666666666721,0.838599902771009,0.7713750000000155,0.0,0.3540624371064317,0.10776961938907001,0.131839535788211,0.020107068818744,0.09242968090347277,0.17124939067294925,6.556874946651209,0.4716891547759829,0.031154434122284,0.4106264638963063,0.5327518456556595,15.140353791199253,0.163730258784884,0.004530620394498,0.15485024281166793,0.1726102747581001,36.13859571720692
2014-05-20,0.22699999999999998,0.2733000000000055,0.8305890962312309,0.7686562500000155,0.0,0.35001228532296863,0.10779137208902,0.131836969880216,0.020108742879334,0.09242383383672136,0.17125010592371065,6.556201482674855,0.47160560795753204,0.031153913015986006,0.4105439384461994,0.5326672774688646,15.137925297394688,0.16373068638611,0.004530685141097,0.15485054350955987,0.1726108292626601,36.13817365081133
2014-05-21,0.231,0.2719333333333388,0.8494729100269504,0.7648125000000153,0.0,0.35958605203951216,0.107774364833078,0.131850786789965,0.020110436431321,0.09243433138457584,0.17126724219535416,6.556336419661847,0.4716404664676529,0.031157123958152,0.41057250350967495,0.5327084294256308,15.137484034185018,0.16373239881199805,0.004530778303623,0.15485207333689696,0.17261272428709915,36.13780852642237
2014-05-22,0.203,0.27060000000000545,0.7501847745750034,0.7610625000000153,0.0,0.3102445199897837,0.10797236705016698,0.1318246353585,0.020115132658995,0.0923989753468698,0.1712502953701302,6.553505641413403,0.47106891081264896,0.031136952577822008,0.41004048376011787,0.5320973378651801,15.128934330849786,0.163767160010134,0.004531928221977,0.1548845806950591,0.1726497393252089,36.13630931221789
2014-05-23,0.191,0.2686000000000055,0.7110945644080271,0.7554375000000155,0.0,0.29146739160865137,0.10809201710201301,0.13169990267685305,0.02011247601917,0.09227944967927984,0.17112035567442624,6.5481695317534925,0.470979417506895,0.031165242691615,0.4098955418313296,0.5320632931824604,15.112329532207047,0.163764776726054,0.004531832232431,0.15488238555048922,0.17264716790161874,36.13654882325896
2014-05-26,0.183,0.26616666666667216,0.6875391358797603,0.7485937500000155,0.0,0.2803203822083444,0.108178089326796,0.131576768665717,0.02010710833401,0.0921668363310574,0.17098670100037658,6.543793691266961,0.47099730576242,0.031198645655893996,0.40984796027686776,0.5321466512479722,15.096722817948475,0.163756470264909,0.004531493252672,0.15487474348967187,0.17263819704014613,36.13741897736212
2014-05-27,0.177,0.26440000000000546,0.6694402420574748,0.7436250000000154,0.0,0.27183916624704985,0.108337606386027,0.13148154920164098,0.020101061679665,0.09208346830949757,0.17087963009378435,6.5410251108602235,0.470626998463841,0.031201214524686,0.4094726179954564,0.5317813789322255,15.083611507862368,0.163753442554311,0.004531293806958,0.15487210669267334,0.17263477841594868,36.13834139442567
2014-05-28,0.165,0.26200000000000545,0.6297709923663991,0.7368750000000154,0.0,0.2534978352618436,0.10856405064207596,0.13130284856461502,0.020093833420008,0.09191893506139934,0.1706867620678307,6.534484775507065,0.470303243790481,0.031228627191251,0.40909513449562906,0.5315113530853329,15.06000378787847,0.163756699376764,0.004531265589862,0.15487541882063444,0.1726379799328935,36.13928517964741
2014-05-29,0.174,0.2586666666666721,0.6726804123711199,0.7275000000000152,0.0,0.2733522468969495,0.10849521180189999,0.131322168663384,0.020086735070938,0.09195216792434552,0.1706921694024225,6.537755797525596,0.4705278568912221,0.031243633066979,0.4092903360799433,0.5317653777025011,15.059959764682743,0.163755907008102,0.004531031350685001,0.1548750855607594,0.1726367284554446,36.14097858390183
2014-05-30,0.18600000000000005,0.25573333333333875,0.7273201251303288,0.7192500000000153,0.0,0.29921864508019,0.10840442084879301,0.131389431106316,0.020083953807523997,0.09202488164356898,0.17075398056906305,6.542010221966174,0.47072778240074103,0.031246069441938,0.4094854862945425,0.5319700785069394,15.065183903385265,0.16376407034035298,0.0045311554494700005,0.15488300565939178,0.17264513502131418,36.14179035934322
2014-06-02,0.179,0.2525666666666721,0.7087237693018192,0.7103437500000153,0.0,0.2903398325419899,0.10853037289417,0.13132179455173698,0.020080210292256,0.09196458237891522,0.17067900672455874,6.539861517405647,0.4704143135737071,0.031244625494669998,0.4091748476041539,0.5316537795432603,15.055847401785927,0.16376244416983,0.0045310446025430004,0.15488159674884572,0.17264329159081426,36.14231563244898
2014-06-03,0.18899999999999997,0.24973333333333875,0.7568072610784672,0.7023750000000152,0.0,0.31346087715563165,0.10849319061894501,0.13137669889169698,0.020078368194714,0.09202309723005754,0.17073030055333646,6.543196021591368,0.470406626109507,0.031235653154055,0.4091847459275592,0.5316285062914547,15.059926033544205,0.163767275568659,0.004531120073067001,0.15488628022544768,0.17264827091187032,36.14277991486157
2014-06-04,0.18899999999999997,0.2443333333333388,0.7735334242837479,0.6871875000000153,0.0,0.32163066856092976,0.108508560888325,0.131387604189843,0.020076980186294998,0.0920367230247048,0.1707384853549812,6.5441915552386085,0.470298740743651,0.031229308528845007,0.4090892960271148,0.5315081854601872,15.05953102705634,0.16376689018560905,0.004531080230905,0.15488597293303524,0.17264780743818287,36.14301266806425
2014-06-05,0.161,0.2377666666666721,0.6771344455348226,0.6687187500000152,0.0,0.2754359156163904,0.108828055711852,0.131287198533725,0.020077466873807997,0.09193536346106132,0.17063903360638868,6.539032008315417,0.469432119969105,0.031206374761003998,0.4082676254375371,0.5305966145006729,15.042827741584109,0.16379401264493698,0.004531943101217,0.15491140416655164,0.1726766211233223,36.1421158621672
2014-06-06,0.134,0.23103333333333875,0.5800028855864818,0.6497812500000153,0.0,0.2309530262987949,0.10928751296198196,0.13097398712316902,0.020073071056082,0.0916307678532483,0.17031720639308973,6.524860434023258,0.468772841244526,0.031251570642646,0.40751976278493984,0.5300259197041122,14.999977012510215,0.163828333167242,0.004532917773640999,0.15494381433090562,0.17271285200357836,36.14191594648009
2014-06-09,0.145,0.2245000000000054,0.6458797327394054,0.6314062500000152,0.0,0.2609052946368585,0.109183879216559,0.131077371511787,0.020065518996308998,0.09174895427902137,0.17040578874455264,6.532468536492868,0.46891304867560296,0.031245666089542996,0.4076715431400987,0.5301545542111072,15.007298846880241,0.16383975011832402,0.004532993951579,0.1549550819732292,0.17272441826341886,36.143827207461335
2014-06-10,0.19,0.2203000000000054,0.8624602814343865,0.6195937500000153,0.0,0.3662240266671316,0.108768376934175,0.13156444738395,0.02008660962532,0.09219469251832282,0.1709342022495772,6.549858330402597,0.46989842814958704,0.031230360667483997,0.4086869212413183,0.5311099350578556,15.046205618714971,0.16400330071764402,0.004537951376405,0.1551089160198902,0.17289768541539782,36.14038298655449
2014-06-11,0.16899999999999998,0.2160000000000054,0.7824074074073878,0.6075000000000153,0.0,0.325992363402456,0.108877922871812,0.13153140397149798,0.020088574213689,0.09215779851266756,0.17090500943032844,6.5475728925485885,0.469640284202561,0.031226757663558997,0.4084358391819853,0.5308447292231366,15.039674924387546,0.164020189061669,0.004538512448479999,0.1551247046626482,0.17291567346068978,36.13963626267189
2014-06-12,0.149,0.2110333333333388,0.7060495972200104,0.5935312500000152,0.0,0.2890695102176961,0.109099081543372,0.131445465181287,0.020088801433549,0.09207141437153096,0.17081951599104306,6.543220889314276,0.469111310161785,0.031219829762367,0.4079204438275457,0.5303021764960243,15.026068807308548,0.16404058094426402,0.004539147443191,0.15514385195560965,0.1729373099329184,36.139073030187
2014-06-13,0.131,0.20646666666667207,0.6344849854697929,0.5806875000000152,0.0,0.25565984931983665,0.10937786149087099,0.131242973879103,0.020084720085335,0.0918769225118464,0.1706090252463596,6.5344686568437576,0.4687290956747299,0.031250767973663995,0.4074775904463485,0.5299806009031114,14.998962459730453,0.16405659641469902,0.004539569030627,0.1551590411146701,0.17295415171472794,36.139244784659724
2014-06-16,0.124,0.20146666666667207,0.6154864328259266,0.5666250000000151,0.0,0.246974798828938,0.10952131362271499,0.131077661664147,0.020074734558046002,0.09173118193037684,0.17042414139791714,6.5294841774935986,0.4686669279334481,0.031290009123825,0.4073385100507511,0.529995345816145,14.978165269264442,0.16404984123573801,0.004539162656774999,0.15515308242845902,0.17294660004301698,36.140991993510696
2014-06-17,0.14300000000000002,0.19670000000000532,0.7269954245043015,0.5532187500000151,0.0,0.29906293892186164,0.10928758849329302,0.131320449028452,0.020075278033451,0.09197290408288804,0.17066799397401594,6.5414012602780565,0.46904323600458003,0.031269186245522,0.4077556309633569,0.5303308410458031,15.00017404743786,0.164092236940419,0.004540276166723,0.15519329565364193,0.17299117822719606,36.14146605069588
2014-06-18,0.138,0.1914000000000054,0.7210031347962179,0.5383125000000152,0.0,0.2961937544583293,0.10934974081934402,0.131278469041818,0.020072235331713,0.09193688779166052,0.1706200502919755,6.540301409998188,0.468920400758177,0.031273917489953,0.4076235224778691,0.5302172790384848,14.99397703881592,0.16409116186553602,0.004540181775869001,0.15519240558483274,0.17298991814623926,36.141980644407134
2014-06-19,0.11900000000000001,0.1867000000000054,0.6373861810390818,0.5250937500000151,0.0,0.2569927738023429,0.10947023135663199,0.131091581589562,0.020065351129509,0.09176349337572436,0.17041966980339962,6.533231376986735,0.46898287407499895,0.031322341712214,0.4075910843190596,0.5303746638309385,14.972790935746904,0.16407556449741698,0.004539603279332,0.15517794206992624,0.1729731869249077,36.14315049167619
2014-06-20,0.126,0.18193333333333872,0.6925613777940433,0.5116875000000152,0.0,0.2826866310553716,0.10920709410199499,0.13125863520846498,0.02006225629989,0.09193661286068057,0.17058065755624938,6.542565962991017,0.46949261443208595,0.031316941907747996,0.4081114082929,0.5308738205712721,14.991649434197535,0.164071725596957,0.004539334882270001,0.1551746292277078,0.17296882196620622,36.144441829524816
2014-06-23,0.125,0.17696666666667207,0.7063477114333934,0.4977187500000152,0.0,0.2892110446731019,0.10921517535904304,0.131252064370833,0.020061895420213003,0.09193074934721553,0.1705733793944505,6.54235612446617,0.4694796835043951,0.031317708944671,0.40809697397284,0.5308623930359503,14.990869361926267,0.16407142964722102,0.004539320020828,0.15517436240639815,0.1729684968880439,36.144494967179135
2014-06-24,0.122,0.17256666666667206,0.7069731504732251,0.4853437500000151,0.0,0.2895080469013924,0.109323023592795,0.131173815760462,0.020059705655818,0.09185679267505872,0.17049083884586527,6.539169517794963,0.469260380322412,0.031321176550908,0.4078708742826324,0.5306498863621917,14.982207949937447,0.16406514744362302,0.004539119051544,0.1551684741025968,0.17296182078464925,36.14471124916287
2014-06-25,0.115,0.16876666666667206,0.6814141813154039,0.4746562500000151,0.0,0.2774421436695176,0.109097531282896,0.131258448362587,0.020054180146813,0.0919522552748335,0.17056464145034048,6.5451914464550125,0.46967239356797397,0.031320075888647006,0.4082850448262259,0.5310597423097222,14.995889385383876,0.16402067970526402,0.004537670717502,0.1551268450989601,0.17291451431156793,36.146448236675774
2014-06-26,0.10800000000000001,0.1651333333333387,0.6540169559951342,0.4644375000000151,0.0,0.2646680870009206,0.10924181131286699,0.131154138933284,0.020054894765449,0.09184654519300398,0.17046173267356404,6.539757025264378,0.469436473357966,0.031329316717520005,0.4080310125916268,0.5308419341243052,14.983935895909712,0.164022662353322,0.004537795551613,0.15512858307216051,0.17291674163448348,36.145890771789226
2014-06-27,0.121,0.16146666666667206,0.7493806771263171,0.4541250000000151,0.0,0.30985469562124496,0.108963840725872,0.131401326039843,0.020061689717944,0.09208041419267277,0.17072223788701324,6.549863340888687,0.46993522725028797,0.031309100716518996,0.4085693898459108,0.5313010646546653,15.009540884141304,0.164055226923694,0.004538789914201,0.15515919869186004,0.17295125515552798,36.14514661945019
2014-06-30,0.11900000000000001,0.15776666666667202,0.7542784703147853,0.44371875000001504,0.0,0.3122314927216985,0.108976019965466,0.131397324435474,0.02006504056993,0.0920698449184112,0.1707248039525368,6.548570085245286,0.469896700093065,0.031305861596251,0.40853721136441307,0.5312561888217171,15.009863205596295,0.164055171626862,0.004538882672890001,0.1551589615879976,0.1729513816657264,36.14439575773693
2014-07-01,0.111,0.15390000000000534,0.7212475633528015,0.4328437500000151,0.0,0.29631062904928485,0.109127718502307,0.131304883111791,0.020066074640398997,0.09197537681660896,0.17063438940697306,6.543625769608022,0.469576267336642,0.031305932011703,0.4082166405937041,0.5309358940795799,14.999593915974426,0.164055593322722,0.004538969007520001,0.15515921406798278,0.1729519725774612,36.14380116958468
2014-07-02,0.11699999999999999,0.15010000000000534,0.7794803464356818,0.4221562500000151,0.0,0.3245515656588883,0.10886272174276199,0.131481760989042,0.020069149197547,0.09214622856184987,0.1708172934162341,6.5514367198541725,0.470109929368843,0.031299204887279,0.40876348778977617,0.5314563709479099,15.019868110448739,0.164059754717097,0.004539081670685,0.1551631546425544,0.1729563547916396,36.14382084743284
2014-07-03,0.105,0.14683333333333867,0.7150964812712566,0.41296875000001504,0.0,0.2933736074515565,0.108887850501557,0.131518807048251,0.020074703537797,0.09217238811416888,0.1708652259823331,6.551469455109313,0.46995403159608795,0.031281110153527,0.4086430556951751,0.5312650074970009,15.023572670201373,0.164074590228691,0.004539653188991,0.15517686997826866,0.17297231047911335,36.14253851518652
2014-07-04,0.10300000000000001,0.14390000000000533,0.7157748436413912,0.4047187500000151,0.0,0.2936970893609596,0.10896495837680999,0.1314608374756,0.020076191246705,0.0921115026320582,0.1708101723191418,6.5480964920163895,0.469808524404173,0.03128370888552,0.4084924549885538,0.5311245938197922,15.017673451808374,0.16407109172912898,0.004539619758206,0.15517343700304526,0.17296874645521276,36.142034017834135
2014-07-07,0.10099999999999999,0.14116666666667202,0.715466351829961,0.3970312500000151,0.0,0.2935499698787169,0.10898343584697001,0.131450330838005,0.020076955539358995,0.09209949798086137,0.17080116369514864,6.547323899797036,0.469766352415442,0.031283045489352,0.4084515832563121,0.5310811215745719,15.016643842279926,0.164071080621431,0.004539640969975001,0.15517338432028,0.172968776922582,36.14186269499592
2014-07-08,0.091,0.13830000000000536,0.6579898770787886,0.3889687500000151,0.0,0.26651039096644624,0.10927235272717699,0.131257630803345,0.020075144578972,0.09191034742855987,0.17060491417813012,6.5383155915516324,0.469242865457907,0.031295955117039,0.40790279342851055,0.5305829374873035,14.993722469982286,0.164076454247114,0.004539836670807,0.15517837437233228,0.17297453412189573,36.14148837164308
2014-07-09,0.094,0.1359333333333387,0.6915154487493597,0.3823125000000151,0.0,0.2821933756847315,0.109353061482141,0.13120642424956694,0.020069140470777,0.09187090892684402,0.17054193957228986,6.537720159994763,0.46900936912650804,0.031292632668697994,0.4076758090958599,0.5303429291571561,14.987852702967446,0.164064182148024,0.004539358407936,0.15516703966846945,0.17296132462757854,36.14259271997692
2014-07-10,0.09300000000000001,0.1332333333333387,0.6980235176382007,0.3747187500000151,0.0,0.28526651174200235,0.10931927516583699,0.131195148109063,0.020064935799396,0.09186787394224682,0.17052242227587916,6.53852817774843,0.469158684921128,0.031306138011883,0.4077986544178373,0.5305187154244186,14.986156540389874,0.164057894892934,0.00453906379342,0.1551613298578308,0.17295445992803718,36.14355346377271
2014-07-11,0.091,0.13006666666667202,0.6996412096360553,0.3658125000000151,0.0,0.2860318601103969,0.10942666407771301,0.131126167462001,0.020060688610707,0.0918072177850153,0.17044511713898672,6.536473897113244,0.4689091332296471,0.03130696412865,0.4075474835374931,0.5302707829218011,14.977789967202208,0.16405165098771302,0.00453880886367,0.15515558561491982,0.1729477163605062,36.1442078561293
2014-07-14,0.09300000000000001,0.12720000000000534,0.7311320754716674,0.3577500000000151,0.0,0.3010484339550297,0.10949867481770698,0.131106938084624,0.020055112904567,0.09179891679167268,0.17041495937757534,6.537332335574473,0.468568492745505,0.031288595017027,0.4072428465121321,0.5298941389788779,14.975696175891265,0.16403397380781698,0.004538191709243,0.1551391180577007,0.17292882955793326,36.14522794921519
2014-07-15,0.095,0.12406666666667206,0.765717356260042,0.3489375000000151,0.0,0.3178046493226174,0.109379813660204,0.13111413248474402,0.020052107757766002,0.09181200127952266,0.17041626368996535,6.538670850397973,0.46899205224973,0.031315428871516005,0.4076138116615585,0.5303702928379014,14.976389248059068,0.164023501832509,0.004537786236343999,0.15512944080927474,0.17291756285574322,36.146149970399186
2014-07-16,0.091,0.12080000000000538,0.7533112582781122,0.3397500000000151,0.0,0.31176167699253465,0.10952809085946001,0.13105676988752,0.02004769614671,0.0917632854399684,0.1703502543350716,6.537248416398464,0.46844951099569104,0.031291799319145,0.4071175843301668,0.5297814376612152,14.970360324057452,0.164003788127492,0.004537167345423001,0.15511094013046292,0.17289663612452108,36.146735538182796
2014-07-17,0.091,0.11846666666667205,0.7681485649971513,0.3331875000000151,0.0,0.31899317503529656,0.109512349899415,0.131049279124806,0.020046179544881,0.09175876721683923,0.17033979103277275,6.537369319246148,0.46853686553041396,0.031302209105497004,0.4071845356836399,0.5298891953771881,14.96817250026424,0.164002605149233,0.004537095397427999,0.15510989817027412,0.1728953121281919,36.147048008340136
2014-07-18,0.099,0.1173000000000054,0.8439897698209331,0.3299062500000152,0.0,0.3567967392010276,0.109347153768215,0.131105202407201,0.020047566952686,0.09181197117993643,0.17039843363446555,6.539706425055139,0.46911383862861,0.031330817100139,0.4077054371123376,0.5305222401448825,14.972920659210384,0.16401471823652802,0.004537417856772999,0.15512137923725294,0.1729080572358031,36.14714875591524
2014-07-21,0.095,0.11563333333333875,0.8215624099163641,0.3252187500000152,0.0,0.34546808895502656,0.10933213528801199,0.13110738438512198,0.020047433478310003,0.09181441476763437,0.17040035400260958,6.539858806713243,0.46916135887060906,0.031333055735688,0.4077485696286605,0.5305741481125574,14.973367514112024,0.16401312560854,0.00453736765568,0.1551198850034072,0.1729063662136728,36.147197682606794
2014-07-22,0.10099999999999999,0.11266666666667205,0.8964497041419688,0.3168750000000152,0.0,0.3838078378785825,0.109281743760904,0.13112444667116302,0.020049684427796,0.09182706519268287,0.17042182814964318,6.539975586317952,0.469401357356306,0.03134718640815798,0.4079608719963164,0.5308418427162956,14.974273966551154,0.164027931655997,0.004537820064131,0.15513380433030025,0.17292205898169374,36.146856714868456
2014-07-23,0.092,0.1101000000000054,0.8356039963668981,0.3096562500000152,0.0,0.3525458278449725,0.10931947761283198,0.131149305699778,0.020051192232291,0.09184896892448764,0.1704496424750684,6.54072357296391,0.469213550860009,0.031330112679195,0.4078065300087868,0.5306205717112312,14.976439940211089,0.16403897254863098,0.004538173794951,0.15514415191052702,0.17293379318673496,36.146472118615435
2014-07-24,0.10099999999999999,0.1085000000000054,0.93087557603682,0.3051562500000152,0.0,0.4019383084700043,0.109108359378326,0.131204534174972,0.020054877015555,0.0918969752244842,0.17051209312545978,6.542275680534142,0.470038251513576,0.031373990954646,0.4085452292424698,0.5315312737846821,14.981780679195818,0.16405898913976902,0.004538765848499,0.155163008076711,0.17295497020282705,36.14616717758384
2014-07-25,0.094,0.10726666666667203,0.8763206960844806,0.30168750000001515,0.0,0.373357167305876,0.10912098788962901,0.131256546419708,0.02005736240025,0.09194411611521801,0.17056897672419802,6.544058176765604,0.469857107687397,0.03134839811628,0.4084142473794882,0.5312999679953059,14.988233400142455,0.16406937631961402,0.004539118276986,0.15517270449672144,0.17296604814250655,36.1456490683406
2014-07-28,0.098,0.10640000000000538,0.9210526315789008,0.2992500000000151,0.0,0.3967314281393852,0.10923037137993699,0.131147737881625,0.020052795418656996,0.09184425886105728,0.17045121690219273,6.540122468890577,0.46957924160509795,0.031347495144207004,0.4081381511224523,0.5310203320877437,14.979801079636605,0.16403500939465301,0.004538076850136,0.15514037876838646,0.17292964002091954,36.146370987465225
2014-07-29,0.094,0.10476666666667203,0.8972319440024993,0.2946562500000151,0.0,0.3842161776716049,0.10933400142174499,0.131172708751433,0.020047759596879,0.09187909994155016,0.17046631756131586,6.543010859520242,0.468823820358375,0.031284532014528,0.4075061376099001,0.5301415031068499,14.98580257299857,0.16399635492526998,0.004536903498755999,0.15510402406770826,0.17288868578283173,36.14719928916777
2014-07-30,0.1,0.1035000000000054,0.9661835748791768,0.2910937500000152,0.0,0.4208812349143888,0.10928601483972099,0.13127761678045902,0.020048696263327,0.0919821721043381,0.17057306145657994,6.547937833772688,0.468593555439771,0.031244872680485,0.4073536049860204,0.5298335058935216,14.997454469783792,0.163985628285616,0.004536615813462,0.15509386129123048,0.1728773952800015,36.147127071901686
2014-07-31,0.08199999999999999,0.10226666666667204,0.8018252933506749,0.2876250000000151,0.0,0.33560342683587263,0.109461976163989,0.131526758397581,0.020064813423312,0.09219972408788947,0.17085379270727252,6.555095012484263,0.467477539982973,0.031134722693350998,0.406453483504005,0.5285015964619411,15.014668496880724,0.16407751547884195,0.004539638734069,0.1551798235600667,0.17297520739761718,36.1432979782039
2014-08-01,0.08199999999999999,0.10080000000000536,0.8134920634920201,0.28350000000001513,0.0,0.34142274178104737,0.109452892645953,0.13135325278987,0.020063118987993997,0.09202953957340176,0.17067696600633825,6.547000636764087,0.46795398115888,0.03120667776991,0.4067888927298564,0.5291190695879036,14.995315573453693,0.164045985434973,0.004538728166606,0.15515007822842525,0.17294189264152074,36.14360221921905
2014-08-04,0.084,0.09943333333333873,0.8447871270532563,0.27965625000001515,0.0,0.35720187743752463,0.10942705434830803,0.131454558343477,0.020064564196304,0.09212801251872116,0.17078110416823286,6.551578048612387,0.4676768462835421,0.031167973532941002,0.40658761815897776,0.5287660744081064,15.00504502768699,0.164041265082127,0.004538629668586,0.15514555093169846,0.17293697923255555,36.14334657386559
2014-08-05,0.08800000000000001,0.09830000000000537,0.8952187182095136,0.27646875000001514,0.0,0.3831655840323738,0.109365311374539,0.131546696853981,0.02006921571159,0.0922110340592646,0.1708823596486974,6.5546506024156175,0.467659199561446,0.031151128966683997,0.4066029867867454,0.5287154123361467,15.012592322468052,0.16404934746601,0.004538960676514,0.15515298454004256,0.17294571039197745,36.14249145511192
2014-08-06,0.083,0.09723333333333872,0.8536167295165795,0.27346875000001514,0.0,0.3616992166204352,0.10941358247598199,0.13155708090508805,0.020073272116309,0.0922134675571224,0.1709006942530537,6.55384334665608,0.4674495862179749,0.031140355999938,0.4064144884580964,0.5284846839778534,15.011054665492615,0.16405524464500598,0.0045392530991439995,0.15515830857068375,0.17295218071932822,36.14146227623771
2014-08-07,0.07400000000000001,0.09610000000000538,0.7700312174817469,0.2702812500000151,0.0,0.3199145038521101,0.109563973946862,0.131539813777035,0.020078318089325,0.09218631032195801,0.170893317232112,6.5513362818457885,0.46700502497293,0.031124902970444002,0.40600021515085977,0.5280098347950002,15.004224283571052,0.164079102493609,0.004540096212465999,0.15518051391717566,0.17297769107004235,36.140005589104454
2014-08-08,0.073,0.09450000000000536,0.7724867724867285,0.2657812500000151,0.0,0.321117475620302,0.10958606066122804,0.131533216093929,0.020079181211258,0.09217802091986334,0.1708884112679947,6.550726083401267,0.46693377614630394,0.03112733157523,0.4059242062588532,0.5279433460337548,15.000764682247214,0.16407900662368602,0.0045401263570809995,0.15518035896380725,0.1729776542835648,36.13974451785244
2014-08-11,0.067,0.09276666666667203,0.7222421846927358,0.2609062500000151,0.0,0.29678635255527297,0.10973934437796601,0.131522045342704,0.020080264907805,0.0921647261234062,0.1708793645620018,6.549816247273773,0.4663677259910421,0.031100454696467,0.4054108347859668,0.5273246171961175,14.995527574843535,0.16408719745889802,0.004540434200060999,0.15518794642677847,0.17298644849101755,36.139098207103366
2014-08-12,0.069,0.09136666666667202,0.7551988325428234,0.2569687500000151,0.0,0.3126787565620947,0.109706389926319,0.131631438320538,0.020081346483102,0.09227199921365807,0.17099087742741792,6.554910968310858,0.466124313945086,0.03106579144843,0.4052353627061632,0.5270132651840088,15.004424230390578,0.164087935046571,0.004540475801441,0.15518860247574662,0.17298726761739536,36.13892953564705
2014-08-13,0.059000000000000004,0.08943333333333871,0.6597092806559425,0.25153125000001514,0.0,0.2673087580791447,0.109995780954252,0.13159553280077002,0.020085621307077,0.0922277150388991,0.17096335056264095,6.551728263163112,0.4651996872390121,0.0310280609077,0.4043846878599201,0.5260146866181041,14.992870119175361,0.164118783747836,0.004541533196893,0.15521737868192573,0.17302018881374628,36.1373079602541
2014-08-14,0.053,0.08770000000000537,0.6043329532496781,0.2466562500000151,0.0,0.2419109867462781,0.11029448747605,0.131337895026627,0.020081859120981,0.09197745114950424,0.17069833890374975,6.5401263018226174,0.464881574834008,0.031078761183273997,0.4039672029147909,0.5257959467532249,14.958175845316394,0.164124377430556,0.004541691619884,0.15522266185558334,0.17302609300552865,36.13727905082834
2014-08-15,0.040999999999999995,0.0856333333333387,0.4787855196574242,0.2408437500000151,0.0,0.1866125717650373,0.11108945300345098,0.13067885975792198,0.020073034089952,0.09133571294161606,0.1700220065742279,6.51016977166076,0.464206247650425,0.031212337199973,0.4030300667384779,0.525382428562372,14.872524434050488,0.16418163211571302,0.004543287134227999,0.15527678933262615,0.17308647489879989,36.13719037892288
2014-08-18,0.052000000000000005,0.08400000000000536,0.6190476190475795,0.2362500000000151,0.0,0.24859703530438826,0.110665228915804,0.131136385606906,0.020068279464887002,0.09180255785572748,0.17047021335808452,6.534510635869522,0.46475326642009296,0.031162068192085,0.4036756127636064,0.5258309200765796,14.914070001879573,0.164251150073168,0.004544938992543,0.15534306964778374,0.17315923049855228,36.139352000687296
2014-08-19,0.046,0.08250000000000535,0.5575757575757214,0.23203125000001504,0.0,0.2209573905174943,0.11106795406458501,0.130853066212589,0.020058807583858997,0.09153780334822537,0.17016832907695262,6.523471829795422,0.464133550698644,0.031199181341357005,0.4029831552695843,0.5252839461277037,14.876465687367359,0.16426226808647304,0.004545118086713,0.15535383663651556,0.17317069953643052,36.14037412288281
2014-08-20,0.047,0.08093333333333869,0.5807248764414772,0.2276250000000151,0.0,0.2312764791810581,0.11115206459499599,0.130807182381771,0.020046463061779998,0.0915161147806822,0.1700982499828598,6.525200080365647,0.46392502103697597,0.031204724874554002,0.4027637602828502,0.5250862817911018,14.86714024565179,0.16425872829351598,0.004544712747672,0.15535109130807884,0.1731663652789531,36.142818570358074
2014-08-21,0.053,0.07960000000000536,0.6658291457285983,0.2238750000000151,0.0,0.2701555653367413,0.110978967636836,0.131121655513324,0.020041399813017,0.09184051187981067,0.1704027991468373,6.542539779490004,0.463528762747238,0.031112957247895007,0.40254736654136375,0.5245101589531121,14.898254738501413,0.16425775844527699,0.004544493427539,0.15535055132730058,0.17316496556325345,36.14434943395494
2014-08-22,0.049,0.07820000000000535,0.6265984654731029,0.21993750000001505,0.0,0.2520454224654839,0.111199710639524,0.13094292099031,0.020038638986143997,0.09166718857746776,0.17021865340315226,6.534521684873376,0.46325060718773103,0.031146759620604,0.4022029583313471,0.5242982560441148,14.873155757791492,0.164259628087782,0.004544542950314,0.15535232390516654,0.17316693227039742,36.14436696575106
2014-08-25,0.019,0.07573333333333869,0.2508802816901231,0.21300000000001507,0.0,0.09343400664609,0.114431912658834,0.128977318851205,0.020083719041783,0.08961322952931032,0.16834140817309967,6.421983825947622,0.46092912983777395,0.031614300768664,0.3989651003311926,0.5228931593443554,14.579766707813409,0.16495949722779502,0.004566093475205,0.15600995401639325,0.1739090404391968,36.127052177879065
2014-08-26,0.03,0.07356666666667201,0.4077933846850633,0.20690625000001506,0.0,0.15664586088817384,0.11365521864041,0.129962988748302,0.020030983878643,0.09070226034616173,0.1692237171504423,6.488098115183773,0.46119024058370295,0.031428698675080004,0.39958999118054617,0.5227904899868598,14.67417551555778,0.16507244573021201,0.004567435691195,0.15612027177546978,0.1740246196849542,36.141164734612396
2014-08-27,0.024,0.07133333333333866,0.3364485981308161,0.20062500000001496,0.0,0.1274086528795786,0.11482283730584401,0.12893128095449402,0.019982174899807997,0.08976621815087034,0.16809634375811772,6.452314705529681,0.4601677320479461,0.031627484437232005,0.3981778625509714,0.5221576015449209,14.549615318322095,0.16507502144857505,0.004566505855434,0.15612466997192442,0.17402537292522569,36.14908787473722
2014-08-28,0.022000000000000002,0.06903333333333865,0.31868662481890353,0.19415625000001496,0.0,0.12026075259096745,0.115771279361357,0.127921034482904,0.019913270223721,0.08889102484441086,0.16695104412139716,6.423908933376592,0.459817590165698,0.031862835415932995,0.3973664327504693,0.5222687475809267,14.431157307983089,0.165041888301349,0.00456395414529,0.1560965381765806,0.1739872384261174,36.1620391106876
2014-08-29,0.013000000000000001,0.06616666666667198,0.19647355163726385,0.18609375000001493,0.0,0.07241722375629064,0.118682893917122,0.125313975531016,0.019806950945729002,0.08649235167738717,0.16413559938464484,6.326767601655487,0.45801916012322097,0.032425906745684,0.3944643829016804,0.5215739373447617,14.125099529689827,0.165069044128487,0.004562525610147,0.15612649393259884,0.17401159432437513,36.17931344020645
